method,path,normalized_path,handler,controller,controller_file,module,declaring_module,mounted,guards,guard_count,scopes,body_auth_check,unguarded
GET,/,/,getHello,AppController,apps/server/src/app.controller.ts,(server root),AppModule,TRUE,,0,,,TRUE
GET,/healthz,/healthz,healthz,AppController,apps/server/src/app.controller.ts,(server root),AppModule,TRUE,,0,,,TRUE
GET,/readyz,/readyz,readyz,AppController,apps/server/src/app.controller.ts,(server root),AppModule,TRUE,,0,,,TRUE
GET,/healthz/events,/healthz/events,eventHealth,AppController,apps/server/src/app.controller.ts,(server root),AppModule,TRUE,,0,,,TRUE
GET,/connectors/businesses/:businessId/dashboard,/connectors/businesses/:param/dashboard,getDashboard,ConnectorController,apps/server/src/core/connectors/connector.controller.ts,core/connectors,ConnectorModule,TRUE,AuthGuard BusinessGuard,2,,,FALSE
GET,/connectors/businesses/:businessId/list,/connectors/businesses/:param/list,listConnectors,ConnectorController,apps/server/src/core/connectors/connector.controller.ts,core/connectors,ConnectorModule,TRUE,AuthGuard BusinessGuard,2,,,FALSE
GET,/connectors/businesses/:businessId/statuses,/connectors/businesses/:param/statuses,getStatuses,ConnectorController,apps/server/src/core/connectors/connector.controller.ts,core/connectors,ConnectorModule,TRUE,AuthGuard BusinessGuard,2,,,FALSE
GET,/connectors/businesses/:businessId/health/:type,/connectors/businesses/:param/health/:param,getHealth,ConnectorController,apps/server/src/core/connectors/connector.controller.ts,core/connectors,ConnectorModule,TRUE,AuthGuard BusinessGuard,2,,,FALSE
POST,/connectors/businesses/:businessId/sync/:type,/connectors/businesses/:param/sync/:param,sync,ConnectorController,apps/server/src/core/connectors/connector.controller.ts,core/connectors,ConnectorModule,TRUE,AuthGuard BusinessGuard,2,,,FALSE
POST,/connectors/businesses/:businessId/disconnect/:type,/connectors/businesses/:param/disconnect/:param,disconnect,ConnectorController,apps/server/src/core/connectors/connector.controller.ts,core/connectors,ConnectorModule,TRUE,AuthGuard BusinessGuard,2,,,FALSE
POST,/connectors/businesses/:businessId/authenticate/:type,/connectors/businesses/:param/authenticate/:param,authenticate,ConnectorController,apps/server/src/core/connectors/connector.controller.ts,core/connectors,ConnectorModule,TRUE,AuthGuard BusinessGuard,2,,,FALSE
POST,/connectors/businesses/:businessId/reconnect/:type,/connectors/businesses/:param/reconnect/:param,reconnect,ConnectorController,apps/server/src/core/connectors/connector.controller.ts,core/connectors,ConnectorModule,TRUE,AuthGuard BusinessGuard,2,,,FALSE
POST,/connectors/businesses/:businessId/test/:type,/connectors/businesses/:param/test/:param,test,ConnectorController,apps/server/src/core/connectors/connector.controller.ts,core/connectors,ConnectorModule,TRUE,AuthGuard BusinessGuard,2,,,FALSE
POST,/connectors/businesses/:businessId/smoke/:type,/connectors/businesses/:param/smoke/:param,smoke,ConnectorController,apps/server/src/core/connectors/connector.controller.ts,core/connectors,ConnectorModule,TRUE,AuthGuard BusinessGuard,2,,,FALSE
GET,/connectors/businesses/:businessId/needs-attention,/connectors/businesses/:param/needs-attention,needsAttention,ConnectorController,apps/server/src/core/connectors/connector.controller.ts,core/connectors,ConnectorModule,TRUE,AuthGuard BusinessGuard,2,,,FALSE
POST,/connectors/businesses/:businessId/health-check/run,/connectors/businesses/:param/health-check/run,runHealthCheck,ConnectorController,apps/server/src/core/connectors/connector.controller.ts,core/connectors,ConnectorModule,TRUE,AuthGuard BusinessGuard,2,,,FALSE
GET,/connectors/businesses/:businessId/inbox-config/:type,/connectors/businesses/:param/inbox-config/:param,getInboxConfig,ConnectorController,apps/server/src/core/connectors/connector.controller.ts,core/connectors,ConnectorModule,TRUE,AuthGuard BusinessGuard,2,,,FALSE
PATCH,/connectors/businesses/:businessId/inbox-config/:type,/connectors/businesses/:param/inbox-config/:param,updateInboxConfig,ConnectorController,apps/server/src/core/connectors/connector.controller.ts,core/connectors,ConnectorModule,TRUE,AuthGuard BusinessGuard,2,,,FALSE
GET,/connectors/businesses/:businessId/credentials/:type,/connectors/businesses/:param/credentials/:param,getCredentials,ConnectorController,apps/server/src/core/connectors/connector.controller.ts,core/connectors,ConnectorModule,TRUE,AuthGuard BusinessGuard,2,,,FALSE
POST,/connectors/businesses/:businessId/credentials/:type,/connectors/businesses/:param/credentials/:param,saveCredentials,ConnectorController,apps/server/src/core/connectors/connector.controller.ts,core/connectors,ConnectorModule,TRUE,AuthGuard BusinessGuard,2,,,FALSE
DELETE,/connectors/businesses/:businessId/credentials/:type,/connectors/businesses/:param/credentials/:param,deleteCredentials,ConnectorController,apps/server/src/core/connectors/connector.controller.ts,core/connectors,ConnectorModule,TRUE,AuthGuard BusinessGuard,2,,,FALSE
GET,/connectors/businesses/:businessId/webhook-info/:type,/connectors/businesses/:param/webhook-info/:param,getWebhookInfo,ConnectorController,apps/server/src/core/connectors/connector.controller.ts,core/connectors,ConnectorModule,TRUE,AuthGuard BusinessGuard,2,,,FALSE
GET,/connectors/businesses/:businessId/activity,/connectors/businesses/:param/activity,listActivity,ConnectorController,apps/server/src/core/connectors/connector.controller.ts,core/connectors,ConnectorModule,TRUE,AuthGuard BusinessGuard,2,,,FALSE
POST,/webhooks/forms/:businessId/:type,/webhooks/forms/:param/:param,ingest,FormWebhookController,apps/server/src/core/connectors/form-webhook.controller.ts,core/connectors,ConnectorModule,TRUE,,0,,,TRUE
POST,/connect/google-suite/businesses/:businessId/auth-url,/connect/google-suite/businesses/:param/auth-url,buildAuthUrl,GoogleSuiteController,apps/server/src/core/connectors/google-suite.controller.ts,core/connectors,ConnectorModule,TRUE,AuthGuard BusinessGuard,2,,,FALSE
GET,/connect/google-suite/callback,/connect/google-suite/callback,callback,GoogleSuiteController,apps/server/src/core/connectors/google-suite.controller.ts,core/connectors,ConnectorModule,TRUE,,0,,,TRUE
POST,/actions/send-receipt,/actions/send-receipt,sendReceipt,ActionsController,apps/server/src/modules/actions/actions.controller.ts,actions,ActionsModule,TRUE,AuthGuard BusinessGuard,2,,,FALSE
POST,/actions/remind-contact,/actions/remind-contact,remindContact,ActionsController,apps/server/src/modules/actions/actions.controller.ts,actions,ActionsModule,TRUE,AuthGuard BusinessGuard,2,,,FALSE
POST,/actions/booking-followup,/actions/booking-followup,bookingFollowup,ActionsController,apps/server/src/modules/actions/actions.controller.ts,actions,ActionsModule,TRUE,AuthGuard BusinessGuard,2,,,FALSE
GET,/api/admin/analytics/overview,/api/admin/analytics/overview,getOverview,AdminAnalyticsController,apps/server/src/modules/admin-analytics/admin-analytics.controller.ts,admin-analytics,AdminAnalyticsModule,TRUE,AuthGuard AdminGuard,2,,,FALSE
GET,/api/admin/analytics/activation-funnel,/api/admin/analytics/activation-funnel,getActivationFunnel,AdminAnalyticsController,apps/server/src/modules/admin-analytics/admin-analytics.controller.ts,admin-analytics,AdminAnalyticsModule,TRUE,AuthGuard AdminGuard,2,,,FALSE
GET,/api/admin/analytics/integration-health,/api/admin/analytics/integration-health,getIntegrationHealth,AdminAnalyticsController,apps/server/src/modules/admin-analytics/admin-analytics.controller.ts,admin-analytics,AdminAnalyticsModule,TRUE,AuthGuard AdminGuard,2,,,FALSE
GET,/api/admin/analytics/feature-usage,/api/admin/analytics/feature-usage,getFeatureUsage,AdminAnalyticsController,apps/server/src/modules/admin-analytics/admin-analytics.controller.ts,admin-analytics,AdminAnalyticsModule,TRUE,AuthGuard AdminGuard,2,,,FALSE
GET,/api/admin/analytics/key-quality,/api/admin/analytics/key-quality,getKeyQuality,AdminAnalyticsController,apps/server/src/modules/admin-analytics/admin-analytics.controller.ts,admin-analytics,AdminAnalyticsModule,TRUE,AuthGuard AdminGuard,2,,,FALSE
GET,/api/admin/analytics/feedback-inbox,/api/admin/analytics/feedback-inbox,getFeedbackInbox,AdminAnalyticsController,apps/server/src/modules/admin-analytics/admin-analytics.controller.ts,admin-analytics,AdminAnalyticsModule,TRUE,AuthGuard AdminGuard,2,,,FALSE
GET,/api/admin/analytics/recent-events,/api/admin/analytics/recent-events,getRecentEvents,AdminAnalyticsController,apps/server/src/modules/admin-analytics/admin-analytics.controller.ts,admin-analytics,AdminAnalyticsModule,TRUE,AuthGuard AdminGuard,2,,,FALSE
GET,/api/admin/analytics/roadmap-insights,/api/admin/analytics/roadmap-insights,getRoadmapInsights,AdminAnalyticsController,apps/server/src/modules/admin-analytics/admin-analytics.controller.ts,admin-analytics,AdminAnalyticsModule,TRUE,AuthGuard AdminGuard,2,,,FALSE
POST,/api/admin/auth/login,/api/admin/auth/login,login,AdminAuthController,apps/server/src/modules/admin-auth/admin-auth.controller.ts,admin-auth,AdminAuthModule,TRUE,RateLimitGuard,1,,,FALSE
POST,/api/admin/auth/logout,/api/admin/auth/logout,logout,AdminAuthController,apps/server/src/modules/admin-auth/admin-auth.controller.ts,admin-auth,AdminAuthModule,TRUE,,0,,TRUE,FALSE
GET,/api/admin/auth/me,/api/admin/auth/me,me,AdminAuthController,apps/server/src/modules/admin-auth/admin-auth.controller.ts,admin-auth,AdminAuthModule,TRUE,,0,,TRUE,FALSE
GET,/api/admin/businesses,/api/admin/businesses,listBusinesses,AdminBusinessController,apps/server/src/modules/admin-platform/admin-business.controller.ts,admin-platform,AdminPlatformModule,TRUE,AuthGuard AdminGuard,2,,,FALSE
POST,/api/admin/businesses/:businessId/gdpr-delete,/api/admin/businesses/:param/gdpr-delete,gdprDelete,AdminBusinessController,apps/server/src/modules/admin-platform/admin-business.controller.ts,admin-platform,AdminPlatformModule,TRUE,AuthGuard AdminGuard,2,,,FALSE
GET,/api/admin/events,/api/admin/events,listEvents,AdminEventController,apps/server/src/modules/admin-platform/admin-event.controller.ts,admin-platform,AdminPlatformModule,TRUE,AuthGuard AdminGuard,2,,,FALSE
GET,/api/admin/users,/api/admin/users,listUsers,AdminUserController,apps/server/src/modules/admin-platform/admin-user.controller.ts,admin-platform,AdminPlatformModule,TRUE,AuthGuard AdminGuard,2,,,FALSE
GET,/ai/businesses/:businessId/agent/states,/ai/businesses/:param/agent/states,getActiveAgentStates,AgentController,apps/server/src/modules/ai/agent.controller.ts,ai,AiModule,TRUE,AuthGuard BusinessGuard,2,,,FALSE
GET,/ai/businesses/:businessId/agent/states/:planId,/ai/businesses/:param/agent/states/:param,getAgentState,AgentController,apps/server/src/modules/ai/agent.controller.ts,ai,AiModule,TRUE,AuthGuard BusinessGuard,2,,,FALSE
POST,/ai/businesses/:businessId/agent/states/:planId/pause,/ai/businesses/:param/agent/states/:param/pause,pausePlan,AgentController,apps/server/src/modules/ai/agent.controller.ts,ai,AiModule,TRUE,AuthGuard BusinessGuard,2,,,FALSE
POST,/ai/businesses/:businessId/agent/states/:planId/resume,/ai/businesses/:param/agent/states/:param/resume,resumePlan,AgentController,apps/server/src/modules/ai/agent.controller.ts,ai,AiModule,TRUE,AuthGuard BusinessGuard,2,,,FALSE
POST,/ai/businesses/:businessId/agent/states/:planId/abort,/ai/businesses/:param/agent/states/:param/abort,abortPlan,AgentController,apps/server/src/modules/ai/agent.controller.ts,ai,AiModule,TRUE,AuthGuard BusinessGuard,2,,,FALSE
GET,/ai/businesses/:businessId/agent/messages,/ai/businesses/:param/agent/messages,getAgentMessages,AgentController,apps/server/src/modules/ai/agent.controller.ts,ai,AiModule,TRUE,AuthGuard BusinessGuard,2,,,FALSE
POST,/ai/businesses/:businessId/agent/messages/:messageId/processed,/ai/businesses/:param/agent/messages/:param/processed,markMessageProcessed,AgentController,apps/server/src/modules/ai/agent.controller.ts,ai,AiModule,TRUE,AuthGuard BusinessGuard,2,,,FALSE
GET,/ai/businesses/:businessId/agent/patterns,/ai/businesses/:param/agent/patterns,getDetectedPatterns,AgentController,apps/server/src/modules/ai/agent.controller.ts,ai,AiModule,TRUE,AuthGuard BusinessGuard,2,,,FALSE
POST,/ai/businesses/:businessId/agent/patterns/scan,/ai/businesses/:param/agent/patterns/scan,triggerPatternScan,AgentController,apps/server/src/modules/ai/agent.controller.ts,ai,AiModule,TRUE,AuthGuard BusinessGuard,2,,,FALSE
GET,/ai/businesses/:businessId/agent/triggers,/ai/businesses/:param/agent/triggers,getAgentTriggers,AgentController,apps/server/src/modules/ai/agent.controller.ts,ai,AiModule,TRUE,AuthGuard BusinessGuard,2,,,FALSE
POST,/ai/businesses/:businessId/agent/triggers,/ai/businesses/:param/agent/triggers,createAgentTrigger,AgentController,apps/server/src/modules/ai/agent.controller.ts,ai,AiModule,TRUE,AuthGuard BusinessGuard,2,,,FALSE
PUT,/ai/businesses/:businessId/agent/triggers/:triggerId,/ai/businesses/:param/agent/triggers/:param,updateAgentTrigger,AgentController,apps/server/src/modules/ai/agent.controller.ts,ai,AiModule,TRUE,AuthGuard BusinessGuard,2,,,FALSE
GET,/ai/businesses/:businessId/agent/calendar/availability,/ai/businesses/:param/agent/calendar/availability,checkCalendarAvailability,AgentController,apps/server/src/modules/ai/agent.controller.ts,ai,AiModule,TRUE,AuthGuard BusinessGuard,2,,,FALSE
GET,/ai/businesses/:businessId/agent/calendar/slots,/ai/businesses/:param/agent/calendar/slots,findCalendarSlots,AgentController,apps/server/src/modules/ai/agent.controller.ts,ai,AiModule,TRUE,AuthGuard BusinessGuard,2,,,FALSE
GET,/ai/businesses/:businessId/agent/undo,/ai/businesses/:param/agent/undo,getUndoableActions,AgentController,apps/server/src/modules/ai/agent.controller.ts,ai,AiModule,TRUE,AuthGuard BusinessGuard,2,,,FALSE
POST,/ai/businesses/:businessId/agent/undo/:undoId,/ai/businesses/:param/agent/undo/:param,undoAction,AgentController,apps/server/src/modules/ai/agent.controller.ts,ai,AiModule,TRUE,AuthGuard BusinessGuard,2,,,FALSE
POST,/ai/businesses/:businessId/agent/documents/process,/ai/businesses/:param/agent/documents/process,processDocument,AgentController,apps/server/src/modules/ai/agent.controller.ts,ai,AiModule,TRUE,AuthGuard BusinessGuard,2,,,FALSE
POST,/ai/businesses/:businessId/agent/memory/backfill,/ai/businesses/:param/agent/memory/backfill,backfillSemanticMemory,AgentController,apps/server/src/modules/ai/agent.controller.ts,ai,AiModule,TRUE,AuthGuard BusinessGuard,2,,,FALSE
GET,/ai/businesses/:businessId/agent/memory/search,/ai/businesses/:param/agent/memory/search,searchSemanticMemory,AgentController,apps/server/src/modules/ai/agent.controller.ts,ai,AiModule,TRUE,AuthGuard BusinessGuard,2,,,FALSE
GET,/ai/businesses/:businessId/agent/queue/stats,/ai/businesses/:param/agent/queue/stats,getQueueStats,AgentController,apps/server/src/modules/ai/agent.controller.ts,ai,AiModule,TRUE,AuthGuard BusinessGuard,2,,,FALSE
GET,/ai-approvals/businesses/:businessId/items,/ai-approvals/businesses/:param/items,listItems,AiApprovalsController,apps/server/src/modules/ai/ai-approvals.controller.ts,ai,AiModule,TRUE,AuthGuard BusinessGuard ModuleScopeGuard,3,operations,,FALSE
GET,/ai-approvals/businesses/:businessId/items/:itemId,/ai-approvals/businesses/:param/items/:param,getItem,AiApprovalsController,apps/server/src/modules/ai/ai-approvals.controller.ts,ai,AiModule,TRUE,AuthGuard BusinessGuard ModuleScopeGuard,3,operations,,FALSE
POST,/ai-approvals/businesses/:businessId/items/:itemId/resolve,/ai-approvals/businesses/:param/items/:param/resolve,resolveItem,AiApprovalsController,apps/server/src/modules/ai/ai-approvals.controller.ts,ai,AiModule,TRUE,AuthGuard BusinessGuard ModuleScopeGuard,3,"operations,write",,FALSE
POST,/ai-approvals/businesses/:businessId/items/bulk-resolve,/ai-approvals/businesses/:param/items/bulk-resolve,bulkResolve,AiApprovalsController,apps/server/src/modules/ai/ai-approvals.controller.ts,ai,AiModule,TRUE,AuthGuard BusinessGuard ModuleScopeGuard,3,"operations,write",,FALSE
GET,/ai-approvals/businesses/:businessId/stats,/ai-approvals/businesses/:param/stats,getStats,AiApprovalsController,apps/server/src/modules/ai/ai-approvals.controller.ts,ai,AiModule,TRUE,AuthGuard BusinessGuard ModuleScopeGuard,3,operations,,FALSE
GET,/ai/intelligence/cross-business,/ai/intelligence/cross-business,getCrossBusinessIntelligence,AiIntelligenceController,apps/server/src/modules/ai/ai-intelligence.controller.ts,ai,AiModule,TRUE,AuthGuard,1,,,FALSE
GET,/ai/businesses/:businessId/ai/settings/workload-config,/ai/businesses/:param/ai/settings/workload-config,getWorkloadConfig,AiSettingsController,apps/server/src/modules/ai/ai-settings.controller.ts,ai,AiModule,TRUE,AuthGuard BusinessGuard RateLimitGuard ModuleScopeGuard,4,"operations,read",,FALSE
PATCH,/ai/businesses/:businessId/ai/settings/workload-config/:membershipId,/ai/businesses/:param/ai/settings/workload-config/:param,updateWorkloadConfig,AiSettingsController,apps/server/src/modules/ai/ai-settings.controller.ts,ai,AiModule,TRUE,AuthGuard BusinessGuard RateLimitGuard ModuleScopeGuard,4,"operations,write",,FALSE
PATCH,/ai/businesses/:businessId/ai/settings/staff-workload-config/:staffId,/ai/businesses/:param/ai/settings/staff-workload-config/:param,updateStaffWorkloadConfig,AiSettingsController,apps/server/src/modules/ai/ai-settings.controller.ts,ai,AiModule,TRUE,AuthGuard BusinessGuard RateLimitGuard ModuleScopeGuard,4,"operations,write",,FALSE
GET,/ai/businesses/:businessId/ai/settings/skills,/ai/businesses/:param/ai/settings/skills,listSkills,AiSettingsController,apps/server/src/modules/ai/ai-settings.controller.ts,ai,AiModule,TRUE,AuthGuard BusinessGuard RateLimitGuard ModuleScopeGuard,4,"operations,read",,FALSE
POST,/ai/businesses/:businessId/ai/settings/skills,/ai/businesses/:param/ai/settings/skills,createSkill,AiSettingsController,apps/server/src/modules/ai/ai-settings.controller.ts,ai,AiModule,TRUE,AuthGuard BusinessGuard RateLimitGuard ModuleScopeGuard,4,"operations,write",,FALSE
DELETE,/ai/businesses/:businessId/ai/settings/skills/:id,/ai/businesses/:param/ai/settings/skills/:param,deleteSkill,AiSettingsController,apps/server/src/modules/ai/ai-settings.controller.ts,ai,AiModule,TRUE,AuthGuard BusinessGuard RateLimitGuard ModuleScopeGuard,4,"operations,write",,FALSE
POST,/ai/businesses/:businessId/ai/settings/memberships/:membershipId/skills/:skillId,/ai/businesses/:param/ai/settings/memberships/:param/skills/:param,assignSkillToMembership,AiSettingsController,apps/server/src/modules/ai/ai-settings.controller.ts,ai,AiModule,TRUE,AuthGuard BusinessGuard RateLimitGuard ModuleScopeGuard,4,"operations,write",,FALSE
DELETE,/ai/businesses/:businessId/ai/settings/memberships/:membershipId/skills/:skillId,/ai/businesses/:param/ai/settings/memberships/:param/skills/:param,removeSkillFromMembership,AiSettingsController,apps/server/src/modules/ai/ai-settings.controller.ts,ai,AiModule,TRUE,AuthGuard BusinessGuard RateLimitGuard ModuleScopeGuard,4,"operations,write",,FALSE
POST,/ai/businesses/:businessId/ai/settings/staff/:staffId/skills/:skillId,/ai/businesses/:param/ai/settings/staff/:param/skills/:param,assignSkillToStaff,AiSettingsController,apps/server/src/modules/ai/ai-settings.controller.ts,ai,AiModule,TRUE,AuthGuard BusinessGuard RateLimitGuard ModuleScopeGuard,4,"operations,write",,FALSE
DELETE,/ai/businesses/:businessId/ai/settings/staff/:staffId/skills/:skillId,/ai/businesses/:param/ai/settings/staff/:param/skills/:param,removeSkillFromStaff,AiSettingsController,apps/server/src/modules/ai/ai-settings.controller.ts,ai,AiModule,TRUE,AuthGuard BusinessGuard RateLimitGuard ModuleScopeGuard,4,"operations,write",,FALSE
GET,/ai/businesses/:businessId/ai/settings/authority-grants,/ai/businesses/:param/ai/settings/authority-grants,listAuthorityGrants,AiSettingsController,apps/server/src/modules/ai/ai-settings.controller.ts,ai,AiModule,TRUE,AuthGuard BusinessGuard RateLimitGuard ModuleScopeGuard,4,"operations,read",,FALSE
POST,/ai/businesses/:businessId/ai/settings/authority-grants,/ai/businesses/:param/ai/settings/authority-grants,createAuthorityGrant,AiSettingsController,apps/server/src/modules/ai/ai-settings.controller.ts,ai,AiModule,TRUE,AuthGuard BusinessGuard RateLimitGuard ModuleScopeGuard,4,"operations,write",,FALSE
DELETE,/ai/businesses/:businessId/ai/settings/authority-grants/:id,/ai/businesses/:param/ai/settings/authority-grants/:param,revokeAuthorityGrant,AiSettingsController,apps/server/src/modules/ai/ai-settings.controller.ts,ai,AiModule,TRUE,AuthGuard BusinessGuard RateLimitGuard ModuleScopeGuard,4,"operations,write",,FALSE
GET,/ai/businesses/:businessId/ai/settings/team-capacity,/ai/businesses/:param/ai/settings/team-capacity,getTeamCapacity,AiSettingsController,apps/server/src/modules/ai/ai-settings.controller.ts,ai,AiModule,TRUE,AuthGuard BusinessGuard RateLimitGuard ModuleScopeGuard,4,"operations,read",,FALSE
GET,/api/admin/ai-usage/businesses/:businessId/summary,/api/admin/ai-usage/businesses/:param/summary,businessSummary,AiUsageAdminController,apps/server/src/modules/ai/ai-usage-admin.controller.ts,ai,AiModule,TRUE,AuthGuard,1,,,FALSE
GET,/api/admin/ai-usage/businesses/:businessId/history,/api/admin/ai-usage/businesses/:param/history,businessHistory,AiUsageAdminController,apps/server/src/modules/ai/ai-usage-admin.controller.ts,ai,AiModule,TRUE,AuthGuard,1,,,FALSE
GET,/api/admin/ai-usage/businesses/:businessId/alerts,/api/admin/ai-usage/businesses/:param/alerts,businessAlerts,AiUsageAdminController,apps/server/src/modules/ai/ai-usage-admin.controller.ts,ai,AiModule,TRUE,AuthGuard,1,,,FALSE
GET,/api/admin/ai-usage/platform-summary,/api/admin/ai-usage/platform-summary,platformSummary,AiUsageAdminController,apps/server/src/modules/ai/ai-usage-admin.controller.ts,ai,AiModule,TRUE,AuthGuard,1,,,FALSE
GET,/api/admin/ai-usage/platform-alerts,/api/admin/ai-usage/platform-alerts,platformAlerts,AiUsageAdminController,apps/server/src/modules/ai/ai-usage-admin.controller.ts,ai,AiModule,TRUE,AuthGuard,1,,,FALSE
GET,/api/admin/ai-usage/health,/api/admin/ai-usage/health,health,AiUsageAdminController,apps/server/src/modules/ai/ai-usage-admin.controller.ts,ai,AiModule,TRUE,AuthGuard,1,,,FALSE
GET,/ai/health,/ai/health,health,AiController,apps/server/src/modules/ai/ai.controller.ts,ai,AiModule,TRUE,CrmRateLimitGuard,1,,,FALSE
POST,/ai/businesses/:businessId/ai/chat,/ai/businesses/:param/ai/chat,chat,AiController,apps/server/src/modules/ai/ai.controller.ts,ai,AiModule,TRUE,CrmRateLimitGuard AuthGuard BusinessGuard,3,,,FALSE
GET,/ai/businesses/:businessId/ai/briefing,/ai/businesses/:param/ai/briefing,briefing,AiController,apps/server/src/modules/ai/ai.controller.ts,ai,AiModule,TRUE,CrmRateLimitGuard AuthGuard BusinessGuard,3,,,FALSE
GET,/ai/businesses/:businessId/ai/cash-flow-forecast,/ai/businesses/:param/ai/cash-flow-forecast,cashFlowForecast,AiController,apps/server/src/modules/ai/ai.controller.ts,ai,AiModule,TRUE,CrmRateLimitGuard AuthGuard BusinessGuard,3,,,FALSE
POST,/ai/businesses/:businessId/ai/simulate,/ai/businesses/:param/ai/simulate,simulate,AiController,apps/server/src/modules/ai/ai.controller.ts,ai,AiModule,TRUE,CrmRateLimitGuard AuthGuard BusinessGuard,3,,,FALSE
POST,/ai/businesses/:businessId/ai/business-model,/ai/businesses/:param/ai/business-model,generateBusinessModel,AiController,apps/server/src/modules/ai/ai.controller.ts,ai,AiModule,TRUE,CrmRateLimitGuard AuthGuard BusinessGuard,3,,,FALSE
GET,/ai/businesses/:businessId/ai/business-plan,/ai/businesses/:param/ai/business-plan,getBusinessPlan,AiController,apps/server/src/modules/ai/ai.controller.ts,ai,AiModule,TRUE,CrmRateLimitGuard AuthGuard BusinessGuard,3,,,FALSE
GET,/ai/businesses/:businessId/ai/business-plan/history,/ai/businesses/:param/ai/business-plan/history,getBusinessPlanHistory,AiController,apps/server/src/modules/ai/ai.controller.ts,ai,AiModule,TRUE,CrmRateLimitGuard AuthGuard BusinessGuard,3,,,FALSE
PUT,/ai/businesses/:businessId/ai/business-plan/:planId,/ai/businesses/:param/ai/business-plan/:param,updateBusinessPlan,AiController,apps/server/src/modules/ai/ai.controller.ts,ai,AiModule,TRUE,CrmRateLimitGuard AuthGuard BusinessGuard,3,,,FALSE
POST,/ai/businesses/:businessId/ai/seo-score,/ai/businesses/:param/ai/seo-score,seoScore,AiController,apps/server/src/modules/ai/ai.controller.ts,ai,AiModule,TRUE,CrmRateLimitGuard AuthGuard BusinessGuard,3,,,FALSE
GET,/ai/businesses/:businessId/ai/usage,/ai/businesses/:param/ai/usage,getUsageSummary,AiController,apps/server/src/modules/ai/ai.controller.ts,ai,AiModule,TRUE,CrmRateLimitGuard AuthGuard BusinessGuard,3,,,FALSE
GET,/ai/businesses/:businessId/ai/usage/history,/ai/businesses/:param/ai/usage/history,getUsageHistory,AiController,apps/server/src/modules/ai/ai.controller.ts,ai,AiModule,TRUE,CrmRateLimitGuard AuthGuard BusinessGuard,3,,,FALSE
GET,/ai/businesses/:businessId/ai/credits,/ai/businesses/:param/ai/credits,getCredits,AiController,apps/server/src/modules/ai/ai.controller.ts,ai,AiModule,TRUE,CrmRateLimitGuard AuthGuard BusinessGuard,3,,,FALSE
GET,/ai/businesses/:businessId/ai/billing,/ai/businesses/:param/ai/billing,getBilling,AiController,apps/server/src/modules/ai/ai.controller.ts,ai,AiModule,TRUE,CrmRateLimitGuard AuthGuard BusinessGuard,3,,,FALSE
GET,/ai/businesses/:businessId/ai/graph,/ai/businesses/:param/ai/graph,getBusinessGraph,AiController,apps/server/src/modules/ai/ai.controller.ts,ai,AiModule,TRUE,CrmRateLimitGuard AuthGuard BusinessGuard,3,,,FALSE
POST,/ai/businesses/:businessId/ai/intent,/ai/businesses/:param/ai/intent,parseIntent,AiController,apps/server/src/modules/ai/ai.controller.ts,ai,AiModule,TRUE,CrmRateLimitGuard AuthGuard BusinessGuard,3,,,FALSE
POST,/ai/businesses/:businessId/ai/plan,/ai/businesses/:param/ai/plan,createPlan,AiController,apps/server/src/modules/ai/ai.controller.ts,ai,AiModule,TRUE,CrmRateLimitGuard AuthGuard BusinessGuard,3,,,FALSE
GET,/ai/businesses/:businessId/ai/plans,/ai/businesses/:param/ai/plans,listPlans,AiController,apps/server/src/modules/ai/ai.controller.ts,ai,AiModule,TRUE,CrmRateLimitGuard AuthGuard BusinessGuard,3,,,FALSE
GET,/ai/businesses/:businessId/ai/plans/:planId,/ai/businesses/:param/ai/plans/:param,getPlan,AiController,apps/server/src/modules/ai/ai.controller.ts,ai,AiModule,TRUE,CrmRateLimitGuard AuthGuard BusinessGuard,3,,,FALSE
POST,/ai/businesses/:businessId/ai/plans/:planId/approve,/ai/businesses/:param/ai/plans/:param/approve,approvePlan,AiController,apps/server/src/modules/ai/ai.controller.ts,ai,AiModule,TRUE,CrmRateLimitGuard AuthGuard BusinessGuard,3,,,FALSE
POST,/ai/businesses/:businessId/ai/plans/:planId/steps/:stepId/undo,/ai/businesses/:param/ai/plans/:param/steps/:param/undo,undoPlanStep,AiController,apps/server/src/modules/ai/ai.controller.ts,ai,AiModule,TRUE,CrmRateLimitGuard AuthGuard BusinessGuard,3,,,FALSE
GET,/ai/businesses/:businessId/ai/workflows,/ai/businesses/:param/ai/workflows,listWorkflows,AiController,apps/server/src/modules/ai/ai.controller.ts,ai,AiModule,TRUE,CrmRateLimitGuard AuthGuard BusinessGuard,3,,,FALSE
POST,/ai/businesses/:businessId/ai/workflows/:templateKey/instantiate,/ai/businesses/:param/ai/workflows/:param/instantiate,instantiateWorkflow,AiController,apps/server/src/modules/ai/ai.controller.ts,ai,AiModule,TRUE,CrmRateLimitGuard AuthGuard BusinessGuard,3,,,FALSE
GET,/ai/businesses/:businessId/ai/suggestions,/ai/businesses/:param/ai/suggestions,getSuggestions,AiController,apps/server/src/modules/ai/ai.controller.ts,ai,AiModule,TRUE,CrmRateLimitGuard AuthGuard BusinessGuard,3,,,FALSE
POST,/ai/businesses/:businessId/ai/suggestions/refresh,/ai/businesses/:param/ai/suggestions/refresh,refreshSuggestions,AiController,apps/server/src/modules/ai/ai.controller.ts,ai,AiModule,TRUE,CrmRateLimitGuard AuthGuard BusinessGuard,3,,,FALSE
POST,/ai/businesses/:businessId/ai/suggestions/:suggestionId/dismiss,/ai/businesses/:param/ai/suggestions/:param/dismiss,dismissSuggestion,AiController,apps/server/src/modules/ai/ai.controller.ts,ai,AiModule,TRUE,CrmRateLimitGuard AuthGuard BusinessGuard,3,,,FALSE
POST,/ai/businesses/:businessId/ai/suggestions/:category/block,/ai/businesses/:param/ai/suggestions/:param/block,blockSuggestionCategory,AiController,apps/server/src/modules/ai/ai.controller.ts,ai,AiModule,TRUE,CrmRateLimitGuard AuthGuard BusinessGuard,3,,,FALSE
GET,/ai/businesses/:businessId/ai/execution-logs,/ai/businesses/:param/ai/execution-logs,getExecutionLogs,AiController,apps/server/src/modules/ai/ai.controller.ts,ai,AiModule,TRUE,CrmRateLimitGuard AuthGuard BusinessGuard,3,,,FALSE
GET,/ai/businesses/:businessId/ai/execution-stats,/ai/businesses/:param/ai/execution-stats,getExecutionStats,AiController,apps/server/src/modules/ai/ai.controller.ts,ai,AiModule,TRUE,CrmRateLimitGuard AuthGuard BusinessGuard,3,,,FALSE
GET,/ai/businesses/:businessId/ai/approvals,/ai/businesses/:param/ai/approvals,getPendingApprovals,AiController,apps/server/src/modules/ai/ai.controller.ts,ai,AiModule,TRUE,CrmRateLimitGuard AuthGuard BusinessGuard,3,,,FALSE
GET,/ai/businesses/:businessId/ai/approvals/history,/ai/businesses/:param/ai/approvals/history,getApprovalHistory,AiController,apps/server/src/modules/ai/ai.controller.ts,ai,AiModule,TRUE,CrmRateLimitGuard AuthGuard BusinessGuard,3,,,FALSE
POST,/ai/businesses/:businessId/ai/approvals/:approvalId/resolve,/ai/businesses/:param/ai/approvals/:param/resolve,resolveApproval,AiController,apps/server/src/modules/ai/ai.controller.ts,ai,AiModule,TRUE,CrmRateLimitGuard AuthGuard BusinessGuard,3,,,FALSE
POST,/ai/businesses/:businessId/ai/approvals/batch-resolve,/ai/businesses/:param/ai/approvals/batch-resolve,resolveApprovalsBatch,AiController,apps/server/src/modules/ai/ai.controller.ts,ai,AiModule,TRUE,CrmRateLimitGuard AuthGuard BusinessGuard,3,,,FALSE
GET,/ai/businesses/:businessId/ai/health,/ai/businesses/:param/ai/health,getAgentHealth,AiController,apps/server/src/modules/ai/ai.controller.ts,ai,AiModule,TRUE,CrmRateLimitGuard AuthGuard BusinessGuard,3,,,FALSE
GET,/ai/businesses/:businessId/ai/governance,/ai/businesses/:param/ai/governance,getGovernanceSettings,AiController,apps/server/src/modules/ai/ai.controller.ts,ai,AiModule,TRUE,CrmRateLimitGuard AuthGuard BusinessGuard,3,,,FALSE
PUT,/ai/businesses/:businessId/ai/governance,/ai/businesses/:param/ai/governance,updateGovernanceSettings,AiController,apps/server/src/modules/ai/ai.controller.ts,ai,AiModule,TRUE,CrmRateLimitGuard AuthGuard BusinessGuard,3,,,FALSE
GET,/ai/businesses/:businessId/ai/memory,/ai/businesses/:param/ai/memory,getMemory,AiController,apps/server/src/modules/ai/ai.controller.ts,ai,AiModule,TRUE,CrmRateLimitGuard AuthGuard BusinessGuard,3,,,FALSE
PUT,/ai/businesses/:businessId/ai/memory,/ai/businesses/:param/ai/memory,upsertMemory,AiController,apps/server/src/modules/ai/ai.controller.ts,ai,AiModule,TRUE,CrmRateLimitGuard AuthGuard BusinessGuard,3,,,FALSE
PUT,/ai/businesses/:businessId/ai/memory/bulk,/ai/businesses/:param/ai/memory/bulk,upsertMemoryBulk,AiController,apps/server/src/modules/ai/ai.controller.ts,ai,AiModule,TRUE,CrmRateLimitGuard AuthGuard BusinessGuard,3,,,FALSE
DELETE,/ai/businesses/:businessId/ai/memory/:category/:key,/ai/businesses/:param/ai/memory/:param/:param,deleteMemory,AiController,apps/server/src/modules/ai/ai.controller.ts,ai,AiModule,TRUE,CrmRateLimitGuard AuthGuard BusinessGuard,3,,,FALSE
GET,/ai/businesses/:businessId/ai/memory/context,/ai/businesses/:param/ai/memory/context,getMemoryContext,AiController,apps/server/src/modules/ai/ai.controller.ts,ai,AiModule,TRUE,CrmRateLimitGuard AuthGuard BusinessGuard,3,,,FALSE
POST,/ai/businesses/:businessId/ai/memory/summarize-patterns,/ai/businesses/:param/ai/memory/summarize-patterns,summarizePatterns,AiController,apps/server/src/modules/ai/ai.controller.ts,ai,AiModule,TRUE,CrmRateLimitGuard AuthGuard BusinessGuard,3,,,FALSE
GET,/ai/businesses/:businessId/ai/strategic/dashboard,/ai/businesses/:param/ai/strategic/dashboard,strategicDashboard,AiController,apps/server/src/modules/ai/ai.controller.ts,ai,AiModule,TRUE,CrmRateLimitGuard AuthGuard BusinessGuard,3,,,FALSE
GET,/ai/businesses/:businessId/ai/strategic/revenue-forecast,/ai/businesses/:param/ai/strategic/revenue-forecast,revenueForecast,AiController,apps/server/src/modules/ai/ai.controller.ts,ai,AiModule,TRUE,CrmRateLimitGuard AuthGuard BusinessGuard,3,,,FALSE
GET,/ai/businesses/:businessId/ai/strategic/profitability,/ai/businesses/:param/ai/strategic/profitability,profitability,AiController,apps/server/src/modules/ai/ai.controller.ts,ai,AiModule,TRUE,CrmRateLimitGuard AuthGuard BusinessGuard,3,,,FALSE
GET,/ai/businesses/:businessId/ai/strategic/pricing-advisor,/ai/businesses/:param/ai/strategic/pricing-advisor,pricingAdvisor,AiController,apps/server/src/modules/ai/ai.controller.ts,ai,AiModule,TRUE,CrmRateLimitGuard AuthGuard BusinessGuard,3,,,FALSE
GET,/ai/businesses/:businessId/ai/strategic/seasonal-patterns,/ai/businesses/:param/ai/strategic/seasonal-patterns,seasonalPatterns,AiController,apps/server/src/modules/ai/ai.controller.ts,ai,AiModule,TRUE,CrmRateLimitGuard AuthGuard BusinessGuard,3,,,FALSE
GET,/ai/businesses/:businessId/ai/strategic/opportunities,/ai/businesses/:param/ai/strategic/opportunities,opportunities,AiController,apps/server/src/modules/ai/ai.controller.ts,ai,AiModule,TRUE,CrmRateLimitGuard AuthGuard BusinessGuard,3,,,FALSE
GET,/ai/businesses/:businessId/ai/strategic/risks,/ai/businesses/:param/ai/strategic/risks,risks,AiController,apps/server/src/modules/ai/ai.controller.ts,ai,AiModule,TRUE,CrmRateLimitGuard AuthGuard BusinessGuard,3,,,FALSE
GET,/ai/businesses/:businessId/ai/strategic/weekly-plan,/ai/businesses/:param/ai/strategic/weekly-plan,weeklyPlan,AiController,apps/server/src/modules/ai/ai.controller.ts,ai,AiModule,TRUE,CrmRateLimitGuard AuthGuard BusinessGuard,3,,,FALSE
GET,/ai/businesses/:businessId/ai/strategic/actions,/ai/businesses/:param/ai/strategic/actions,strategicActions,AiController,apps/server/src/modules/ai/ai.controller.ts,ai,AiModule,TRUE,CrmRateLimitGuard AuthGuard BusinessGuard,3,,,FALSE
GET,/ai/businesses/:businessId/ai/monitoring/insights,/ai/businesses/:param/ai/monitoring/insights,monitoringInsights,AiController,apps/server/src/modules/ai/ai.controller.ts,ai,AiModule,TRUE,CrmRateLimitGuard AuthGuard BusinessGuard,3,,,FALSE
GET,/ai/businesses/:businessId/ai/control-tower,/ai/businesses/:param/ai/control-tower,controlTower,AiController,apps/server/src/modules/ai/ai.controller.ts,ai,AiModule,TRUE,CrmRateLimitGuard AuthGuard BusinessGuard,3,,,FALSE
GET,/ai/businesses/:businessId/ai/workspace-recommendations,/ai/businesses/:param/ai/workspace-recommendations,workspaceRecommendations,AiController,apps/server/src/modules/ai/ai.controller.ts,ai,AiModule,TRUE,CrmRateLimitGuard AuthGuard BusinessGuard,3,,,FALSE
GET,/ai/businesses/:businessId/ai/automation-coverage,/ai/businesses/:param/ai/automation-coverage,automationCoverage,AiController,apps/server/src/modules/ai/ai.controller.ts,ai,AiModule,TRUE,CrmRateLimitGuard AuthGuard BusinessGuard,3,,,FALSE
GET,/ai/businesses/:businessId/ai/cross-module-links,/ai/businesses/:param/ai/cross-module-links,crossModuleLinks,AiController,apps/server/src/modules/ai/ai.controller.ts,ai,AiModule,TRUE,CrmRateLimitGuard AuthGuard BusinessGuard,3,,,FALSE
POST,/ai/businesses/:businessId/ai/profile/chat,/ai/businesses/:param/ai/profile/chat,profileChat,AiController,apps/server/src/modules/ai/ai.controller.ts,ai,AiModule,TRUE,CrmRateLimitGuard AuthGuard BusinessGuard,3,,,FALSE
GET,/ai/businesses/:businessId/ai/profile/status,/ai/businesses/:param/ai/profile/status,profileStatus,AiController,apps/server/src/modules/ai/ai.controller.ts,ai,AiModule,TRUE,CrmRateLimitGuard AuthGuard BusinessGuard,3,,,FALSE
POST,/ai/businesses/:businessId/ai/profile/confirm,/ai/businesses/:param/ai/profile/confirm,profileConfirm,AiController,apps/server/src/modules/ai/ai.controller.ts,ai,AiModule,TRUE,CrmRateLimitGuard AuthGuard BusinessGuard,3,,,FALSE
POST,/ai/businesses/:businessId/ai/profile/reset,/ai/businesses/:param/ai/profile/reset,profileReset,AiController,apps/server/src/modules/ai/ai.controller.ts,ai,AiModule,TRUE,CrmRateLimitGuard AuthGuard BusinessGuard,3,,,FALSE
GET,/ai/businesses/:businessId/ai/providers,/ai/businesses/:param/ai/providers,getAiProviders,AiController,apps/server/src/modules/ai/ai.controller.ts,ai,AiModule,TRUE,CrmRateLimitGuard AuthGuard BusinessGuard,3,,,FALSE
GET,/ai/businesses/:businessId/ai/preferences,/ai/businesses/:param/ai/preferences,getAiPreferences,AiController,apps/server/src/modules/ai/ai.controller.ts,ai,AiModule,TRUE,CrmRateLimitGuard AuthGuard BusinessGuard,3,,,FALSE
PUT,/ai/businesses/:businessId/ai/preferences,/ai/businesses/:param/ai/preferences,updateAiPreferences,AiController,apps/server/src/modules/ai/ai.controller.ts,ai,AiModule,TRUE,CrmRateLimitGuard AuthGuard BusinessGuard,3,,,FALSE
GET,/ai/businesses/:businessId/ai/budget-status,/ai/businesses/:param/ai/budget-status,getBudgetStatus,AiController,apps/server/src/modules/ai/ai.controller.ts,ai,AiModule,TRUE,CrmRateLimitGuard AuthGuard BusinessGuard,3,,,FALSE
GET,/ai/businesses/:businessId/ai/provider-health,/ai/businesses/:param/ai/provider-health,getProviderHealth,AiController,apps/server/src/modules/ai/ai.controller.ts,ai,AiModule,TRUE,CrmRateLimitGuard AuthGuard BusinessGuard,3,,,FALSE
GET,/ai/businesses/:businessId/ai/provider-stats,/ai/businesses/:param/ai/provider-stats,getProviderStats,AiController,apps/server/src/modules/ai/ai.controller.ts,ai,AiModule,TRUE,CrmRateLimitGuard AuthGuard BusinessGuard,3,,,FALSE
GET,/ai/businesses/:businessId/ai/routing-config,/ai/businesses/:param/ai/routing-config,getRoutingConfig,AiController,apps/server/src/modules/ai/ai.controller.ts,ai,AiModule,TRUE,CrmRateLimitGuard AuthGuard BusinessGuard,3,,,FALSE
PUT,/ai/businesses/:businessId/ai/routing-config,/ai/businesses/:param/ai/routing-config,updateRoutingConfig,AiController,apps/server/src/modules/ai/ai.controller.ts,ai,AiModule,TRUE,CrmRateLimitGuard AuthGuard BusinessGuard,3,,,FALSE
POST,/ai/businesses/:businessId/key/command,/ai/businesses/:param/key/command,executeKeyCommand,AiController,apps/server/src/modules/ai/ai.controller.ts,ai,AiModule,TRUE,CrmRateLimitGuard AuthGuard BusinessGuard,3,,,FALSE
GET,/ai/businesses/:businessId/key/commands,/ai/businesses/:param/key/commands,listKeyCommands,AiController,apps/server/src/modules/ai/ai.controller.ts,ai,AiModule,TRUE,CrmRateLimitGuard AuthGuard BusinessGuard,3,,,FALSE
GET,/ai/businesses/:businessId/briefing/morning,/ai/businesses/:param/briefing/morning,morningBriefing,AiController,apps/server/src/modules/ai/ai.controller.ts,ai,AiModule,TRUE,CrmRateLimitGuard AuthGuard BusinessGuard,3,,,FALSE
GET,/ai/businesses/:businessId/briefing/eod,/ai/businesses/:param/briefing/eod,endOfDayBriefing,AiController,apps/server/src/modules/ai/ai.controller.ts,ai,AiModule,TRUE,CrmRateLimitGuard AuthGuard BusinessGuard,3,,,FALSE
GET,/ai/businesses/:businessId/autopilot-rules,/ai/businesses/:param/autopilot-rules,getAutopilotRules,AiController,apps/server/src/modules/ai/ai.controller.ts,ai,AiModule,TRUE,CrmRateLimitGuard AuthGuard BusinessGuard,3,,,FALSE
PUT,/ai/businesses/:businessId/autopilot-rules/:ruleId,/ai/businesses/:param/autopilot-rules/:param,updateAutopilotRule,AiController,apps/server/src/modules/ai/ai.controller.ts,ai,AiModule,TRUE,CrmRateLimitGuard AuthGuard BusinessGuard,3,,,FALSE
GET,/ai/businesses/:businessId/journeys,/ai/businesses/:param/journeys,listJourneys,AiController,apps/server/src/modules/ai/ai.controller.ts,ai,AiModule,TRUE,CrmRateLimitGuard AuthGuard BusinessGuard,3,,,FALSE
GET,/ai/businesses/:businessId/journeys/:instanceId,/ai/businesses/:param/journeys/:param,getJourneyInstance,AiController,apps/server/src/modules/ai/ai.controller.ts,ai,AiModule,TRUE,CrmRateLimitGuard AuthGuard BusinessGuard,3,,,FALSE
POST,/ai/businesses/:businessId/journeys/:key/trigger,/ai/businesses/:param/journeys/:param/trigger,triggerJourney,AiController,apps/server/src/modules/ai/ai.controller.ts,ai,AiModule,TRUE,CrmRateLimitGuard AuthGuard BusinessGuard,3,,,FALSE
GET,/ai/businesses/:businessId/briefing,/ai/businesses/:param/briefing,getBriefing,AiController,apps/server/src/modules/ai/ai.controller.ts,ai,AiModule,TRUE,CrmRateLimitGuard AuthGuard BusinessGuard,3,,,FALSE
POST,/ai/businesses/:businessId/briefing/:planId/execute-all,/ai/businesses/:param/briefing/:param/execute-all,executeAllBriefingCards,AiController,apps/server/src/modules/ai/ai.controller.ts,ai,AiModule,TRUE,CrmRateLimitGuard AuthGuard BusinessGuard,3,,,FALSE
POST,/ai/businesses/:businessId/briefing/:planId/skip,/ai/businesses/:param/briefing/:param/skip,skipBriefing,AiController,apps/server/src/modules/ai/ai.controller.ts,ai,AiModule,TRUE,CrmRateLimitGuard AuthGuard BusinessGuard,3,,,FALSE
GET,/ai/businesses/:businessId/inbox,/ai/businesses/:param/inbox,getInbox,AiController,apps/server/src/modules/ai/ai.controller.ts,ai,AiModule,TRUE,CrmRateLimitGuard AuthGuard BusinessGuard,3,,,FALSE
GET,/ai/businesses/:businessId/inbox/:threadId,/ai/businesses/:param/inbox/:param,getThread,AiController,apps/server/src/modules/ai/ai.controller.ts,ai,AiModule,TRUE,CrmRateLimitGuard AuthGuard BusinessGuard,3,,,FALSE
POST,/ai/businesses/:businessId/inbox/:threadId/reply,/ai/businesses/:param/inbox/:param/reply,replyToThread,AiController,apps/server/src/modules/ai/ai.controller.ts,ai,AiModule,TRUE,CrmRateLimitGuard AuthGuard BusinessGuard,3,,,FALSE
POST,/ai/businesses/:businessId/inbox/:threadId/resolve,/ai/businesses/:param/inbox/:param/resolve,resolveThread,AiController,apps/server/src/modules/ai/ai.controller.ts,ai,AiModule,TRUE,CrmRateLimitGuard AuthGuard BusinessGuard,3,,,FALSE
POST,/ai/businesses/:businessId/inbox/:threadId/assign-role,/ai/businesses/:param/inbox/:param/assign-role,assignThreadRole,AiController,apps/server/src/modules/ai/ai.controller.ts,ai,AiModule,TRUE,CrmRateLimitGuard AuthGuard BusinessGuard,3,,,FALSE
GET,/ai/businesses/:businessId/goals,/ai/businesses/:param/goals,listGoals,AiController,apps/server/src/modules/ai/ai.controller.ts,ai,AiModule,TRUE,CrmRateLimitGuard AuthGuard BusinessGuard,3,,,FALSE
POST,/ai/businesses/:businessId/goals,/ai/businesses/:param/goals,createGoal,AiController,apps/server/src/modules/ai/ai.controller.ts,ai,AiModule,TRUE,CrmRateLimitGuard AuthGuard BusinessGuard,3,,,FALSE
GET,/ai/businesses/:businessId/goals/:goalId,/ai/businesses/:param/goals/:param,getGoal,AiController,apps/server/src/modules/ai/ai.controller.ts,ai,AiModule,TRUE,CrmRateLimitGuard AuthGuard BusinessGuard,3,,,FALSE
PUT,/ai/businesses/:businessId/goals/:goalId,/ai/businesses/:param/goals/:param,updateGoal,AiController,apps/server/src/modules/ai/ai.controller.ts,ai,AiModule,TRUE,CrmRateLimitGuard AuthGuard BusinessGuard,3,,,FALSE
DELETE,/ai/businesses/:businessId/goals/:goalId,/ai/businesses/:param/goals/:param,deleteGoal,AiController,apps/server/src/modules/ai/ai.controller.ts,ai,AiModule,TRUE,CrmRateLimitGuard AuthGuard BusinessGuard,3,,,FALSE
POST,/ai/businesses/:businessId/goals/:goalId/progress,/ai/businesses/:param/goals/:param/progress,updateGoalProgress,AiController,apps/server/src/modules/ai/ai.controller.ts,ai,AiModule,TRUE,CrmRateLimitGuard AuthGuard BusinessGuard,3,,,FALSE
GET,/ai/businesses/:businessId/goals/:goalId/actions,/ai/businesses/:param/goals/:param/actions,suggestGoalActions,AiController,apps/server/src/modules/ai/ai.controller.ts,ai,AiModule,TRUE,CrmRateLimitGuard AuthGuard BusinessGuard,3,,,FALSE
GET,/ai/businesses/:businessId/ai/workload,/ai/businesses/:param/ai/workload,getWorkload,AiController,apps/server/src/modules/ai/ai.controller.ts,ai,AiModule,TRUE,CrmRateLimitGuard AuthGuard BusinessGuard,3,,,FALSE
GET,/ai/businesses/:businessId/ai/priorities,/ai/businesses/:param/ai/priorities,getPriorities,AiController,apps/server/src/modules/ai/ai.controller.ts,ai,AiModule,TRUE,CrmRateLimitGuard AuthGuard BusinessGuard,3,,,FALSE
GET,/ai/businesses/:businessId/ai/capacity-alerts,/ai/businesses/:param/ai/capacity-alerts,getCapacityAlerts,AiController,apps/server/src/modules/ai/ai.controller.ts,ai,AiModule,TRUE,CrmRateLimitGuard AuthGuard BusinessGuard,3,,,FALSE
POST,/ai/businesses/:businessId/ai/rebalance,/ai/businesses/:param/ai/rebalance,rebalance,AiController,apps/server/src/modules/ai/ai.controller.ts,ai,AiModule,TRUE,CrmRateLimitGuard AuthGuard BusinessGuard,3,,,FALSE
GET,/ai/businesses/:businessId/ai/agent-config,/ai/businesses/:param/ai/agent-config,getAgentConfig,AiController,apps/server/src/modules/ai/ai.controller.ts,ai,AiModule,TRUE,CrmRateLimitGuard AuthGuard BusinessGuard,3,,,FALSE
PUT,/ai/businesses/:businessId/ai/agent-config,/ai/businesses/:param/ai/agent-config,updateAgentConfig,AiController,apps/server/src/modules/ai/ai.controller.ts,ai,AiModule,TRUE,CrmRateLimitGuard AuthGuard BusinessGuard,3,,,FALSE
POST,/blueprint/businesses/:businessId/onboarding-chat,/blueprint/businesses/:param/onboarding-chat,onboardingChat,BlueprintOnboardingController,apps/server/src/modules/ai/blueprint-onboarding.controller.ts,ai,AiModule,TRUE,AuthGuard BusinessGuard,2,,,FALSE
POST,/blueprint/businesses/:businessId/onboarding-reset,/blueprint/businesses/:param/onboarding-reset,onboardingReset,BlueprintOnboardingController,apps/server/src/modules/ai/blueprint-onboarding.controller.ts,ai,AiModule,TRUE,AuthGuard BusinessGuard,2,,,FALSE
POST,/code-executor/tool-bridge,/code-executor/tool-bridge,toolBridge,CodeExecutorController,apps/server/src/modules/ai/code-executor.controller.ts,ai,AiModule,TRUE,,0,,,TRUE
POST,/ai/businesses/:businessId/flow/chat,/ai/businesses/:param/flow/chat,flowChat,AiFlowController,apps/server/src/modules/ai/flow.controller.ts,ai,AiModule,TRUE,CrmRateLimitGuard AuthGuard BusinessGuard,3,,,FALSE
POST,/ai/businesses/:businessId/flow/chat/stream,/ai/businesses/:param/flow/chat/stream,flowChatStream,AiFlowController,apps/server/src/modules/ai/flow.controller.ts,ai,AiModule,TRUE,CrmRateLimitGuard AuthGuard BusinessGuard,3,,,FALSE
GET,/ai/businesses/:businessId/flow/sessions,/ai/businesses/:param/flow/sessions,listSessions,AiFlowController,apps/server/src/modules/ai/flow.controller.ts,ai,AiModule,TRUE,CrmRateLimitGuard AuthGuard BusinessGuard,3,,,FALSE
POST,/ai/businesses/:businessId/flow/sessions/:sessionId/clear,/ai/businesses/:param/flow/sessions/:param/clear,clearSession,AiFlowController,apps/server/src/modules/ai/flow.controller.ts,ai,AiModule,TRUE,CrmRateLimitGuard AuthGuard BusinessGuard,3,,,FALSE
DELETE,/ai/businesses/:businessId/flow/sessions/:sessionId,/ai/businesses/:param/flow/sessions/:param,deleteSession,AiFlowController,apps/server/src/modules/ai/flow.controller.ts,ai,AiModule,TRUE,CrmRateLimitGuard AuthGuard BusinessGuard,3,,,FALSE
POST,/ai/businesses/:businessId/flow/confirm,/ai/businesses/:param/flow/confirm,confirmAction,AiFlowController,apps/server/src/modules/ai/flow.controller.ts,ai,AiModule,TRUE,CrmRateLimitGuard AuthGuard BusinessGuard,3,,,FALSE
POST,/ai/businesses/:businessId/flow/execute-plan/:planId,/ai/businesses/:param/flow/execute-plan/:param,executePlan,AiFlowController,apps/server/src/modules/ai/flow.controller.ts,ai,AiModule,TRUE,CrmRateLimitGuard AuthGuard BusinessGuard,3,,,FALSE
GET,/graph/business/:businessId,/graph/business/:param,getGraph,GraphActionsController,apps/server/src/modules/ai/graph-actions.controller.ts,ai,AiModule,TRUE,CrmRateLimitGuard AuthGuard BusinessGuard,3,,,FALSE
POST,/actions/businesses/:businessId/plan,/actions/businesses/:param/plan,planAction,GraphActionsController,apps/server/src/modules/ai/graph-actions.controller.ts,ai,AiModule,TRUE,CrmRateLimitGuard AuthGuard BusinessGuard,3,,,FALSE
POST,/actions/businesses/:businessId/execute,/actions/businesses/:param/execute,executeAction,GraphActionsController,apps/server/src/modules/ai/graph-actions.controller.ts,ai,AiModule,TRUE,CrmRateLimitGuard AuthGuard BusinessGuard,3,,,FALSE
GET,/actions/businesses/:businessId/queue,/actions/businesses/:param/queue,getActionQueue,GraphActionsController,apps/server/src/modules/ai/graph-actions.controller.ts,ai,AiModule,TRUE,CrmRateLimitGuard AuthGuard BusinessGuard,3,,,FALSE
GET,/autopilot/businesses/:businessId/coverage,/autopilot/businesses/:param/coverage,getAutopilotCoverage,GraphActionsController,apps/server/src/modules/ai/graph-actions.controller.ts,ai,AiModule,TRUE,CrmRateLimitGuard AuthGuard BusinessGuard,3,,,FALSE
GET,/api/ai/businesses/:businessId/output-templates,/api/ai/businesses/:param/output-templates,list,OutputTemplateController,apps/server/src/modules/ai/output-template.controller.ts,ai,AiModule,TRUE,AuthGuard BusinessGuard,2,,,FALSE
GET,/api/ai/businesses/:businessId/output-templates/options,/api/ai/businesses/:param/output-templates/options,getOptions,OutputTemplateController,apps/server/src/modules/ai/output-template.controller.ts,ai,AiModule,TRUE,AuthGuard BusinessGuard,2,,,FALSE
GET,/api/ai/businesses/:businessId/output-templates/:id,/api/ai/businesses/:param/output-templates/:param,getOne,OutputTemplateController,apps/server/src/modules/ai/output-template.controller.ts,ai,AiModule,TRUE,AuthGuard BusinessGuard,2,,,FALSE
POST,/api/ai/businesses/:businessId/output-templates,/api/ai/businesses/:param/output-templates,create,OutputTemplateController,apps/server/src/modules/ai/output-template.controller.ts,ai,AiModule,TRUE,AuthGuard BusinessGuard,2,,,FALSE
PUT,/api/ai/businesses/:businessId/output-templates/:id,/api/ai/businesses/:param/output-templates/:param,update,OutputTemplateController,apps/server/src/modules/ai/output-template.controller.ts,ai,AiModule,TRUE,AuthGuard BusinessGuard,2,,,FALSE
DELETE,/api/ai/businesses/:businessId/output-templates/:id,/api/ai/businesses/:param/output-templates/:param,remove,OutputTemplateController,apps/server/src/modules/ai/output-template.controller.ts,ai,AiModule,TRUE,AuthGuard BusinessGuard,2,,,FALSE
POST,/api/ai/businesses/:businessId/output-templates/:id/set-default,/api/ai/businesses/:param/output-templates/:param/set-default,setDefault,OutputTemplateController,apps/server/src/modules/ai/output-template.controller.ts,ai,AiModule,TRUE,AuthGuard BusinessGuard,2,,,FALSE
POST,/api/ai/businesses/:businessId/output-templates/reset/:category,/api/ai/businesses/:param/output-templates/reset/:param,resetCategory,OutputTemplateController,apps/server/src/modules/ai/output-template.controller.ts,ai,AiModule,TRUE,AuthGuard BusinessGuard,2,,,FALSE
POST,/api/ai/businesses/:businessId/output-templates/preview,/api/ai/businesses/:param/output-templates/preview,preview,OutputTemplateController,apps/server/src/modules/ai/output-template.controller.ts,ai,AiModule,TRUE,AuthGuard BusinessGuard,2,,,FALSE
GET,/api/businesses/:businessId/analytics/overview,/api/businesses/:param/analytics/overview,getOverview,AnalyticsController,apps/server/src/modules/analytics/analytics.controller.ts,analytics,AnalyticsModule,TRUE,BusinessGuard,1,analytics,,FALSE
GET,/api/businesses/:businessId/analytics/snapshots,/api/businesses/:param/analytics/snapshots,getSnapshots,AnalyticsController,apps/server/src/modules/analytics/analytics.controller.ts,analytics,AnalyticsModule,TRUE,BusinessGuard,1,analytics,,FALSE
GET,/api/businesses/:businessId/analytics/trends,/api/businesses/:param/analytics/trends,getTrends,AnalyticsController,apps/server/src/modules/analytics/analytics.controller.ts,analytics,AnalyticsModule,TRUE,BusinessGuard,1,analytics,,FALSE
GET,/api/businesses/:businessId/analytics/metrics,/api/businesses/:param/analytics/metrics,getMetrics,AnalyticsController,apps/server/src/modules/analytics/analytics.controller.ts,analytics,AnalyticsModule,TRUE,BusinessGuard,1,analytics,,FALSE
POST,/api/businesses/:businessId/analytics/projections/revenue,/api/businesses/:param/analytics/projections/revenue,generateRevenueProjection,AnalyticsController,apps/server/src/modules/analytics/analytics.controller.ts,analytics,AnalyticsModule,TRUE,BusinessGuard,1,analytics,,FALSE
POST,/api/businesses/:businessId/analytics/projections/contacts,/api/businesses/:param/analytics/projections/contacts,generateContactProjection,AnalyticsController,apps/server/src/modules/analytics/analytics.controller.ts,analytics,AnalyticsModule,TRUE,BusinessGuard,1,analytics,,FALSE
GET,/api/businesses/:businessId/analytics/projections,/api/businesses/:param/analytics/projections,getProjections,AnalyticsController,apps/server/src/modules/analytics/analytics.controller.ts,analytics,AnalyticsModule,TRUE,BusinessGuard,1,analytics,,FALSE
POST,/api/businesses/:businessId/analytics/insights/generate,/api/businesses/:param/analytics/insights/generate,generateInsights,AnalyticsController,apps/server/src/modules/analytics/analytics.controller.ts,analytics,AnalyticsModule,TRUE,BusinessGuard,1,analytics,,FALSE
GET,/api/businesses/:businessId/analytics/insights,/api/businesses/:param/analytics/insights,getInsights,AnalyticsController,apps/server/src/modules/analytics/analytics.controller.ts,analytics,AnalyticsModule,TRUE,BusinessGuard,1,analytics,,FALSE
POST,/api/businesses/:businessId/analytics/insights/:id/read,/api/businesses/:param/analytics/insights/:param/read,markInsightRead,AnalyticsController,apps/server/src/modules/analytics/analytics.controller.ts,analytics,AnalyticsModule,TRUE,BusinessGuard,1,analytics,,FALSE
POST,/api/businesses/:businessId/analytics/insights/:id/dismiss,/api/businesses/:param/analytics/insights/:param/dismiss,dismissInsight,AnalyticsController,apps/server/src/modules/analytics/analytics.controller.ts,analytics,AnalyticsModule,TRUE,BusinessGuard,1,analytics,,FALSE
POST,/api/businesses/:businessId/analytics/maturity/assess,/api/businesses/:param/analytics/maturity/assess,assessMaturity,AnalyticsController,apps/server/src/modules/analytics/analytics.controller.ts,analytics,AnalyticsModule,TRUE,BusinessGuard,1,analytics,,FALSE
GET,/api/businesses/:businessId/analytics/maturity/latest,/api/businesses/:param/analytics/maturity/latest,getLatestMaturity,AnalyticsController,apps/server/src/modules/analytics/analytics.controller.ts,analytics,AnalyticsModule,TRUE,BusinessGuard,1,analytics,,FALSE
GET,/api/businesses/:businessId/analytics/maturity/history,/api/businesses/:param/analytics/maturity/history,getMaturityHistory,AnalyticsController,apps/server/src/modules/analytics/analytics.controller.ts,analytics,AnalyticsModule,TRUE,BusinessGuard,1,analytics,,FALSE
GET,/api/businesses/:businessId/api-keys,/api/businesses/:param/api-keys,list,ApiKeysController,apps/server/src/modules/api-keys/api-keys.controller.ts,api-keys,ApiKeysModule,TRUE,AuthGuard BusinessGuard,2,,,FALSE
POST,/api/businesses/:businessId/api-keys,/api/businesses/:param/api-keys,create,ApiKeysController,apps/server/src/modules/api-keys/api-keys.controller.ts,api-keys,ApiKeysModule,TRUE,AuthGuard BusinessGuard,2,,,FALSE
DELETE,/api/businesses/:businessId/api-keys/:keyId,/api/businesses/:param/api-keys/:param,revoke,ApiKeysController,apps/server/src/modules/api-keys/api-keys.controller.ts,api-keys,ApiKeysModule,TRUE,AuthGuard BusinessGuard,2,,,FALSE
POST,/businesses/:businessId/approvals,/businesses/:param/approvals,create,ApprovalController,apps/server/src/modules/approvals/approval.controller.ts,approvals,ApprovalModule,TRUE,AuthGuard BusinessGuard RateLimitGuard,3,,,FALSE
GET,/businesses/:businessId/approvals,/businesses/:param/approvals,list,ApprovalController,apps/server/src/modules/approvals/approval.controller.ts,approvals,ApprovalModule,TRUE,AuthGuard BusinessGuard RateLimitGuard,3,,,FALSE
GET,/businesses/:businessId/approvals/:approvalId,/businesses/:param/approvals/:param,getById,ApprovalController,apps/server/src/modules/approvals/approval.controller.ts,approvals,ApprovalModule,TRUE,AuthGuard BusinessGuard RateLimitGuard,3,,,FALSE
POST,/businesses/:businessId/approvals/:approvalId/approve,/businesses/:param/approvals/:param/approve,approve,ApprovalController,apps/server/src/modules/approvals/approval.controller.ts,approvals,ApprovalModule,TRUE,AuthGuard BusinessGuard RateLimitGuard,3,,,FALSE
POST,/businesses/:businessId/approvals/:approvalId/reject,/businesses/:param/approvals/:param/reject,reject,ApprovalController,apps/server/src/modules/approvals/approval.controller.ts,approvals,ApprovalModule,TRUE,AuthGuard BusinessGuard RateLimitGuard,3,,,FALSE
POST,/businesses/:businessId/approvals/:approvalId/delegate,/businesses/:param/approvals/:param/delegate,delegate,ApprovalController,apps/server/src/modules/approvals/approval.controller.ts,approvals,ApprovalModule,TRUE,AuthGuard BusinessGuard RateLimitGuard,3,,,FALSE
DELETE,/businesses/:businessId/approvals/:approvalId,/businesses/:param/approvals/:param,cancel,ApprovalController,apps/server/src/modules/approvals/approval.controller.ts,approvals,ApprovalModule,TRUE,AuthGuard BusinessGuard RateLimitGuard,3,,,FALSE
GET,/businesses/:businessId/approvals/pending-for-me,/businesses/:param/approvals/pending-for-me,pendingForMe,ApprovalController,apps/server/src/modules/approvals/approval.controller.ts,approvals,ApprovalModule,TRUE,AuthGuard BusinessGuard RateLimitGuard,3,,,FALSE
POST,/businesses/:businessId/approvals/:approvalId/escalate,/businesses/:param/approvals/:param/escalate,escalate,ApprovalController,apps/server/src/modules/approvals/approval.controller.ts,approvals,ApprovalModule,TRUE,AuthGuard BusinessGuard RateLimitGuard,3,,,FALSE
POST,/businesses/:businessId/assets,/businesses/:param/assets,create,AssetController,apps/server/src/modules/assets/asset.controller.ts,assets,AssetModule,TRUE,AuthGuard BusinessGuard RateLimitGuard ModuleScopeGuard,4,"content,write",,FALSE
GET,/businesses/:businessId/assets,/businesses/:param/assets,list,AssetController,apps/server/src/modules/assets/asset.controller.ts,assets,AssetModule,TRUE,AuthGuard BusinessGuard RateLimitGuard ModuleScopeGuard,4,"content,read",,FALSE
GET,/businesses/:businessId/assets/:assetId,/businesses/:param/assets/:param,getById,AssetController,apps/server/src/modules/assets/asset.controller.ts,assets,AssetModule,TRUE,AuthGuard BusinessGuard RateLimitGuard ModuleScopeGuard,4,"content,read",,FALSE
PATCH,/businesses/:businessId/assets/:assetId,/businesses/:param/assets/:param,update,AssetController,apps/server/src/modules/assets/asset.controller.ts,assets,AssetModule,TRUE,AuthGuard BusinessGuard RateLimitGuard ModuleScopeGuard,4,"content,write",,FALSE
POST,/businesses/:businessId/assets/:assetId/tag,/businesses/:param/assets/:param/tag,tag,AssetController,apps/server/src/modules/assets/asset.controller.ts,assets,AssetModule,TRUE,AuthGuard BusinessGuard RateLimitGuard ModuleScopeGuard,4,"content,write",,FALSE
POST,/businesses/:businessId/assets/:assetId/untag,/businesses/:param/assets/:param/untag,untag,AssetController,apps/server/src/modules/assets/asset.controller.ts,assets,AssetModule,TRUE,AuthGuard BusinessGuard RateLimitGuard ModuleScopeGuard,4,"content,write",,FALSE
POST,/businesses/:businessId/assets/:assetId/track-usage,/businesses/:param/assets/:param/track-usage,trackUsage,AssetController,apps/server/src/modules/assets/asset.controller.ts,assets,AssetModule,TRUE,AuthGuard BusinessGuard RateLimitGuard ModuleScopeGuard,4,"content,write",,FALSE
DELETE,/businesses/:businessId/assets/:assetId,/businesses/:param/assets/:param,delete,AssetController,apps/server/src/modules/assets/asset.controller.ts,assets,AssetModule,TRUE,AuthGuard BusinessGuard RateLimitGuard ModuleScopeGuard,4,"content,write",,FALSE
GET,/businesses/:businessId/assets/folders/list,/businesses/:param/assets/folders/list,getFolders,AssetController,apps/server/src/modules/assets/asset.controller.ts,assets,AssetModule,TRUE,AuthGuard BusinessGuard RateLimitGuard ModuleScopeGuard,4,"content,read",,FALSE
GET,/automation/health,/automation/health,health,AutomationController,apps/server/src/modules/automation/automation.controller.ts,automation,AutomationModule,TRUE,,0,,,TRUE
GET,/automation/businesses/:businessId/playbooks,/automation/businesses/:param/playbooks,listPlaybooks,AutomationController,apps/server/src/modules/automation/automation.controller.ts,automation,AutomationModule,TRUE,AuthGuard BusinessGuard,2,,,FALSE
POST,/automation/businesses/:businessId/playbooks,/automation/businesses/:param/playbooks,createPlaybook,AutomationController,apps/server/src/modules/automation/automation.controller.ts,automation,AutomationModule,TRUE,AuthGuard BusinessGuard PlanLimitGuard,3,,,FALSE
PATCH,/automation/businesses/:businessId/playbooks/:playbookId,/automation/businesses/:param/playbooks/:param,updatePlaybook,AutomationController,apps/server/src/modules/automation/automation.controller.ts,automation,AutomationModule,TRUE,AuthGuard BusinessGuard,2,,,FALSE
POST,/automation/businesses/:businessId/playbooks/:playbookId/test-run,/automation/businesses/:param/playbooks/:param/test-run,testRunPlaybook,AutomationController,apps/server/src/modules/automation/automation.controller.ts,automation,AutomationModule,TRUE,AuthGuard BusinessGuard,2,,,FALSE
POST,/automation/businesses/:businessId/ai/generate-flow,/automation/businesses/:param/ai/generate-flow,aiGenerateFlow,AutomationController,apps/server/src/modules/automation/automation.controller.ts,automation,AutomationModule,TRUE,AuthGuard BusinessGuard,2,,,FALSE
POST,/automation/businesses/:businessId/key/interpret,/automation/businesses/:param/key/interpret,keyInterpretFlow,AutomationController,apps/server/src/modules/automation/automation.controller.ts,automation,AutomationModule,TRUE,AuthGuard BusinessGuard,2,,,FALSE
POST,/automation/businesses/:businessId/key/build,/automation/businesses/:param/key/build,keyBuildFlow,AutomationController,apps/server/src/modules/automation/automation.controller.ts,automation,AutomationModule,TRUE,AuthGuard BusinessGuard PlanLimitGuard,3,,,FALSE
POST,/automation/businesses/:businessId/key/execute,/automation/businesses/:param/key/execute,keyExecuteFlow,AutomationController,apps/server/src/modules/automation/automation.controller.ts,automation,AutomationModule,TRUE,AuthGuard BusinessGuard,2,,,FALSE
POST,/automation/businesses/:businessId/key/talk,/automation/businesses/:param/key/talk,keyTalkFlow,AutomationController,apps/server/src/modules/automation/automation.controller.ts,automation,AutomationModule,TRUE,AuthGuard BusinessGuard PlanLimitGuard,3,,,FALSE
GET,/autopilot/businesses/:businessId/tasks/today,/autopilot/businesses/:param/tasks/today,getTodaysTasks,AutopilotController,apps/server/src/modules/autopilot/autopilot.controller.ts,autopilot,AutopilotModule,TRUE,AuthGuard BusinessGuard,2,,,FALSE
GET,/autopilot/businesses/:businessId/tasks,/autopilot/businesses/:param/tasks,getAllTasks,AutopilotController,apps/server/src/modules/autopilot/autopilot.controller.ts,autopilot,AutopilotModule,TRUE,AuthGuard BusinessGuard,2,,,FALSE
POST,/autopilot/businesses/:businessId/tasks,/autopilot/businesses/:param/tasks,createTask,AutopilotController,apps/server/src/modules/autopilot/autopilot.controller.ts,autopilot,AutopilotModule,TRUE,AuthGuard BusinessGuard,2,,,FALSE
PATCH,/autopilot/businesses/:businessId/tasks/:taskId/status,/autopilot/businesses/:param/tasks/:param/status,updateTaskStatus,AutopilotController,apps/server/src/modules/autopilot/autopilot.controller.ts,autopilot,AutopilotModule,TRUE,AuthGuard BusinessGuard,2,,,FALSE
POST,/autopilot/businesses/:businessId/tasks/:taskId/approve,/autopilot/businesses/:param/tasks/:param/approve,approveTask,AutopilotController,apps/server/src/modules/autopilot/autopilot.controller.ts,autopilot,AutopilotModule,TRUE,AuthGuard BusinessGuard,2,,,FALSE
POST,/autopilot/businesses/:businessId/tasks/:taskId/deny,/autopilot/businesses/:param/tasks/:param/deny,denyTask,AutopilotController,apps/server/src/modules/autopilot/autopilot.controller.ts,autopilot,AutopilotModule,TRUE,AuthGuard BusinessGuard,2,,,FALSE
POST,/autopilot/businesses/:businessId/tasks/generate-setup,/autopilot/businesses/:param/tasks/generate-setup,generateSetupTasks,AutopilotController,apps/server/src/modules/autopilot/autopilot.controller.ts,autopilot,AutopilotModule,TRUE,AuthGuard BusinessGuard,2,,,FALSE
GET,/autopilot/businesses/:businessId/stats,/autopilot/businesses/:param/stats,getTaskStats,AutopilotController,apps/server/src/modules/autopilot/autopilot.controller.ts,autopilot,AutopilotModule,TRUE,AuthGuard BusinessGuard,2,,,FALSE
GET,/autopilot/businesses/:businessId/alerts,/autopilot/businesses/:param/alerts,getCriticalAlerts,AutopilotController,apps/server/src/modules/autopilot/autopilot.controller.ts,autopilot,AutopilotModule,TRUE,AuthGuard BusinessGuard,2,,,FALSE
POST,/autopilot/businesses/:businessId/actions/:actionId/draft,/autopilot/businesses/:param/actions/:param/draft,generateDraft,AutopilotController,apps/server/src/modules/autopilot/autopilot.controller.ts,autopilot,AutopilotModule,TRUE,AuthGuard BusinessGuard,2,,,FALSE
POST,/autopilot/businesses/:businessId/actions/:actionId/execute,/autopilot/businesses/:param/actions/:param/execute,executeAction,AutopilotController,apps/server/src/modules/autopilot/autopilot.controller.ts,autopilot,AutopilotModule,TRUE,AuthGuard BusinessGuard,2,,,FALSE
GET,/autopilot/businesses/:businessId/settings,/autopilot/businesses/:param/settings,getSettings,AutopilotController,apps/server/src/modules/autopilot/autopilot.controller.ts,autopilot,AutopilotModule,TRUE,AuthGuard BusinessGuard,2,,,FALSE
PATCH,/autopilot/businesses/:businessId/settings,/autopilot/businesses/:param/settings,updateSettings,AutopilotController,apps/server/src/modules/autopilot/autopilot.controller.ts,autopilot,AutopilotModule,TRUE,AuthGuard BusinessGuard,2,,,FALSE
GET,/autopilot/businesses/:businessId/loops,/autopilot/businesses/:param/loops,getLoops,AutopilotController,apps/server/src/modules/autopilot/autopilot.controller.ts,autopilot,AutopilotModule,TRUE,AuthGuard BusinessGuard,2,,,FALSE
PATCH,/autopilot/businesses/:businessId/loops/:loopId,/autopilot/businesses/:param/loops/:param,updateLoop,AutopilotController,apps/server/src/modules/autopilot/autopilot.controller.ts,autopilot,AutopilotModule,TRUE,AuthGuard BusinessGuard,2,,,FALSE
POST,/autopilot/businesses/:businessId/loops/:loopId/run,/autopilot/businesses/:param/loops/:param/run,runLoop,AutopilotController,apps/server/src/modules/autopilot/autopilot.controller.ts,autopilot,AutopilotModule,TRUE,AuthGuard BusinessGuard,2,,,FALSE
GET,/autopilot/businesses/:businessId/loops/:loopId/runs,/autopilot/businesses/:param/loops/:param/runs,getLoopRuns,AutopilotController,apps/server/src/modules/autopilot/autopilot.controller.ts,autopilot,AutopilotModule,TRUE,AuthGuard BusinessGuard,2,,,FALSE
POST,/autopilot/businesses/:businessId/key/interpret,/autopilot/businesses/:param/key/interpret,keyInterpretDelegation,AutopilotController,apps/server/src/modules/autopilot/autopilot.controller.ts,autopilot,AutopilotModule,TRUE,AuthGuard BusinessGuard,2,,,FALSE
POST,/autopilot/businesses/:businessId/key/build,/autopilot/businesses/:param/key/build,keyBuildDelegation,AutopilotController,apps/server/src/modules/autopilot/autopilot.controller.ts,autopilot,AutopilotModule,TRUE,AuthGuard BusinessGuard,2,,,FALSE
POST,/autopilot/businesses/:businessId/key/execute,/autopilot/businesses/:param/key/execute,keyExecuteDelegation,AutopilotController,apps/server/src/modules/autopilot/autopilot.controller.ts,autopilot,AutopilotModule,TRUE,AuthGuard BusinessGuard,2,,,FALSE
POST,/autopilot/businesses/:businessId/key/talk,/autopilot/businesses/:param/key/talk,keyTalkDelegation,AutopilotController,apps/server/src/modules/autopilot/autopilot.controller.ts,autopilot,AutopilotModule,TRUE,AuthGuard BusinessGuard,2,,,FALSE
GET,/blueprint/businesses/:businessId,/blueprint/businesses/:param,get,BlueprintController,apps/server/src/modules/blueprint/blueprint.controller.ts,blueprint,BlueprintModule,TRUE,AuthGuard BusinessGuard,2,,,FALSE
PATCH,/blueprint/businesses/:businessId,/blueprint/businesses/:param,update,BlueprintController,apps/server/src/modules/blueprint/blueprint.controller.ts,blueprint,BlueprintModule,TRUE,AuthGuard BusinessGuard,2,,,FALSE
POST,/blueprint/businesses/:businessId/infer/onboarding,/blueprint/businesses/:param/infer/onboarding,inferFromOnboarding,BlueprintController,apps/server/src/modules/blueprint/blueprint.controller.ts,blueprint,BlueprintModule,TRUE,AuthGuard BusinessGuard,2,,,FALSE
POST,/blueprint/businesses/:businessId/infer/events,/blueprint/businesses/:param/infer/events,inferFromEvents,BlueprintController,apps/server/src/modules/blueprint/blueprint.controller.ts,blueprint,BlueprintModule,TRUE,AuthGuard BusinessGuard,2,,,FALSE
GET,/blueprint/businesses/:businessId/recommendations,/blueprint/businesses/:param/recommendations,recommendations,BlueprintController,apps/server/src/modules/blueprint/blueprint.controller.ts,blueprint,BlueprintModule,TRUE,AuthGuard BusinessGuard,2,,,FALSE
GET,/blueprint/businesses/:businessId/setup-steps,/blueprint/businesses/:param/setup-steps,setupSteps,BlueprintController,apps/server/src/modules/blueprint/blueprint.controller.ts,blueprint,BlueprintModule,TRUE,AuthGuard BusinessGuard,2,,,FALSE
GET,/blueprint/businesses/:businessId/genome,/blueprint/businesses/:param/genome,getGenome,BlueprintController,apps/server/src/modules/blueprint/blueprint.controller.ts,blueprint,BlueprintModule,TRUE,AuthGuard BusinessGuard,2,,,FALSE
GET,/blueprint/businesses/:businessId/genome/integrity,/blueprint/businesses/:param/genome/integrity,getIntegrity,BlueprintController,apps/server/src/modules/blueprint/blueprint.controller.ts,blueprint,BlueprintModule,TRUE,AuthGuard BusinessGuard,2,,,FALSE
GET,/blueprint/businesses/:businessId/genome/three-pillar-status,/blueprint/businesses/:param/genome/three-pillar-status,getThreePillarStatus,BlueprintController,apps/server/src/modules/blueprint/blueprint.controller.ts,blueprint,BlueprintModule,TRUE,AuthGuard BusinessGuard,2,,,FALSE
GET,/blueprint/businesses/:businessId/genome/recommendations,/blueprint/businesses/:param/genome/recommendations,getGenomeRecommendations,BlueprintController,apps/server/src/modules/blueprint/blueprint.controller.ts,blueprint,BlueprintModule,TRUE,AuthGuard BusinessGuard,2,,,FALSE
GET,/blueprint/businesses/:businessId/genome/constitution,/blueprint/businesses/:param/genome/constitution,getConstitution,BlueprintController,apps/server/src/modules/blueprint/blueprint.controller.ts,blueprint,BlueprintModule,TRUE,AuthGuard BusinessGuard,2,,,FALSE
PATCH,/blueprint/businesses/:businessId/genome/dna/:section,/blueprint/businesses/:param/genome/dna/:param,updateDnaSection,BlueprintController,apps/server/src/modules/blueprint/blueprint.controller.ts,blueprint,BlueprintModule,TRUE,AuthGuard BusinessGuard GenomeGateGuard,3,,,FALSE
POST,/bookings/businesses/:businessId/ai-search,/bookings/businesses/:param/ai-search,aiSearch,BookingsAiController,apps/server/src/modules/bookings/bookings-ai.controller.ts,bookings,BookingsModule,TRUE,CrmRateLimitGuard AuthGuard BusinessGuard FeatureFlagGuard,4,,,FALSE
POST,/bookings/businesses/:businessId/ai-schedule-optimizer,/bookings/businesses/:param/ai-schedule-optimizer,aiScheduleOptimizer,BookingsAiController,apps/server/src/modules/bookings/bookings-ai.controller.ts,bookings,BookingsModule,TRUE,CrmRateLimitGuard AuthGuard BusinessGuard FeatureFlagGuard,4,,,FALSE
POST,/bookings/businesses/:businessId/ai-no-show-predictor,/bookings/businesses/:param/ai-no-show-predictor,aiNoShowPredictor,BookingsAiController,apps/server/src/modules/bookings/bookings-ai.controller.ts,bookings,BookingsModule,TRUE,CrmRateLimitGuard AuthGuard BusinessGuard FeatureFlagGuard,4,,,FALSE
POST,/bookings/businesses/:businessId/ai-revenue-insights,/bookings/businesses/:param/ai-revenue-insights,aiRevenueInsights,BookingsAiController,apps/server/src/modules/bookings/bookings-ai.controller.ts,bookings,BookingsModule,TRUE,CrmRateLimitGuard AuthGuard BusinessGuard FeatureFlagGuard,4,,,FALSE
GET,/bookings/businesses/:businessId,/bookings/businesses/:param,listBookings,BookingsController,apps/server/src/modules/bookings/bookings.controller.ts,bookings,BookingsModule,TRUE,AuthGuard BusinessGuard,2,,,FALSE
GET,/bookings/businesses/:businessId/stats,/bookings/businesses/:param/stats,getBookingStats,BookingsController,apps/server/src/modules/bookings/bookings.controller.ts,bookings,BookingsModule,TRUE,AuthGuard BusinessGuard,2,,,FALSE
POST,/bookings/businesses/:businessId/bookings/:bookingId/status,/bookings/businesses/:param/bookings/:param/status,updateBookingStatus,BookingsController,apps/server/src/modules/bookings/bookings.controller.ts,bookings,BookingsModule,TRUE,AuthGuard BusinessGuard,2,,,FALSE
POST,/bookings/businesses/:businessId/bookings/:bookingId/create-invoice,/bookings/businesses/:param/bookings/:param/create-invoice,createInvoiceFromBooking,BookingsController,apps/server/src/modules/bookings/bookings.controller.ts,bookings,BookingsModule,TRUE,AuthGuard BusinessGuard,2,,,FALSE
POST,/bookings/businesses/:businessId/bookings/:bookingId/reschedule,/bookings/businesses/:param/bookings/:param/reschedule,rescheduleBooking,BookingsController,apps/server/src/modules/bookings/bookings.controller.ts,bookings,BookingsModule,TRUE,AuthGuard BusinessGuard,2,,,FALSE
POST,/bookings/businesses/:businessId/bookings/:bookingId/notes,/bookings/businesses/:param/bookings/:param/notes,updateBookingNotes,BookingsController,apps/server/src/modules/bookings/bookings.controller.ts,bookings,BookingsModule,TRUE,AuthGuard BusinessGuard,2,,,FALSE
PATCH,/bookings/businesses/:businessId/bookings/:bookingId,/bookings/businesses/:param/bookings/:param,updateBooking,BookingsController,apps/server/src/modules/bookings/bookings.controller.ts,bookings,BookingsModule,TRUE,AuthGuard BusinessGuard,2,,,FALSE
POST,/bookings/businesses/:businessId,/bookings/businesses/:param,createBooking,BookingsController,apps/server/src/modules/bookings/bookings.controller.ts,bookings,BookingsModule,TRUE,AuthGuard BusinessGuard PlanLimitGuard,3,,,FALSE
GET,/bookings/public/businesses/:businessId/services,/bookings/public/businesses/:param/services,publicListServices,BookingsController,apps/server/src/modules/bookings/bookings.controller.ts,bookings,BookingsModule,TRUE,PublicRateLimitGuard,1,,,FALSE
GET,/bookings/public/businesses/:businessId/staff,/bookings/public/businesses/:param/staff,publicListStaff,BookingsController,apps/server/src/modules/bookings/bookings.controller.ts,bookings,BookingsModule,TRUE,PublicRateLimitGuard,1,,,FALSE
POST,/bookings/public/businesses/:businessId,/bookings/public/businesses/:param,publicCreateBooking,BookingsController,apps/server/src/modules/bookings/bookings.controller.ts,bookings,BookingsModule,TRUE,PublicRateLimitGuard HoneypotGuard,2,,,FALSE
GET,/bookings/businesses/:businessId/services,/bookings/businesses/:param/services,listServices,BookingsController,apps/server/src/modules/bookings/bookings.controller.ts,bookings,BookingsModule,TRUE,AuthGuard BusinessGuard,2,,,FALSE
POST,/bookings/businesses/:businessId/services,/bookings/businesses/:param/services,createService,BookingsController,apps/server/src/modules/bookings/bookings.controller.ts,bookings,BookingsModule,TRUE,AuthGuard BusinessGuard,2,,,FALSE
PATCH,/bookings/businesses/:businessId/services/:serviceId,/bookings/businesses/:param/services/:param,updateService,BookingsController,apps/server/src/modules/bookings/bookings.controller.ts,bookings,BookingsModule,TRUE,AuthGuard BusinessGuard,2,,,FALSE
DELETE,/bookings/businesses/:businessId/services/:serviceId,/bookings/businesses/:param/services/:param,deleteService,BookingsController,apps/server/src/modules/bookings/bookings.controller.ts,bookings,BookingsModule,TRUE,AuthGuard BusinessGuard,2,,,FALSE
POST,/bookings/businesses/:businessId/services/batch,/bookings/businesses/:param/services/batch,batchServices,BookingsController,apps/server/src/modules/bookings/bookings.controller.ts,bookings,BookingsModule,TRUE,AuthGuard BusinessGuard,2,,,FALSE
GET,/bookings/businesses/:businessId/staff,/bookings/businesses/:param/staff,listStaff,BookingsController,apps/server/src/modules/bookings/bookings.controller.ts,bookings,BookingsModule,TRUE,AuthGuard BusinessGuard,2,,,FALSE
POST,/bookings/businesses/:businessId/staff,/bookings/businesses/:param/staff,createStaff,BookingsController,apps/server/src/modules/bookings/bookings.controller.ts,bookings,BookingsModule,TRUE,AuthGuard BusinessGuard,2,,,FALSE
DELETE,/bookings/businesses/:businessId/staff/:staffId,/bookings/businesses/:param/staff/:param,deleteStaff,BookingsController,apps/server/src/modules/bookings/bookings.controller.ts,bookings,BookingsModule,TRUE,AuthGuard BusinessGuard,2,,,FALSE
GET,/bookings/businesses/:businessId/staff/:staffId/availability,/bookings/businesses/:param/staff/:param/availability,listStaffAvailability,BookingsController,apps/server/src/modules/bookings/bookings.controller.ts,bookings,BookingsModule,TRUE,AuthGuard BusinessGuard,2,,,FALSE
POST,/bookings/businesses/:businessId/staff/:staffId/availability,/bookings/businesses/:param/staff/:param/availability,setStaffAvailability,BookingsController,apps/server/src/modules/bookings/bookings.controller.ts,bookings,BookingsModule,TRUE,AuthGuard BusinessGuard,2,,,FALSE
GET,/bookings/businesses/:businessId/waitlist,/bookings/businesses/:param/waitlist,listWaitlist,BookingsController,apps/server/src/modules/bookings/bookings.controller.ts,bookings,BookingsModule,TRUE,AuthGuard BusinessGuard,2,,,FALSE
POST,/bookings/businesses/:businessId/waitlist,/bookings/businesses/:param/waitlist,addToWaitlist,BookingsController,apps/server/src/modules/bookings/bookings.controller.ts,bookings,BookingsModule,TRUE,AuthGuard BusinessGuard,2,,,FALSE
POST,/bookings/businesses/:businessId/waitlist/:entryId/offer,/bookings/businesses/:param/waitlist/:param/offer,offerWaitlistSlot,BookingsController,apps/server/src/modules/bookings/bookings.controller.ts,bookings,BookingsModule,TRUE,AuthGuard BusinessGuard,2,,,FALSE
POST,/bookings/businesses/:businessId/waitlist/:entryId/convert,/bookings/businesses/:param/waitlist/:param/convert,convertWaitlistEntry,BookingsController,apps/server/src/modules/bookings/bookings.controller.ts,bookings,BookingsModule,TRUE,AuthGuard BusinessGuard,2,,,FALSE
POST,/bookings/businesses/:businessId/waitlist/:entryId/cancel,/bookings/businesses/:param/waitlist/:param/cancel,cancelWaitlistEntry,BookingsController,apps/server/src/modules/bookings/bookings.controller.ts,bookings,BookingsModule,TRUE,AuthGuard BusinessGuard,2,,,FALSE
GET,/bookings/businesses/:businessId/waitlist/matches,/bookings/businesses/:param/waitlist/matches,previewWaitlistMatches,BookingsController,apps/server/src/modules/bookings/bookings.controller.ts,bookings,BookingsModule,TRUE,AuthGuard BusinessGuard,2,,,FALSE
GET,/bookings/businesses/:businessId/calendar/auth-url,/bookings/businesses/:param/calendar/auth-url,getCalendarAuthUrl,BookingsController,apps/server/src/modules/bookings/bookings.controller.ts,bookings,BookingsModule,TRUE,AuthGuard BusinessGuard,2,,,FALSE
GET,/bookings/calendar/callback,/bookings/calendar/callback,handleCalendarCallback,BookingsController,apps/server/src/modules/bookings/bookings.controller.ts,bookings,BookingsModule,TRUE,,0,,,TRUE
GET,/bookings/businesses/:businessId/calendar/status,/bookings/businesses/:param/calendar/status,getCalendarStatus,BookingsController,apps/server/src/modules/bookings/bookings.controller.ts,bookings,BookingsModule,TRUE,AuthGuard BusinessGuard,2,,,FALSE
POST,/bookings/businesses/:businessId/calendar/disconnect,/bookings/businesses/:param/calendar/disconnect,disconnectCalendar,BookingsController,apps/server/src/modules/bookings/bookings.controller.ts,bookings,BookingsModule,TRUE,AuthGuard BusinessGuard,2,,,FALSE
GET,/bookings/businesses/:businessId/calendar/events,/bookings/businesses/:param/calendar/events,listCalendarEvents,BookingsController,apps/server/src/modules/bookings/bookings.controller.ts,bookings,BookingsModule,TRUE,AuthGuard BusinessGuard,2,,,FALSE
POST,/bookings/businesses/:businessId/calendar/events,/bookings/businesses/:param/calendar/events,createExternalCalendarEvent,BookingsController,apps/server/src/modules/bookings/bookings.controller.ts,bookings,BookingsModule,TRUE,AuthGuard BusinessGuard,2,,,FALSE
PATCH,/bookings/businesses/:businessId/calendar/events/:eventId,/bookings/businesses/:param/calendar/events/:param,updateExternalCalendarEvent,BookingsController,apps/server/src/modules/bookings/bookings.controller.ts,bookings,BookingsModule,TRUE,AuthGuard BusinessGuard,2,,,FALSE
DELETE,/bookings/businesses/:businessId/calendar/events/:eventId,/bookings/businesses/:param/calendar/events/:param,deleteExternalCalendarEvent,BookingsController,apps/server/src/modules/bookings/bookings.controller.ts,bookings,BookingsModule,TRUE,AuthGuard BusinessGuard,2,,,FALSE
GET,/bookings/businesses/:businessId/calendar/list,/bookings/businesses/:param/calendar/list,listAvailableCalendars,BookingsController,apps/server/src/modules/bookings/bookings.controller.ts,bookings,BookingsModule,TRUE,AuthGuard BusinessGuard,2,,,FALSE
PATCH,/bookings/businesses/:businessId/calendar/settings,/bookings/businesses/:param/calendar/settings,updateCalendarSettings,BookingsController,apps/server/src/modules/bookings/bookings.controller.ts,bookings,BookingsModule,TRUE,AuthGuard BusinessGuard,2,,,FALSE
GET,/bookings/businesses/:businessId/calendar/conflicts,/bookings/businesses/:param/calendar/conflicts,listCalendarConflicts,BookingsController,apps/server/src/modules/bookings/bookings.controller.ts,bookings,BookingsModule,TRUE,AuthGuard BusinessGuard,2,,,FALSE
POST,/bookings/businesses/:businessId/calendar/conflicts/scan,/bookings/businesses/:param/calendar/conflicts/scan,scanCalendarConflicts,BookingsController,apps/server/src/modules/bookings/bookings.controller.ts,bookings,BookingsModule,TRUE,AuthGuard BusinessGuard,2,,,FALSE
POST,/bookings/businesses/:businessId/calendar/conflicts/:conflictId/resolve,/bookings/businesses/:param/calendar/conflicts/:param/resolve,resolveCalendarConflict,BookingsController,apps/server/src/modules/bookings/bookings.controller.ts,bookings,BookingsModule,TRUE,AuthGuard BusinessGuard,2,,,FALSE
POST,/bookings/businesses/:businessId/bookings/:bookingId/sync-calendar,/bookings/businesses/:param/bookings/:param/sync-calendar,syncBookingToCalendar,BookingsController,apps/server/src/modules/bookings/bookings.controller.ts,bookings,BookingsModule,TRUE,AuthGuard BusinessGuard,2,,,FALSE
GET,/bookings/businesses/:businessId/optimizer/schedule-health,/bookings/businesses/:param/optimizer/schedule-health,getScheduleHealth,BookingsController,apps/server/src/modules/bookings/bookings.controller.ts,bookings,BookingsModule,TRUE,AuthGuard BusinessGuard,2,,,FALSE
GET,/bookings/businesses/:businessId/optimizer/no-show-risks,/bookings/businesses/:param/optimizer/no-show-risks,getNoShowRisks,BookingsController,apps/server/src/modules/bookings/bookings.controller.ts,bookings,BookingsModule,TRUE,AuthGuard BusinessGuard,2,,,FALSE
GET,/bookings/businesses/:businessId/optimizer/reminders,/bookings/businesses/:param/optimizer/reminders,getUpcomingReminders,BookingsController,apps/server/src/modules/bookings/bookings.controller.ts,bookings,BookingsModule,TRUE,AuthGuard BusinessGuard,2,,,FALSE
GET,/bookings/businesses/:businessId/optimizer/rebooking-suggestions,/bookings/businesses/:param/optimizer/rebooking-suggestions,getRebookingSuggestions,BookingsController,apps/server/src/modules/bookings/bookings.controller.ts,bookings,BookingsModule,TRUE,AuthGuard BusinessGuard,2,,,FALSE
GET,/bookings/businesses/:businessId/reminder-settings,/bookings/businesses/:param/reminder-settings,getReminderSettings,BookingsController,apps/server/src/modules/bookings/bookings.controller.ts,bookings,BookingsModule,TRUE,AuthGuard BusinessGuard,2,,,FALSE
PATCH,/bookings/businesses/:businessId/reminder-settings,/bookings/businesses/:param/reminder-settings,updateReminderSettings,BookingsController,apps/server/src/modules/bookings/bookings.controller.ts,bookings,BookingsModule,TRUE,AuthGuard BusinessGuard,2,,,FALSE
GET,/businesses/:businessId/business-assets,/businesses/:param/business-assets,list,BusinessAssetsController,apps/server/src/modules/business-assets/business-assets.controller.ts,business-assets,BusinessAssetsModule,TRUE,AuthGuard BusinessGuard,2,,,FALSE
GET,/businesses/:businessId/business-assets/summary,/businesses/:param/business-assets/summary,summary,BusinessAssetsController,apps/server/src/modules/business-assets/business-assets.controller.ts,business-assets,BusinessAssetsModule,TRUE,AuthGuard BusinessGuard,2,,,FALSE
POST,/businesses/:businessId/business-assets,/businesses/:param/business-assets,create,BusinessAssetsController,apps/server/src/modules/business-assets/business-assets.controller.ts,business-assets,BusinessAssetsModule,TRUE,AuthGuard BusinessGuard,2,,,FALSE
PATCH,/businesses/:businessId/business-assets/:assetId,/businesses/:param/business-assets/:param,update,BusinessAssetsController,apps/server/src/modules/business-assets/business-assets.controller.ts,business-assets,BusinessAssetsModule,TRUE,AuthGuard BusinessGuard,2,,,FALSE
DELETE,/businesses/:businessId/business-assets/:assetId,/businesses/:param/business-assets/:param,remove,BusinessAssetsController,apps/server/src/modules/business-assets/business-assets.controller.ts,business-assets,BusinessAssetsModule,TRUE,AuthGuard BusinessGuard,2,,,FALSE
GET,/business-command-center/businesses/:businessId/snapshot,/business-command-center/businesses/:param/snapshot,snapshot,BusinessCommandCenterController,apps/server/src/modules/business-command-center/business-command-center.controller.ts,business-command-center,BusinessCommandCenterModule,TRUE,AuthGuard BusinessGuard ModuleScopeGuard,3,,,FALSE
POST,/business-genesis/businesses/:businessId/analyze-idea,/business-genesis/businesses/:param/analyze-idea,analyzeIdea,BusinessGenesisController,apps/server/src/modules/business-genesis/business-genesis.controller.ts,business-genesis,BusinessGenesisModule,TRUE,AuthGuard BusinessGuard,2,,,FALSE
GET,/business-genesis/businesses/:businessId/questions/next,/business-genesis/businesses/:param/questions/next,nextQuestions,BusinessGenesisController,apps/server/src/modules/business-genesis/business-genesis.controller.ts,business-genesis,BusinessGenesisModule,TRUE,AuthGuard BusinessGuard,2,,,FALSE
POST,/business-genesis/businesses/:businessId/answers,/business-genesis/businesses/:param/answers,submitAnswers,BusinessGenesisController,apps/server/src/modules/business-genesis/business-genesis.controller.ts,business-genesis,BusinessGenesisModule,TRUE,AuthGuard BusinessGuard,2,,,FALSE
GET,/business-genesis/businesses/:businessId/readiness,/business-genesis/businesses/:param/readiness,readiness,BusinessGenesisController,apps/server/src/modules/business-genesis/business-genesis.controller.ts,business-genesis,BusinessGenesisModule,TRUE,AuthGuard BusinessGuard,2,,,FALSE
POST,/business-genesis/businesses/:businessId/generate-roadmap,/business-genesis/businesses/:param/generate-roadmap,generateRoadmap,BusinessGenesisController,apps/server/src/modules/business-genesis/business-genesis.controller.ts,business-genesis,BusinessGenesisModule,TRUE,AuthGuard BusinessGuard GenomeGateGuard,3,,,FALSE
POST,/business-genesis/businesses/:businessId/generate-document-pack,/business-genesis/businesses/:param/generate-document-pack,generateDocumentPack,BusinessGenesisController,apps/server/src/modules/business-genesis/business-genesis.controller.ts,business-genesis,BusinessGenesisModule,TRUE,AuthGuard BusinessGuard GenomeGateGuard,3,,,FALSE
GET,/business-genesis/businesses/:businessId/document-pack,/business-genesis/businesses/:param/document-pack,getDocumentPack,BusinessGenesisController,apps/server/src/modules/business-genesis/business-genesis.controller.ts,business-genesis,BusinessGenesisModule,TRUE,AuthGuard BusinessGuard,2,,,FALSE
POST,/business-genesis/businesses/:businessId/generate-risk-register,/business-genesis/businesses/:param/generate-risk-register,generateRiskRegister,BusinessGenesisController,apps/server/src/modules/business-genesis/business-genesis.controller.ts,business-genesis,BusinessGenesisModule,TRUE,AuthGuard BusinessGuard GenomeGateGuard,3,,,FALSE
POST,/business-genesis/businesses/:businessId/generate-market-strategy,/business-genesis/businesses/:param/generate-market-strategy,generateMarketStrategy,BusinessGenesisController,apps/server/src/modules/business-genesis/business-genesis.controller.ts,business-genesis,BusinessGenesisModule,TRUE,AuthGuard BusinessGuard GenomeGateGuard,3,,,FALSE
GET,/business-genesis/businesses/:businessId/market-strategy,/business-genesis/businesses/:param/market-strategy,getMarketStrategy,BusinessGenesisController,apps/server/src/modules/business-genesis/business-genesis.controller.ts,business-genesis,BusinessGenesisModule,TRUE,AuthGuard BusinessGuard,2,,,FALSE
GET,/genome-chat/businesses/:businessId/messages,/genome-chat/businesses/:param/messages,getMessages,GenomeChatController,apps/server/src/modules/business-genesis/genome-chat.controller.ts,business-genesis,BusinessGenesisModule,TRUE,AuthGuard BusinessGuard,2,,,FALSE
POST,/genome-chat/businesses/:businessId/messages,/genome-chat/businesses/:param/messages,sendMessage,GenomeChatController,apps/server/src/modules/business-genesis/genome-chat.controller.ts,business-genesis,BusinessGenesisModule,TRUE,AuthGuard BusinessGuard RateLimitGuard,3,,,FALSE
POST,/genome-chat/businesses/:businessId/apply-updates,/genome-chat/businesses/:param/apply-updates,applyUpdates,GenomeChatController,apps/server/src/modules/business-genesis/genome-chat.controller.ts,business-genesis,BusinessGenesisModule,TRUE,AuthGuard BusinessGuard GenomeGateGuard,3,,,FALSE
GET,/business-genome/businesses/:businessId/constitution/latest,/business-genome/businesses/:param/constitution/latest,latest,ConstitutionVersionController,apps/server/src/modules/business-genome/constitution-version.controller.ts,business-genome,BusinessGenomeModule,TRUE,AuthGuard BusinessGuard,2,,,FALSE
GET,/business-genome/businesses/:businessId/constitution/versions,/business-genome/businesses/:param/constitution/versions,versions,ConstitutionVersionController,apps/server/src/modules/business-genome/constitution-version.controller.ts,business-genome,BusinessGenomeModule,TRUE,AuthGuard BusinessGuard,2,,,FALSE
GET,/business-genome/businesses/:businessId/constitution/versions/:version,/business-genome/businesses/:param/constitution/versions/:param,version,ConstitutionVersionController,apps/server/src/modules/business-genome/constitution-version.controller.ts,business-genome,BusinessGenomeModule,TRUE,AuthGuard BusinessGuard,2,,,FALSE
POST,/business-genome/businesses/:businessId/constitution/generate,/business-genome/businesses/:param/constitution/generate,generate,ConstitutionVersionController,apps/server/src/modules/business-genome/constitution-version.controller.ts,business-genome,BusinessGenomeModule,TRUE,AuthGuard BusinessGuard GenomeGateGuard,3,,,FALSE
GET,/business-genome/businesses/:businessId/constitution/staleness,/business-genome/businesses/:param/constitution/staleness,staleness,ConstitutionVersionController,apps/server/src/modules/business-genome/constitution-version.controller.ts,business-genome,BusinessGenomeModule,TRUE,AuthGuard BusinessGuard,2,,,FALSE
POST,/business-genome/businesses/:businessId/constitution/versions/:version/archive,/business-genome/businesses/:param/constitution/versions/:param/archive,archive,ConstitutionVersionController,apps/server/src/modules/business-genome/constitution-version.controller.ts,business-genome,BusinessGenomeModule,TRUE,AuthGuard BusinessGuard,2,,,FALSE
GET,/business-genome/businesses/:businessId/document-pack/executive-brief/export,/business-genome/businesses/:param/document-pack/executive-brief/export,exportExecutiveBrief,GenomeDocumentPackController,apps/server/src/modules/business-genome/document-pack/genome-document-pack.controller.ts,business-genome,GenomeDocumentPackModule,TRUE,AuthGuard BusinessGuard,2,,,FALSE
GET,/business-genome/businesses/:businessId/document-pack/constitution/export,/business-genome/businesses/:param/document-pack/constitution/export,exportConstitution,GenomeDocumentPackController,apps/server/src/modules/business-genome/document-pack/genome-document-pack.controller.ts,business-genome,GenomeDocumentPackModule,TRUE,AuthGuard BusinessGuard,2,,,FALSE
GET,/business-genome/businesses/:businessId/document-pack/dna/export,/business-genome/businesses/:param/document-pack/dna/export,exportDnaReport,GenomeDocumentPackController,apps/server/src/modules/business-genome/document-pack/genome-document-pack.controller.ts,business-genome,GenomeDocumentPackModule,TRUE,AuthGuard BusinessGuard,2,,,FALSE
GET,/business-genome/businesses/:businessId/evolution-proposals,/business-genome/businesses/:param/evolution-proposals,list,GenomeEvolutionController,apps/server/src/modules/business-genome/genome-evolution.controller.ts,business-genome,BusinessGenomeModule,TRUE,AuthGuard BusinessGuard,2,,,FALSE
POST,/business-genome/businesses/:businessId/evolution-proposals,/business-genome/businesses/:param/evolution-proposals,create,GenomeEvolutionController,apps/server/src/modules/business-genome/genome-evolution.controller.ts,business-genome,BusinessGenomeModule,TRUE,AuthGuard BusinessGuard,2,,,FALSE
POST,/business-genome/businesses/:businessId/evolution-proposals/generate-from-temporal-flow,/business-genome/businesses/:param/evolution-proposals/generate-from-temporal-flow,generateFromTemporalFlow,GenomeEvolutionController,apps/server/src/modules/business-genome/genome-evolution.controller.ts,business-genome,BusinessGenomeModule,TRUE,AuthGuard BusinessGuard GenomeGateGuard,3,,,FALSE
POST,/business-genome/businesses/:businessId/evolution-proposals/:id/approve,/business-genome/businesses/:param/evolution-proposals/:param/approve,approve,GenomeEvolutionController,apps/server/src/modules/business-genome/genome-evolution.controller.ts,business-genome,BusinessGenomeModule,TRUE,AuthGuard BusinessGuard GenomeGateGuard,3,,,FALSE
POST,/business-genome/businesses/:businessId/evolution-proposals/:id/reject,/business-genome/businesses/:param/evolution-proposals/:param/reject,reject,GenomeEvolutionController,apps/server/src/modules/business-genome/genome-evolution.controller.ts,business-genome,BusinessGenomeModule,TRUE,AuthGuard BusinessGuard,2,,,FALSE
PATCH,/business-genome/businesses/:businessId/evolution-proposals/:id,/business-genome/businesses/:param/evolution-proposals/:param,edit,GenomeEvolutionController,apps/server/src/modules/business-genome/genome-evolution.controller.ts,business-genome,BusinessGenomeModule,TRUE,AuthGuard BusinessGuard,2,,,FALSE
GET,/business-genome/businesses/:businessId/key-genome/signals,/business-genome/businesses/:param/key-genome/signals,list,KeyGenomeController,apps/server/src/modules/business-genome/key-genome/key-genome.controller.ts,business-genome,BusinessGenomeModule,TRUE,AuthGuard BusinessGuard,2,,,FALSE
GET,/business-genome/businesses/:businessId/key-genome/signals/:signalId,/business-genome/businesses/:param/key-genome/signals/:param,get,KeyGenomeController,apps/server/src/modules/business-genome/key-genome/key-genome.controller.ts,business-genome,BusinessGenomeModule,TRUE,AuthGuard BusinessGuard,2,,,FALSE
POST,/business-genome/businesses/:businessId/key-genome/signals/:signalId/review,/business-genome/businesses/:param/key-genome/signals/:param/review,review,KeyGenomeController,apps/server/src/modules/business-genome/key-genome/key-genome.controller.ts,business-genome,BusinessGenomeModule,TRUE,AuthGuard BusinessGuard,2,,,FALSE
POST,/business-genome/businesses/:businessId/key-genome/signals/:signalId/accept,/business-genome/businesses/:param/key-genome/signals/:param/accept,accept,KeyGenomeController,apps/server/src/modules/business-genome/key-genome/key-genome.controller.ts,business-genome,BusinessGenomeModule,TRUE,AuthGuard BusinessGuard,2,,,FALSE
POST,/business-genome/businesses/:businessId/key-genome/signals/:signalId/reject,/business-genome/businesses/:param/key-genome/signals/:param/reject,reject,KeyGenomeController,apps/server/src/modules/business-genome/key-genome/key-genome.controller.ts,business-genome,BusinessGenomeModule,TRUE,AuthGuard BusinessGuard,2,,,FALSE
POST,/business-genome/businesses/:businessId/key-genome/signals/:signalId/merge,/business-genome/businesses/:param/key-genome/signals/:param/merge,merge,KeyGenomeController,apps/server/src/modules/business-genome/key-genome/key-genome.controller.ts,business-genome,BusinessGenomeModule,TRUE,AuthGuard BusinessGuard,2,,,FALSE
GET,/business-genome/businesses/:businessId/key-genome/recommendations,/business-genome/businesses/:param/key-genome/recommendations,listRecommendations,KeyGenomeController,apps/server/src/modules/business-genome/key-genome/key-genome.controller.ts,business-genome,BusinessGenomeModule,TRUE,AuthGuard BusinessGuard,2,,,FALSE
POST,/business-genome/businesses/:businessId/key-genome/recommendations/generate,/business-genome/businesses/:param/key-genome/recommendations/generate,generateRecommendations,KeyGenomeController,apps/server/src/modules/business-genome/key-genome/key-genome.controller.ts,business-genome,BusinessGenomeModule,TRUE,AuthGuard BusinessGuard,2,,,FALSE
GET,/business-genome/businesses/:businessId/key-genome/recommendations/:recommendationId,/business-genome/businesses/:param/key-genome/recommendations/:param,getRecommendation,KeyGenomeController,apps/server/src/modules/business-genome/key-genome/key-genome.controller.ts,business-genome,BusinessGenomeModule,TRUE,AuthGuard BusinessGuard,2,,,FALSE
POST,/business-genome/businesses/:businessId/key-genome/recommendations/:recommendationId/accept,/business-genome/businesses/:param/key-genome/recommendations/:param/accept,acceptRecommendation,KeyGenomeController,apps/server/src/modules/business-genome/key-genome/key-genome.controller.ts,business-genome,BusinessGenomeModule,TRUE,AuthGuard BusinessGuard,2,,,FALSE
POST,/business-genome/businesses/:businessId/key-genome/recommendations/:recommendationId/dismiss,/business-genome/businesses/:param/key-genome/recommendations/:param/dismiss,dismissRecommendation,KeyGenomeController,apps/server/src/modules/business-genome/key-genome/key-genome.controller.ts,business-genome,BusinessGenomeModule,TRUE,AuthGuard BusinessGuard,2,,,FALSE
POST,/business-genome/businesses/:businessId/key-genome/recommendations/:recommendationId/apply,/business-genome/businesses/:param/key-genome/recommendations/:param/apply,applyRecommendation,KeyGenomeController,apps/server/src/modules/business-genome/key-genome/key-genome.controller.ts,business-genome,BusinessGenomeModule,TRUE,AuthGuard BusinessGuard,2,,,FALSE
POST,/business-genome/businesses/:businessId/key-genome/recommendations/:recommendationId/ignore,/business-genome/businesses/:param/key-genome/recommendations/:param/ignore,ignoreRecommendation,KeyGenomeController,apps/server/src/modules/business-genome/key-genome/key-genome.controller.ts,business-genome,BusinessGenomeModule,TRUE,AuthGuard BusinessGuard,2,,,FALSE
POST,/business-genome/businesses/:businessId/key-genome/recommendations/:recommendationId/escalate,/business-genome/businesses/:param/key-genome/recommendations/:param/escalate,escalateRecommendation,KeyGenomeController,apps/server/src/modules/business-genome/key-genome/key-genome.controller.ts,business-genome,BusinessGenomeModule,TRUE,AuthGuard BusinessGuard,2,,,FALSE
POST,/business-genome/businesses/:businessId/key-genome/recommendations/:recommendationId/track-outcome,/business-genome/businesses/:param/key-genome/recommendations/:param/track-outcome,trackRecommendationOutcome,KeyGenomeController,apps/server/src/modules/business-genome/key-genome/key-genome.controller.ts,business-genome,BusinessGenomeModule,TRUE,AuthGuard BusinessGuard,2,,,FALSE
GET,/business-genome/businesses/:businessId/key-genome/recommendations/:recommendationId/outcome,/business-genome/businesses/:param/key-genome/recommendations/:param/outcome,getRecommendationOutcome,KeyGenomeController,apps/server/src/modules/business-genome/key-genome/key-genome.controller.ts,business-genome,BusinessGenomeModule,TRUE,AuthGuard BusinessGuard,2,,,FALSE
GET,/business-genome/businesses/:businessId/key-genome/recommendations/:recommendationId/execution-status,/business-genome/businesses/:param/key-genome/recommendations/:param/execution-status,getRecommendationExecutionStatus,KeyGenomeController,apps/server/src/modules/business-genome/key-genome/key-genome.controller.ts,business-genome,BusinessGenomeModule,TRUE,AuthGuard BusinessGuard,2,,,FALSE
GET,/business-genome/businesses/:businessId/key-genome/outcomes,/business-genome/businesses/:param/key-genome/outcomes,listRecommendationOutcomes,KeyGenomeController,apps/server/src/modules/business-genome/key-genome/key-genome.controller.ts,business-genome,BusinessGenomeModule,TRUE,AuthGuard BusinessGuard,2,,,FALSE
GET,/business-genome/businesses/:businessId/key-genome/outcomes/summary,/business-genome/businesses/:param/key-genome/outcomes/summary,getRecommendationOutcomesSummary,KeyGenomeController,apps/server/src/modules/business-genome/key-genome/key-genome.controller.ts,business-genome,BusinessGenomeModule,TRUE,AuthGuard BusinessGuard,2,,,FALSE
GET,/business-genome/businesses/:businessId/key-genome/outcomes/learning-summary,/business-genome/businesses/:param/key-genome/outcomes/learning-summary,getRecommendationLearningSummary,KeyGenomeController,apps/server/src/modules/business-genome/key-genome/key-genome.controller.ts,business-genome,BusinessGenomeModule,TRUE,AuthGuard BusinessGuard,2,,,FALSE
PATCH,/business-genome/businesses/:businessId/key-genome/outcomes/:outcomeId/observation,/business-genome/businesses/:param/key-genome/outcomes/:param/observation,updateOutcomeObservation,KeyGenomeController,apps/server/src/modules/business-genome/key-genome/key-genome.controller.ts,business-genome,BusinessGenomeModule,TRUE,AuthGuard BusinessGuard,2,,,FALSE
POST,/business-genome/businesses/:businessId/key-genome/outcomes/:outcomeId/close-observation,/business-genome/businesses/:param/key-genome/outcomes/:param/close-observation,closeObservationWindow,KeyGenomeController,apps/server/src/modules/business-genome/key-genome/key-genome.controller.ts,business-genome,BusinessGenomeModule,TRUE,AuthGuard BusinessGuard,2,,,FALSE
GET,/business-genome/businesses/:businessId/key-genome/outcome-windows/:domain,/business-genome/businesses/:param/key-genome/outcome-windows/:param,getOutcomeLearningWindow,KeyGenomeController,apps/server/src/modules/business-genome/key-genome/key-genome.controller.ts,business-genome,BusinessGenomeModule,TRUE,AuthGuard BusinessGuard,2,,,FALSE
PUT,/business-genome/businesses/:businessId/key-genome/outcome-windows/:domain,/business-genome/businesses/:param/key-genome/outcome-windows/:param,setOutcomeLearningWindow,KeyGenomeController,apps/server/src/modules/business-genome/key-genome/key-genome.controller.ts,business-genome,BusinessGenomeModule,TRUE,AuthGuard BusinessGuard,2,,,FALSE
GET,/business-genome/businesses/:businessId/key-genome/experiments,/business-genome/businesses/:param/key-genome/experiments,listExperiments,KeyGenomeController,apps/server/src/modules/business-genome/key-genome/key-genome.controller.ts,business-genome,BusinessGenomeModule,TRUE,AuthGuard BusinessGuard,2,,,FALSE
POST,/business-genome/businesses/:businessId/key-genome/experiments,/business-genome/businesses/:param/key-genome/experiments,createExperiment,KeyGenomeController,apps/server/src/modules/business-genome/key-genome/key-genome.controller.ts,business-genome,BusinessGenomeModule,TRUE,AuthGuard BusinessGuard,2,,,FALSE
GET,/business-genome/businesses/:businessId/key-genome/experiments/:experimentId,/business-genome/businesses/:param/key-genome/experiments/:param,getExperiment,KeyGenomeController,apps/server/src/modules/business-genome/key-genome/key-genome.controller.ts,business-genome,BusinessGenomeModule,TRUE,AuthGuard BusinessGuard,2,,,FALSE
POST,/business-genome/businesses/:businessId/key-genome/experiments/:experimentId/start,/business-genome/businesses/:param/key-genome/experiments/:param/start,startExperiment,KeyGenomeController,apps/server/src/modules/business-genome/key-genome/key-genome.controller.ts,business-genome,BusinessGenomeModule,TRUE,AuthGuard BusinessGuard,2,,,FALSE
POST,/business-genome/businesses/:businessId/key-genome/experiments/:experimentId/complete,/business-genome/businesses/:param/key-genome/experiments/:param/complete,completeExperiment,KeyGenomeController,apps/server/src/modules/business-genome/key-genome/key-genome.controller.ts,business-genome,BusinessGenomeModule,TRUE,AuthGuard BusinessGuard,2,,,FALSE
POST,/business-genome/businesses/:businessId/key-genome/experiments/:experimentId/cancel,/business-genome/businesses/:param/key-genome/experiments/:param/cancel,cancelExperiment,KeyGenomeController,apps/server/src/modules/business-genome/key-genome/key-genome.controller.ts,business-genome,BusinessGenomeModule,TRUE,AuthGuard BusinessGuard,2,,,FALSE
GET,/business-genome/businesses/:businessId/key-genome/memory,/business-genome/businesses/:param/key-genome/memory,listMemoryEvents,KeyGenomeController,apps/server/src/modules/business-genome/key-genome/key-genome.controller.ts,business-genome,BusinessGenomeModule,TRUE,AuthGuard BusinessGuard,2,,,FALSE
GET,/business-genome/businesses/:businessId/key-genome/memory/summary,/business-genome/businesses/:param/key-genome/memory/summary,memorySummary,KeyGenomeController,apps/server/src/modules/business-genome/key-genome/key-genome.controller.ts,business-genome,BusinessGenomeModule,TRUE,AuthGuard BusinessGuard,2,,,FALSE
GET,/business-genome/businesses/:businessId/key-genome/memory/similar,/business-genome/businesses/:param/key-genome/memory/similar,findSimilarMemory,KeyGenomeController,apps/server/src/modules/business-genome/key-genome/key-genome.controller.ts,business-genome,BusinessGenomeModule,TRUE,AuthGuard BusinessGuard,2,,,FALSE
GET,/business-genome/businesses/:businessId/key-genome/memory/:memoryEventId,/business-genome/businesses/:param/key-genome/memory/:param,getMemoryEvent,KeyGenomeController,apps/server/src/modules/business-genome/key-genome/key-genome.controller.ts,business-genome,BusinessGenomeModule,TRUE,AuthGuard BusinessGuard,2,,,FALSE
GET,/business-genome/businesses/:businessId/key-genome/governance,/business-genome/businesses/:param/key-genome/governance,governance,KeyGenomeController,apps/server/src/modules/business-genome/key-genome/key-genome.controller.ts,business-genome,BusinessGenomeModule,TRUE,AuthGuard BusinessGuard,2,,,FALSE
GET,/business-genome/businesses/:businessId/key-genome/governance/queue,/business-genome/businesses/:param/key-genome/governance/queue,governanceQueue,KeyGenomeController,apps/server/src/modules/business-genome/key-genome/key-genome.controller.ts,business-genome,BusinessGenomeModule,TRUE,AuthGuard BusinessGuard,2,,,FALSE
GET,/business-genome/businesses/:businessId/key-genome/departments,/business-genome/businesses/:param/key-genome/departments,listDepartments,KeyGenomeController,apps/server/src/modules/business-genome/key-genome/key-genome.controller.ts,business-genome,BusinessGenomeModule,TRUE,AuthGuard BusinessGuard,2,,,FALSE
GET,/business-genome/businesses/:businessId/key-genome/departments/summary,/business-genome/businesses/:param/key-genome/departments/summary,departmentsSummary,KeyGenomeController,apps/server/src/modules/business-genome/key-genome/key-genome.controller.ts,business-genome,BusinessGenomeModule,TRUE,AuthGuard BusinessGuard,2,,,FALSE
POST,/business-genome/businesses/:businessId/key-genome/departments/seed,/business-genome/businesses/:param/key-genome/departments/seed,seedDepartments,KeyGenomeController,apps/server/src/modules/business-genome/key-genome/key-genome.controller.ts,business-genome,BusinessGenomeModule,TRUE,AuthGuard BusinessGuard,2,,,FALSE
POST,/business-genome/businesses/:businessId/key-genome/departments/compute,/business-genome/businesses/:param/key-genome/departments/compute,computeDepartments,KeyGenomeController,apps/server/src/modules/business-genome/key-genome/key-genome.controller.ts,business-genome,BusinessGenomeModule,TRUE,AuthGuard BusinessGuard,2,,,FALSE
GET,/business-genome/businesses/:businessId/key-genome/departments/:code,/business-genome/businesses/:param/key-genome/departments/:param,getDepartment,KeyGenomeController,apps/server/src/modules/business-genome/key-genome/key-genome.controller.ts,business-genome,BusinessGenomeModule,TRUE,AuthGuard BusinessGuard,2,,,FALSE
POST,/business-genome/businesses/:businessId/key-genome/departments/:code/compute,/business-genome/businesses/:param/key-genome/departments/:param/compute,computeDepartment,KeyGenomeController,apps/server/src/modules/business-genome/key-genome/key-genome.controller.ts,business-genome,BusinessGenomeModule,TRUE,AuthGuard BusinessGuard,2,,,FALSE
GET,/business-genome/businesses/:businessId/key-genome/finance/metrics,/business-genome/businesses/:param/key-genome/finance/metrics,listFinanceMetrics,KeyGenomeController,apps/server/src/modules/business-genome/key-genome/key-genome.controller.ts,business-genome,BusinessGenomeModule,TRUE,AuthGuard BusinessGuard,2,,,FALSE
POST,/business-genome/businesses/:businessId/key-genome/finance/metrics,/business-genome/businesses/:param/key-genome/finance/metrics,upsertFinanceMetric,KeyGenomeController,apps/server/src/modules/business-genome/key-genome/key-genome.controller.ts,business-genome,BusinessGenomeModule,TRUE,AuthGuard BusinessGuard,2,,,FALSE
GET,/business-genome/businesses/:businessId/key-genome/finance/snapshot,/business-genome/businesses/:param/key-genome/finance/snapshot,getFinanceSnapshot,KeyGenomeController,apps/server/src/modules/business-genome/key-genome/key-genome.controller.ts,business-genome,BusinessGenomeModule,TRUE,AuthGuard BusinessGuard,2,,,FALSE
POST,/business-genome/businesses/:businessId/key-genome/finance/snapshot/compute,/business-genome/businesses/:param/key-genome/finance/snapshot/compute,computeFinanceSnapshot,KeyGenomeController,apps/server/src/modules/business-genome/key-genome/key-genome.controller.ts,business-genome,BusinessGenomeModule,TRUE,AuthGuard BusinessGuard,2,,,FALSE
GET,/business-genome/businesses/:businessId/key-genome/finance/snapshots,/business-genome/businesses/:param/key-genome/finance/snapshots,listFinanceSnapshots,KeyGenomeController,apps/server/src/modules/business-genome/key-genome/key-genome.controller.ts,business-genome,BusinessGenomeModule,TRUE,AuthGuard BusinessGuard,2,,,FALSE
POST,/business-genome/businesses/:businessId/key-genome/finance/signals/generate,/business-genome/businesses/:param/key-genome/finance/signals/generate,generateFinanceSignals,KeyGenomeController,apps/server/src/modules/business-genome/key-genome/key-genome.controller.ts,business-genome,BusinessGenomeModule,TRUE,AuthGuard BusinessGuard,2,,,FALSE
POST,/business-genome/businesses/:businessId/key-genome/finance/recommendations/generate,/business-genome/businesses/:param/key-genome/finance/recommendations/generate,generateFinanceRecommendations,KeyGenomeController,apps/server/src/modules/business-genome/key-genome/key-genome.controller.ts,business-genome,BusinessGenomeModule,TRUE,AuthGuard BusinessGuard,2,,,FALSE
GET,/business-genome/businesses/:businessId/key-genome/customer-sales/segments,/business-genome/businesses/:param/key-genome/customer-sales/segments,listCustomerSegments,KeyGenomeController,apps/server/src/modules/business-genome/key-genome/key-genome.controller.ts,business-genome,BusinessGenomeModule,TRUE,AuthGuard BusinessGuard,2,,,FALSE
POST,/business-genome/businesses/:businessId/key-genome/customer-sales/segments,/business-genome/businesses/:param/key-genome/customer-sales/segments,upsertCustomerSegment,KeyGenomeController,apps/server/src/modules/business-genome/key-genome/key-genome.controller.ts,business-genome,BusinessGenomeModule,TRUE,AuthGuard BusinessGuard,2,,,FALSE
DELETE,/business-genome/businesses/:businessId/key-genome/customer-sales/segments/:segmentId,/business-genome/businesses/:param/key-genome/customer-sales/segments/:param,deleteCustomerSegment,KeyGenomeController,apps/server/src/modules/business-genome/key-genome/key-genome.controller.ts,business-genome,BusinessGenomeModule,TRUE,AuthGuard BusinessGuard,2,,,FALSE
GET,/business-genome/businesses/:businessId/key-genome/customer-sales/motions,/business-genome/businesses/:param/key-genome/customer-sales/motions,listSalesMotions,KeyGenomeController,apps/server/src/modules/business-genome/key-genome/key-genome.controller.ts,business-genome,BusinessGenomeModule,TRUE,AuthGuard BusinessGuard,2,,,FALSE
POST,/business-genome/businesses/:businessId/key-genome/customer-sales/motions,/business-genome/businesses/:param/key-genome/customer-sales/motions,upsertSalesMotion,KeyGenomeController,apps/server/src/modules/business-genome/key-genome/key-genome.controller.ts,business-genome,BusinessGenomeModule,TRUE,AuthGuard BusinessGuard,2,,,FALSE
DELETE,/business-genome/businesses/:businessId/key-genome/customer-sales/motions/:motionId,/business-genome/businesses/:param/key-genome/customer-sales/motions/:param,deleteSalesMotion,KeyGenomeController,apps/server/src/modules/business-genome/key-genome/key-genome.controller.ts,business-genome,BusinessGenomeModule,TRUE,AuthGuard BusinessGuard,2,,,FALSE
GET,/business-genome/businesses/:businessId/key-genome/customer-sales/snapshot,/business-genome/businesses/:param/key-genome/customer-sales/snapshot,getCustomerSalesSnapshot,KeyGenomeController,apps/server/src/modules/business-genome/key-genome/key-genome.controller.ts,business-genome,BusinessGenomeModule,TRUE,AuthGuard BusinessGuard,2,,,FALSE
POST,/business-genome/businesses/:businessId/key-genome/customer-sales/snapshot/compute,/business-genome/businesses/:param/key-genome/customer-sales/snapshot/compute,computeCustomerSalesSnapshot,KeyGenomeController,apps/server/src/modules/business-genome/key-genome/key-genome.controller.ts,business-genome,BusinessGenomeModule,TRUE,AuthGuard BusinessGuard,2,,,FALSE
GET,/business-genome/businesses/:businessId/key-genome/customer-sales/snapshots,/business-genome/businesses/:param/key-genome/customer-sales/snapshots,listCustomerSalesSnapshots,KeyGenomeController,apps/server/src/modules/business-genome/key-genome/key-genome.controller.ts,business-genome,BusinessGenomeModule,TRUE,AuthGuard BusinessGuard,2,,,FALSE
POST,/business-genome/businesses/:businessId/key-genome/customer-sales/signals/generate,/business-genome/businesses/:param/key-genome/customer-sales/signals/generate,generateCustomerSalesSignals,KeyGenomeController,apps/server/src/modules/business-genome/key-genome/key-genome.controller.ts,business-genome,BusinessGenomeModule,TRUE,AuthGuard BusinessGuard,2,,,FALSE
POST,/business-genome/businesses/:businessId/key-genome/customer-sales/recommendations/generate,/business-genome/businesses/:param/key-genome/customer-sales/recommendations/generate,generateCustomerSalesRecommendations,KeyGenomeController,apps/server/src/modules/business-genome/key-genome/key-genome.controller.ts,business-genome,BusinessGenomeModule,TRUE,AuthGuard BusinessGuard,2,,,FALSE
GET,/business-genome/businesses/:businessId/key-genome/operations/processes,/business-genome/businesses/:param/key-genome/operations/processes,listOperationalProcesses,KeyGenomeController,apps/server/src/modules/business-genome/key-genome/key-genome.controller.ts,business-genome,BusinessGenomeModule,TRUE,AuthGuard BusinessGuard,2,,,FALSE
POST,/business-genome/businesses/:businessId/key-genome/operations/processes,/business-genome/businesses/:param/key-genome/operations/processes,upsertOperationalProcess,KeyGenomeController,apps/server/src/modules/business-genome/key-genome/key-genome.controller.ts,business-genome,BusinessGenomeModule,TRUE,AuthGuard BusinessGuard,2,,,FALSE
DELETE,/business-genome/businesses/:businessId/key-genome/operations/processes/:processId,/business-genome/businesses/:param/key-genome/operations/processes/:param,deleteOperationalProcess,KeyGenomeController,apps/server/src/modules/business-genome/key-genome/key-genome.controller.ts,business-genome,BusinessGenomeModule,TRUE,AuthGuard BusinessGuard,2,,,FALSE
GET,/business-genome/businesses/:businessId/key-genome/operations/capabilities,/business-genome/businesses/:param/key-genome/operations/capabilities,listDeliveryCapabilities,KeyGenomeController,apps/server/src/modules/business-genome/key-genome/key-genome.controller.ts,business-genome,BusinessGenomeModule,TRUE,AuthGuard BusinessGuard,2,,,FALSE
POST,/business-genome/businesses/:businessId/key-genome/operations/capabilities,/business-genome/businesses/:param/key-genome/operations/capabilities,upsertDeliveryCapability,KeyGenomeController,apps/server/src/modules/business-genome/key-genome/key-genome.controller.ts,business-genome,BusinessGenomeModule,TRUE,AuthGuard BusinessGuard,2,,,FALSE
DELETE,/business-genome/businesses/:businessId/key-genome/operations/capabilities/:capabilityId,/business-genome/businesses/:param/key-genome/operations/capabilities/:param,deleteDeliveryCapability,KeyGenomeController,apps/server/src/modules/business-genome/key-genome/key-genome.controller.ts,business-genome,BusinessGenomeModule,TRUE,AuthGuard BusinessGuard,2,,,FALSE
GET,/business-genome/businesses/:businessId/key-genome/operations/snapshot,/business-genome/businesses/:param/key-genome/operations/snapshot,getOperationsSnapshot,KeyGenomeController,apps/server/src/modules/business-genome/key-genome/key-genome.controller.ts,business-genome,BusinessGenomeModule,TRUE,AuthGuard BusinessGuard,2,,,FALSE
POST,/business-genome/businesses/:businessId/key-genome/operations/snapshot/compute,/business-genome/businesses/:param/key-genome/operations/snapshot/compute,computeOperationsSnapshot,KeyGenomeController,apps/server/src/modules/business-genome/key-genome/key-genome.controller.ts,business-genome,BusinessGenomeModule,TRUE,AuthGuard BusinessGuard,2,,,FALSE
GET,/business-genome/businesses/:businessId/key-genome/operations/snapshots,/business-genome/businesses/:param/key-genome/operations/snapshots,listOperationsSnapshots,KeyGenomeController,apps/server/src/modules/business-genome/key-genome/key-genome.controller.ts,business-genome,BusinessGenomeModule,TRUE,AuthGuard BusinessGuard,2,,,FALSE
POST,/business-genome/businesses/:businessId/key-genome/operations/signals/generate,/business-genome/businesses/:param/key-genome/operations/signals/generate,generateOperationsSignals,KeyGenomeController,apps/server/src/modules/business-genome/key-genome/key-genome.controller.ts,business-genome,BusinessGenomeModule,TRUE,AuthGuard BusinessGuard,2,,,FALSE
POST,/business-genome/businesses/:businessId/key-genome/operations/recommendations/generate,/business-genome/businesses/:param/key-genome/operations/recommendations/generate,generateOperationsRecommendations,KeyGenomeController,apps/server/src/modules/business-genome/key-genome/key-genome.controller.ts,business-genome,BusinessGenomeModule,TRUE,AuthGuard BusinessGuard,2,,,FALSE
GET,/business-genome/businesses/:businessId/key-genome/marketing-growth/channels,/business-genome/businesses/:param/key-genome/marketing-growth/channels,listGrowthChannels,KeyGenomeController,apps/server/src/modules/business-genome/key-genome/key-genome.controller.ts,business-genome,BusinessGenomeModule,TRUE,AuthGuard BusinessGuard,2,,,FALSE
POST,/business-genome/businesses/:businessId/key-genome/marketing-growth/channels,/business-genome/businesses/:param/key-genome/marketing-growth/channels,createGrowthChannel,KeyGenomeController,apps/server/src/modules/business-genome/key-genome/key-genome.controller.ts,business-genome,BusinessGenomeModule,TRUE,AuthGuard BusinessGuard,2,,,FALSE
PATCH,/business-genome/businesses/:businessId/key-genome/marketing-growth/channels/:channelId,/business-genome/businesses/:param/key-genome/marketing-growth/channels/:param,updateGrowthChannel,KeyGenomeController,apps/server/src/modules/business-genome/key-genome/key-genome.controller.ts,business-genome,BusinessGenomeModule,TRUE,AuthGuard BusinessGuard,2,,,FALSE
DELETE,/business-genome/businesses/:businessId/key-genome/marketing-growth/channels/:channelId,/business-genome/businesses/:param/key-genome/marketing-growth/channels/:param,deleteGrowthChannel,KeyGenomeController,apps/server/src/modules/business-genome/key-genome/key-genome.controller.ts,business-genome,BusinessGenomeModule,TRUE,AuthGuard BusinessGuard,2,,,FALSE
GET,/business-genome/businesses/:businessId/key-genome/marketing-growth/content-strategy,/business-genome/businesses/:param/key-genome/marketing-growth/content-strategy,listContentStrategies,KeyGenomeController,apps/server/src/modules/business-genome/key-genome/key-genome.controller.ts,business-genome,BusinessGenomeModule,TRUE,AuthGuard BusinessGuard,2,,,FALSE
POST,/business-genome/businesses/:businessId/key-genome/marketing-growth/content-strategy,/business-genome/businesses/:param/key-genome/marketing-growth/content-strategy,createContentStrategy,KeyGenomeController,apps/server/src/modules/business-genome/key-genome/key-genome.controller.ts,business-genome,BusinessGenomeModule,TRUE,AuthGuard BusinessGuard,2,,,FALSE
PATCH,/business-genome/businesses/:businessId/key-genome/marketing-growth/content-strategy/:strategyId,/business-genome/businesses/:param/key-genome/marketing-growth/content-strategy/:param,updateContentStrategy,KeyGenomeController,apps/server/src/modules/business-genome/key-genome/key-genome.controller.ts,business-genome,BusinessGenomeModule,TRUE,AuthGuard BusinessGuard,2,,,FALSE
DELETE,/business-genome/businesses/:businessId/key-genome/marketing-growth/content-strategy/:strategyId,/business-genome/businesses/:param/key-genome/marketing-growth/content-strategy/:param,deleteContentStrategy,KeyGenomeController,apps/server/src/modules/business-genome/key-genome/key-genome.controller.ts,business-genome,BusinessGenomeModule,TRUE,AuthGuard BusinessGuard,2,,,FALSE
GET,/business-genome/businesses/:businessId/key-genome/marketing-growth/snapshot,/business-genome/businesses/:param/key-genome/marketing-growth/snapshot,getMarketingGrowthSnapshot,KeyGenomeController,apps/server/src/modules/business-genome/key-genome/key-genome.controller.ts,business-genome,BusinessGenomeModule,TRUE,AuthGuard BusinessGuard,2,,,FALSE
POST,/business-genome/businesses/:businessId/key-genome/marketing-growth/snapshot/compute,/business-genome/businesses/:param/key-genome/marketing-growth/snapshot/compute,computeMarketingGrowthSnapshot,KeyGenomeController,apps/server/src/modules/business-genome/key-genome/key-genome.controller.ts,business-genome,BusinessGenomeModule,TRUE,AuthGuard BusinessGuard,2,,,FALSE
GET,/business-genome/businesses/:businessId/key-genome/marketing-growth/snapshots,/business-genome/businesses/:param/key-genome/marketing-growth/snapshots,listMarketingGrowthSnapshots,KeyGenomeController,apps/server/src/modules/business-genome/key-genome/key-genome.controller.ts,business-genome,BusinessGenomeModule,TRUE,AuthGuard BusinessGuard,2,,,FALSE
POST,/business-genome/businesses/:businessId/key-genome/marketing-growth/signals/generate,/business-genome/businesses/:param/key-genome/marketing-growth/signals/generate,generateMarketingGrowthSignals,KeyGenomeController,apps/server/src/modules/business-genome/key-genome/key-genome.controller.ts,business-genome,BusinessGenomeModule,TRUE,AuthGuard BusinessGuard,2,,,FALSE
POST,/business-genome/businesses/:businessId/key-genome/marketing-growth/recommendations/generate,/business-genome/businesses/:param/key-genome/marketing-growth/recommendations/generate,generateMarketingGrowthRecommendations,KeyGenomeController,apps/server/src/modules/business-genome/key-genome/key-genome.controller.ts,business-genome,BusinessGenomeModule,TRUE,AuthGuard BusinessGuard,2,,,FALSE
GET,/business-genome/businesses/:businessId/key-genome/cross-domain/snapshot,/business-genome/businesses/:param/key-genome/cross-domain/snapshot,getCrossDomainSnapshot,KeyGenomeController,apps/server/src/modules/business-genome/key-genome/key-genome.controller.ts,business-genome,BusinessGenomeModule,TRUE,AuthGuard BusinessGuard,2,,,FALSE
POST,/business-genome/businesses/:businessId/key-genome/cross-domain/snapshot/compute,/business-genome/businesses/:param/key-genome/cross-domain/snapshot/compute,computeCrossDomainSnapshot,KeyGenomeController,apps/server/src/modules/business-genome/key-genome/key-genome.controller.ts,business-genome,BusinessGenomeModule,TRUE,AuthGuard BusinessGuard,2,,,FALSE
GET,/business-genome/businesses/:businessId/key-genome/cross-domain/snapshots,/business-genome/businesses/:param/key-genome/cross-domain/snapshots,listCrossDomainSnapshots,KeyGenomeController,apps/server/src/modules/business-genome/key-genome/key-genome.controller.ts,business-genome,BusinessGenomeModule,TRUE,AuthGuard BusinessGuard,2,,,FALSE
GET,/business-genome/businesses/:businessId/key-genome/cross-domain/recommendations/ranked,/business-genome/businesses/:param/key-genome/cross-domain/recommendations/ranked,getRankedRecommendations,KeyGenomeController,apps/server/src/modules/business-genome/key-genome/key-genome.controller.ts,business-genome,BusinessGenomeModule,TRUE,AuthGuard BusinessGuard,2,,,FALSE
POST,/business-genome/businesses/:businessId/key-genome/cross-domain/recommendations/ranked/generate,/business-genome/businesses/:param/key-genome/cross-domain/recommendations/ranked/generate,generateAndRankRecommendations,KeyGenomeController,apps/server/src/modules/business-genome/key-genome/key-genome.controller.ts,business-genome,BusinessGenomeModule,TRUE,AuthGuard BusinessGuard,2,,,FALSE
GET,/business-genome/businesses/:businessId/key-genome/cross-domain/opportunities,/business-genome/businesses/:param/key-genome/cross-domain/opportunities,getOpportunities,KeyGenomeController,apps/server/src/modules/business-genome/key-genome/key-genome.controller.ts,business-genome,BusinessGenomeModule,TRUE,AuthGuard BusinessGuard,2,,,FALSE
POST,/business-genome/businesses/:businessId/key-genome/cross-domain/opportunities/detect,/business-genome/businesses/:param/key-genome/cross-domain/opportunities/detect,detectOpportunities,KeyGenomeController,apps/server/src/modules/business-genome/key-genome/key-genome.controller.ts,business-genome,BusinessGenomeModule,TRUE,AuthGuard BusinessGuard,2,,,FALSE
POST,/business-genome/businesses/:businessId/key-genome/cross-domain/autonomy-gate/check,/business-genome/businesses/:param/key-genome/cross-domain/autonomy-gate/check,checkAutonomyGate,KeyGenomeController,apps/server/src/modules/business-genome/key-genome/key-genome.controller.ts,business-genome,BusinessGenomeModule,TRUE,AuthGuard BusinessGuard,2,,,FALSE
GET,/calendar/businesses/:businessId/sync/status,/calendar/businesses/:param/sync/status,syncStatus,CalendarController,apps/server/src/modules/calendar/calendar.controller.ts,calendar,CalendarModule,TRUE,AuthGuard BusinessGuard,2,,,FALSE
GET,/calendar/businesses/:businessId/sync/settings,/calendar/businesses/:param/sync/settings,getSyncSettings,CalendarController,apps/server/src/modules/calendar/calendar.controller.ts,calendar,CalendarModule,TRUE,AuthGuard BusinessGuard,2,,,FALSE
PATCH,/calendar/businesses/:businessId/sync/settings,/calendar/businesses/:param/sync/settings,patchSyncSettings,CalendarController,apps/server/src/modules/calendar/calendar.controller.ts,calendar,CalendarModule,TRUE,AuthGuard BusinessGuard,2,,,FALSE
GET,/calendar/businesses/:businessId/sync/calendars,/calendar/businesses/:param/sync/calendars,listSyncCalendars,CalendarController,apps/server/src/modules/calendar/calendar.controller.ts,calendar,CalendarModule,TRUE,AuthGuard BusinessGuard,2,,,FALSE
POST,/calendar/businesses/:businessId/sync/google/connect,/calendar/businesses/:param/sync/google/connect,syncConnect,CalendarController,apps/server/src/modules/calendar/calendar.controller.ts,calendar,CalendarModule,TRUE,AuthGuard BusinessGuard,2,,,FALSE
POST,/calendar/businesses/:businessId/sync/google/disconnect,/calendar/businesses/:param/sync/google/disconnect,syncDisconnect,CalendarController,apps/server/src/modules/calendar/calendar.controller.ts,calendar,CalendarModule,TRUE,AuthGuard BusinessGuard,2,,,FALSE
POST,/calendar/businesses/:businessId/sync/google/resync,/calendar/businesses/:param/sync/google/resync,syncResync,CalendarController,apps/server/src/modules/calendar/calendar.controller.ts,calendar,CalendarModule,TRUE,AuthGuard BusinessGuard,2,,,FALSE
POST,/calendar/businesses/:businessId/sync/google/temporal-flow,/calendar/businesses/:param/sync/google/temporal-flow,syncGoogleCalendarToTemporalFlow,CalendarController,apps/server/src/modules/calendar/calendar.controller.ts,calendar,CalendarModule,TRUE,AuthGuard BusinessGuard,2,,,FALSE
GET,/calendar/sync/google/callback,/calendar/sync/google/callback,syncOauthCallback,CalendarController,apps/server/src/modules/calendar/calendar.controller.ts,calendar,CalendarModule,TRUE,,0,,,TRUE
GET,/calendar/businesses/:businessId/events,/calendar/businesses/:param/events,list,CalendarController,apps/server/src/modules/calendar/calendar.controller.ts,calendar,CalendarModule,TRUE,AuthGuard BusinessGuard ModuleScopeGuard,3,"bookings,read",,FALSE
GET,/calendar/businesses/:businessId/agenda,/calendar/businesses/:param/agenda,agenda,CalendarController,apps/server/src/modules/calendar/calendar.controller.ts,calendar,CalendarModule,TRUE,AuthGuard BusinessGuard ModuleScopeGuard,3,"bookings,read",,FALSE
GET,/calendar/businesses/:businessId/conflicts,/calendar/businesses/:param/conflicts,conflicts,CalendarController,apps/server/src/modules/calendar/calendar.controller.ts,calendar,CalendarModule,TRUE,AuthGuard BusinessGuard ModuleScopeGuard,3,"bookings,read",,FALSE
GET,/calendar/businesses/:businessId/insights,/calendar/businesses/:param/insights,insights,CalendarController,apps/server/src/modules/calendar/calendar.controller.ts,calendar,CalendarModule,TRUE,AuthGuard BusinessGuard ModuleScopeGuard,3,"bookings,read",,FALSE
GET,/calendar/businesses/:businessId/daily-plan,/calendar/businesses/:param/daily-plan,dailyPlan,CalendarController,apps/server/src/modules/calendar/calendar.controller.ts,calendar,CalendarModule,TRUE,AuthGuard BusinessGuard ModuleScopeGuard,3,"bookings,read",,FALSE
GET,/calendar/businesses/:businessId/weekly-capacity,/calendar/businesses/:param/weekly-capacity,weeklyCapacity,CalendarController,apps/server/src/modules/calendar/calendar.controller.ts,calendar,CalendarModule,TRUE,AuthGuard BusinessGuard ModuleScopeGuard,3,"bookings,read",,FALSE
POST,/calendar/businesses/:businessId/events,/calendar/businesses/:param/events,create,CalendarController,apps/server/src/modules/calendar/calendar.controller.ts,calendar,CalendarModule,TRUE,AuthGuard BusinessGuard ModuleScopeGuard,3,"bookings,write",,FALSE
PATCH,/calendar/businesses/:businessId/events/:eventId,/calendar/businesses/:param/events/:param,patch,CalendarController,apps/server/src/modules/calendar/calendar.controller.ts,calendar,CalendarModule,TRUE,AuthGuard BusinessGuard ModuleScopeGuard,3,"bookings,write",,FALSE
DELETE,/calendar/businesses/:businessId/events/:eventId,/calendar/businesses/:param/events/:param,cancel,CalendarController,apps/server/src/modules/calendar/calendar.controller.ts,calendar,CalendarModule,TRUE,AuthGuard BusinessGuard ModuleScopeGuard,3,"bookings,write",,FALSE
POST,/calendar/businesses/:businessId/key/interpret,/calendar/businesses/:param/key/interpret,keyInterpretCalendar,CalendarController,apps/server/src/modules/calendar/calendar.controller.ts,calendar,CalendarModule,TRUE,AuthGuard BusinessGuard,2,,,FALSE
POST,/calendar/businesses/:businessId/key/build,/calendar/businesses/:param/key/build,keyBuildCalendar,CalendarController,apps/server/src/modules/calendar/calendar.controller.ts,calendar,CalendarModule,TRUE,AuthGuard BusinessGuard ModuleScopeGuard,3,"bookings,write",,FALSE
POST,/calendar/businesses/:businessId/key/execute,/calendar/businesses/:param/key/execute,keyExecuteCalendar,CalendarController,apps/server/src/modules/calendar/calendar.controller.ts,calendar,CalendarModule,TRUE,AuthGuard BusinessGuard,2,,,FALSE
POST,/calendar/businesses/:businessId/key/talk,/calendar/businesses/:param/key/talk,keyTalkCalendar,CalendarController,apps/server/src/modules/calendar/calendar.controller.ts,calendar,CalendarModule,TRUE,AuthGuard BusinessGuard ModuleScopeGuard,3,"bookings,write",,FALSE
POST,/businesses/:businessId/calls,/businesses/:param/calls,create,CallTaskController,apps/server/src/modules/call-tasks/call-task.controller.ts,call-tasks,CallTaskModule,TRUE,AuthGuard BusinessGuard RateLimitGuard ModuleScopeGuard,4,"crm,write",,FALSE
GET,/businesses/:businessId/calls,/businesses/:param/calls,list,CallTaskController,apps/server/src/modules/call-tasks/call-task.controller.ts,call-tasks,CallTaskModule,TRUE,AuthGuard BusinessGuard RateLimitGuard ModuleScopeGuard,4,"crm,read",,FALSE
GET,/businesses/:businessId/calls/:callId,/businesses/:param/calls/:param,getById,CallTaskController,apps/server/src/modules/call-tasks/call-task.controller.ts,call-tasks,CallTaskModule,TRUE,AuthGuard BusinessGuard RateLimitGuard ModuleScopeGuard,4,"crm,read",,FALSE
PATCH,/businesses/:businessId/calls/:callId,/businesses/:param/calls/:param,update,CallTaskController,apps/server/src/modules/call-tasks/call-task.controller.ts,call-tasks,CallTaskModule,TRUE,AuthGuard BusinessGuard RateLimitGuard ModuleScopeGuard,4,"crm,write",,FALSE
POST,/businesses/:businessId/calls/:callId/complete,/businesses/:param/calls/:param/complete,complete,CallTaskController,apps/server/src/modules/call-tasks/call-task.controller.ts,call-tasks,CallTaskModule,TRUE,AuthGuard BusinessGuard RateLimitGuard ModuleScopeGuard,4,"crm,write",,FALSE
POST,/businesses/:businessId/calls/:callId/follow-up,/businesses/:param/calls/:param/follow-up,createFollowUp,CallTaskController,apps/server/src/modules/call-tasks/call-task.controller.ts,call-tasks,CallTaskModule,TRUE,AuthGuard BusinessGuard RateLimitGuard ModuleScopeGuard,4,"crm,write",,FALSE
DELETE,/businesses/:businessId/calls/:callId,/businesses/:param/calls/:param,delete,CallTaskController,apps/server/src/modules/call-tasks/call-task.controller.ts,call-tasks,CallTaskModule,TRUE,AuthGuard BusinessGuard RateLimitGuard ModuleScopeGuard,4,"crm,write",,FALSE
GET,/businesses/:businessId/calls/scheduled/today,/businesses/:param/calls/scheduled/today,getScheduledToday,CallTaskController,apps/server/src/modules/call-tasks/call-task.controller.ts,call-tasks,CallTaskModule,TRUE,AuthGuard BusinessGuard RateLimitGuard ModuleScopeGuard,4,"crm,read",,FALSE
POST,/businesses/:businessId/calls/:callId/generate-script,/businesses/:param/calls/:param/generate-script,generateScript,CallTaskController,apps/server/src/modules/call-tasks/call-task.controller.ts,call-tasks,CallTaskModule,TRUE,AuthGuard BusinessGuard RateLimitGuard ModuleScopeGuard,4,"crm,write",,FALSE
POST,/businesses/:businessId/contacts/:contactId/calls/from-next-action,/businesses/:param/contacts/:param/calls/from-next-action,createFromNextAction,CallTaskController,apps/server/src/modules/call-tasks/call-task.controller.ts,call-tasks,CallTaskModule,TRUE,AuthGuard BusinessGuard RateLimitGuard ModuleScopeGuard,4,"crm,write",,FALSE
GET,/capabilities,/capabilities,list,CapabilitiesController,apps/server/src/modules/capabilities/capabilities.controller.ts,capabilities,CapabilitiesModule,TRUE,AuthGuard,1,,,FALSE
GET,/capabilities/stats,/capabilities/stats,stats,CapabilitiesController,apps/server/src/modules/capabilities/capabilities.controller.ts,capabilities,CapabilitiesModule,TRUE,AuthGuard,1,,,FALSE
GET,/capabilities/:name,/capabilities/:param,get,CapabilitiesController,apps/server/src/modules/capabilities/capabilities.controller.ts,capabilities,CapabilitiesModule,TRUE,AuthGuard,1,,,FALSE
GET,/catalog/public/businesses/:businessId/products,/catalog/public/businesses/:param/products,listPublicProducts,CatalogController,apps/server/src/modules/catalog/catalog.controller.ts,catalog,CatalogModule,TRUE,,0,,,TRUE
GET,/catalog/businesses/:businessId/products,/catalog/businesses/:param/products,listProducts,CatalogController,apps/server/src/modules/catalog/catalog.controller.ts,catalog,CatalogModule,TRUE,AuthGuard BusinessGuard,2,,,FALSE
POST,/catalog/businesses/:businessId/products,/catalog/businesses/:param/products,createProduct,CatalogController,apps/server/src/modules/catalog/catalog.controller.ts,catalog,CatalogModule,TRUE,AuthGuard BusinessGuard,2,,,FALSE
PATCH,/catalog/businesses/:businessId/products/bulk,/catalog/businesses/:param/products/bulk,bulkUpdateProducts,CatalogController,apps/server/src/modules/catalog/catalog.controller.ts,catalog,CatalogModule,TRUE,AuthGuard BusinessGuard,2,,,FALSE
PATCH,/catalog/businesses/:businessId/products/:productId,/catalog/businesses/:param/products/:param,updateProduct,CatalogController,apps/server/src/modules/catalog/catalog.controller.ts,catalog,CatalogModule,TRUE,AuthGuard BusinessGuard,2,,,FALSE
DELETE,/catalog/businesses/:businessId/products/:productId,/catalog/businesses/:param/products/:param,deleteProduct,CatalogController,apps/server/src/modules/catalog/catalog.controller.ts,catalog,CatalogModule,TRUE,AuthGuard BusinessGuard,2,,,FALSE
GET,/catalog/businesses/:businessId/services,/catalog/businesses/:param/services,listServices,CatalogController,apps/server/src/modules/catalog/catalog.controller.ts,catalog,CatalogModule,TRUE,AuthGuard BusinessGuard,2,,,FALSE
POST,/catalog/businesses/:businessId/services,/catalog/businesses/:param/services,createService,CatalogController,apps/server/src/modules/catalog/catalog.controller.ts,catalog,CatalogModule,TRUE,AuthGuard BusinessGuard,2,,,FALSE
PATCH,/catalog/businesses/:businessId/services/:serviceId,/catalog/businesses/:param/services/:param,updateService,CatalogController,apps/server/src/modules/catalog/catalog.controller.ts,catalog,CatalogModule,TRUE,AuthGuard BusinessGuard,2,,,FALSE
DELETE,/catalog/businesses/:businessId/services/:serviceId,/catalog/businesses/:param/services/:param,deleteService,CatalogController,apps/server/src/modules/catalog/catalog.controller.ts,catalog,CatalogModule,TRUE,AuthGuard BusinessGuard,2,,,FALSE
POST,/catalog/businesses/:businessId/services/batch,/catalog/businesses/:param/services/batch,batchServices,CatalogController,apps/server/src/modules/catalog/catalog.controller.ts,catalog,CatalogModule,TRUE,AuthGuard BusinessGuard,2,,,FALSE
POST,/change-orders/businesses/:businessId,/change-orders/businesses/:param,create,ChangeOrderController,apps/server/src/modules/change-orders/change-order.controller.ts,change-orders,ChangeOrderModule,TRUE,AuthGuard BusinessGuard RateLimitGuard,3,,,FALSE
GET,/change-orders/businesses/:businessId,/change-orders/businesses/:param,listByBusiness,ChangeOrderController,apps/server/src/modules/change-orders/change-order.controller.ts,change-orders,ChangeOrderModule,TRUE,AuthGuard BusinessGuard RateLimitGuard,3,,,FALSE
GET,/change-orders/businesses/:businessId/projects/:projectId,/change-orders/businesses/:param/projects/:param,listByProject,ChangeOrderController,apps/server/src/modules/change-orders/change-order.controller.ts,change-orders,ChangeOrderModule,TRUE,AuthGuard BusinessGuard RateLimitGuard,3,,,FALSE
GET,/change-orders/businesses/:businessId/:id,/change-orders/businesses/:param/:param,findById,ChangeOrderController,apps/server/src/modules/change-orders/change-order.controller.ts,change-orders,ChangeOrderModule,TRUE,AuthGuard BusinessGuard RateLimitGuard,3,,,FALSE
PATCH,/change-orders/businesses/:businessId/:id,/change-orders/businesses/:param/:param,update,ChangeOrderController,apps/server/src/modules/change-orders/change-order.controller.ts,change-orders,ChangeOrderModule,TRUE,AuthGuard BusinessGuard RateLimitGuard,3,,,FALSE
DELETE,/change-orders/businesses/:businessId/:id,/change-orders/businesses/:param/:param,delete,ChangeOrderController,apps/server/src/modules/change-orders/change-order.controller.ts,change-orders,ChangeOrderModule,TRUE,AuthGuard BusinessGuard RateLimitGuard,3,,,FALSE
POST,/chatwoot/webhook/:secret,/chatwoot/webhook/:param,webhook,ChatwootController,apps/server/src/modules/chatwoot/chatwoot.controller.ts,chatwoot,ChatwootModule,TRUE,,0,,,TRUE
GET,/command/businesses/:businessId/items,/command/businesses/:param/items,list,CommandController,apps/server/src/modules/command/command.controller.ts,command,CommandModule,TRUE,AuthGuard BusinessGuard,2,,,FALSE
GET,/command/businesses/:businessId/items/due,/command/businesses/:param/items/due,due,CommandController,apps/server/src/modules/command/command.controller.ts,command,CommandModule,TRUE,AuthGuard BusinessGuard,2,,,FALSE
GET,/command/businesses/:businessId/items/:id,/command/businesses/:param/items/:param,getOne,CommandController,apps/server/src/modules/command/command.controller.ts,command,CommandModule,TRUE,AuthGuard BusinessGuard,2,,,FALSE
POST,/command/businesses/:businessId/items,/command/businesses/:param/items,create,CommandController,apps/server/src/modules/command/command.controller.ts,command,CommandModule,TRUE,AuthGuard BusinessGuard,2,,,FALSE
PATCH,/command/businesses/:businessId/items/:id,/command/businesses/:param/items/:param,update,CommandController,apps/server/src/modules/command/command.controller.ts,command,CommandModule,TRUE,AuthGuard BusinessGuard,2,,,FALSE
POST,/command/businesses/:businessId/items/:id/dismiss,/command/businesses/:param/items/:param/dismiss,dismiss,CommandController,apps/server/src/modules/command/command.controller.ts,command,CommandModule,TRUE,AuthGuard BusinessGuard,2,,,FALSE
POST,/command/businesses/:businessId/items/:id/snooze,/command/businesses/:param/items/:param/snooze,snooze,CommandController,apps/server/src/modules/command/command.controller.ts,command,CommandModule,TRUE,AuthGuard BusinessGuard,2,,,FALSE
POST,/command/businesses/:businessId/items/:id/approve,/command/businesses/:param/items/:param/approve,approve,CommandController,apps/server/src/modules/command/command.controller.ts,command,CommandModule,TRUE,AuthGuard BusinessGuard,2,,,FALSE
POST,/command/businesses/:businessId/items/:id/execute,/command/businesses/:param/items/:param/execute,execute,CommandController,apps/server/src/modules/command/command.controller.ts,command,CommandModule,TRUE,AuthGuard BusinessGuard,2,,,FALSE
POST,/command/businesses/:businessId/items/:id/complete,/command/businesses/:param/items/:param/complete,complete,CommandController,apps/server/src/modules/command/command.controller.ts,command,CommandModule,TRUE,AuthGuard BusinessGuard,2,,,FALSE
POST,/command/businesses/:businessId/items/:id/discharge,/command/businesses/:param/items/:param/discharge,discharge,CommandController,apps/server/src/modules/command/command.controller.ts,command,CommandModule,TRUE,AuthGuard BusinessGuard,2,,,FALSE
POST,/command/businesses/:businessId/items/:id/assign,/command/businesses/:param/items/:param/assign,assign,CommandController,apps/server/src/modules/command/command.controller.ts,command,CommandModule,TRUE,AuthGuard BusinessGuard,2,,,FALSE
POST,/command/businesses/:businessId/items/:id/reopen,/command/businesses/:param/items/:param/reopen,reopen,CommandController,apps/server/src/modules/command/command.controller.ts,command,CommandModule,TRUE,AuthGuard BusinessGuard,2,,,FALSE
DELETE,/command/businesses/:businessId/items/:id,/command/businesses/:param/items/:param,delete,CommandController,apps/server/src/modules/command/command.controller.ts,command,CommandModule,TRUE,AuthGuard BusinessGuard,2,,,FALSE
POST,/command/businesses/:businessId/items/bulk/complete,/command/businesses/:param/items/bulk/complete,bulkComplete,CommandController,apps/server/src/modules/command/command.controller.ts,command,CommandModule,TRUE,AuthGuard BusinessGuard,2,,,FALSE
POST,/command/businesses/:businessId/items/bulk/dismiss,/command/businesses/:param/items/bulk/dismiss,bulkDismiss,CommandController,apps/server/src/modules/command/command.controller.ts,command,CommandModule,TRUE,AuthGuard BusinessGuard,2,,,FALSE
POST,/command/businesses/:businessId/items/bulk/delete,/command/businesses/:param/items/bulk/delete,bulkDelete,CommandController,apps/server/src/modules/command/command.controller.ts,command,CommandModule,TRUE,AuthGuard BusinessGuard,2,,,FALSE
POST,/command/businesses/:businessId/generate,/command/businesses/:param/generate,generate,CommandController,apps/server/src/modules/command/command.controller.ts,command,CommandModule,TRUE,AuthGuard BusinessGuard,2,,,FALSE
GET,/command/businesses/:businessId/summary,/command/businesses/:param/summary,summary,CommandController,apps/server/src/modules/command/command.controller.ts,command,CommandModule,TRUE,AuthGuard BusinessGuard,2,,,FALSE
GET,/command/businesses/:businessId/last-scan,/command/businesses/:param/last-scan,lastScan,CommandController,apps/server/src/modules/command/command.controller.ts,command,CommandModule,TRUE,AuthGuard BusinessGuard,2,,,FALSE
POST,/command/businesses/:businessId/auto-scan,/command/businesses/:param/auto-scan,autoScan,CommandController,apps/server/src/modules/command/command.controller.ts,command,CommandModule,TRUE,AuthGuard BusinessGuard,2,,,FALSE
GET,/accounting/businesses/:businessId/summary,/accounting/businesses/:param/summary,summary,AccountingController,apps/server/src/modules/commerce/accounting.controller.ts,commerce,CommerceModule,TRUE,AuthGuard BusinessGuard,2,,,FALSE
GET,/accounting/businesses/:businessId/invoices/unsynced,/accounting/businesses/:param/invoices/unsynced,unsyncedInvoices,AccountingController,apps/server/src/modules/commerce/accounting.controller.ts,commerce,CommerceModule,TRUE,AuthGuard BusinessGuard,2,,,FALSE
POST,/accounting/businesses/:businessId/invoices/push,/accounting/businesses/:param/invoices/push,pushInvoice,AccountingController,apps/server/src/modules/commerce/accounting.controller.ts,commerce,CommerceModule,TRUE,AuthGuard BusinessGuard,2,,,FALSE
POST,/accounting/businesses/:businessId/customers/push,/accounting/businesses/:param/customers/push,pushCustomers,AccountingController,apps/server/src/modules/commerce/accounting.controller.ts,commerce,CommerceModule,TRUE,AuthGuard BusinessGuard,2,,,FALSE
GET,/accounting/businesses/:businessId/chart-of-accounts,/accounting/businesses/:param/chart-of-accounts,chartOfAccounts,AccountingController,apps/server/src/modules/commerce/accounting.controller.ts,commerce,CommerceModule,TRUE,AuthGuard BusinessGuard,2,,,FALSE
GET,/commerce/businesses/:businessId/stats,/commerce/businesses/:param/stats,getStats,CommerceAiController,apps/server/src/modules/commerce/commerce-ai.controller.ts,commerce,CommerceModule,TRUE,CrmRateLimitGuard AuthGuard BusinessGuard,3,,,FALSE
GET,/commerce/health,/commerce/health,healthCheck,CommerceAiController,apps/server/src/modules/commerce/commerce-ai.controller.ts,commerce,CommerceModule,TRUE,CrmRateLimitGuard,1,,,FALSE
POST,/commerce/businesses/:businessId/ai-analyze,/commerce/businesses/:param/ai-analyze,analyzeRevenue,CommerceAiController,apps/server/src/modules/commerce/commerce-ai.controller.ts,commerce,CommerceModule,TRUE,CrmRateLimitGuard AuthGuard BusinessGuard FeatureFlagGuard,4,,,FALSE
POST,/commerce/businesses/:businessId/invoices/:invoiceId/ai-reminder,/commerce/businesses/:param/invoices/:param/ai-reminder,generateInvoiceReminder,CommerceAiController,apps/server/src/modules/commerce/commerce-ai.controller.ts,commerce,CommerceModule,TRUE,CrmRateLimitGuard AuthGuard BusinessGuard FeatureFlagGuard,4,,,FALSE
POST,/commerce/businesses/:businessId/products/:productId/ai-pricing,/commerce/businesses/:param/products/:param/ai-pricing,suggestPricing,CommerceAiController,apps/server/src/modules/commerce/commerce-ai.controller.ts,commerce,CommerceModule,TRUE,CrmRateLimitGuard AuthGuard BusinessGuard FeatureFlagGuard,4,,,FALSE
GET,/commerce/businesses/:businessId/ai-cashflow,/commerce/businesses/:param/ai-cashflow,cashFlowForecast,CommerceAiController,apps/server/src/modules/commerce/commerce-ai.controller.ts,commerce,CommerceModule,TRUE,CrmRateLimitGuard AuthGuard BusinessGuard FeatureFlagGuard,4,,,FALSE
POST,/commerce/businesses/:businessId/ai-search,/commerce/businesses/:param/ai-search,aiSearch,CommerceAiController,apps/server/src/modules/commerce/commerce-ai.controller.ts,commerce,CommerceModule,TRUE,CrmRateLimitGuard AuthGuard BusinessGuard FeatureFlagGuard,4,,,FALSE
POST,/commerce/businesses/:businessId/ai-product-health,/commerce/businesses/:param/ai-product-health,aiProductHealth,CommerceAiController,apps/server/src/modules/commerce/commerce-ai.controller.ts,commerce,CommerceModule,TRUE,CrmRateLimitGuard AuthGuard BusinessGuard FeatureFlagGuard,4,,,FALSE
POST,/commerce/businesses/:businessId/ai-client-intelligence,/commerce/businesses/:param/ai-client-intelligence,aiClientIntelligence,CommerceAiController,apps/server/src/modules/commerce/commerce-ai.controller.ts,commerce,CommerceModule,TRUE,CrmRateLimitGuard AuthGuard BusinessGuard FeatureFlagGuard,4,,,FALSE
POST,/commerce/businesses/:businessId/ai-quote-analysis,/commerce/businesses/:param/ai-quote-analysis,aiQuoteAnalysis,CommerceAiController,apps/server/src/modules/commerce/commerce-ai.controller.ts,commerce,CommerceModule,TRUE,CrmRateLimitGuard AuthGuard BusinessGuard FeatureFlagGuard,4,,,FALSE
POST,/commerce/businesses/:businessId/ai-command,/commerce/businesses/:param/ai-command,aiCommand,CommerceAiController,apps/server/src/modules/commerce/commerce-ai.controller.ts,commerce,CommerceModule,TRUE,CrmRateLimitGuard AuthGuard BusinessGuard FeatureFlagGuard,4,,,FALSE
POST,/commerce/businesses/:businessId/ai-execute,/commerce/businesses/:param/ai-execute,aiExecute,CommerceAiController,apps/server/src/modules/commerce/commerce-ai.controller.ts,commerce,CommerceModule,TRUE,CrmRateLimitGuard AuthGuard BusinessGuard FeatureFlagGuard,4,,,FALSE
POST,/commerce/businesses/:businessId/ai-collections-score,/commerce/businesses/:param/ai-collections-score,aiCollectionsScore,CommerceAiController,apps/server/src/modules/commerce/commerce-ai.controller.ts,commerce,CommerceModule,TRUE,CrmRateLimitGuard AuthGuard BusinessGuard FeatureFlagGuard,4,,,FALSE
POST,/commerce/businesses/:businessId/invoices/:invoiceId/ai-payment-plan,/commerce/businesses/:param/invoices/:param/ai-payment-plan,aiPaymentPlan,CommerceAiController,apps/server/src/modules/commerce/commerce-ai.controller.ts,commerce,CommerceModule,TRUE,CrmRateLimitGuard AuthGuard BusinessGuard FeatureFlagGuard,4,,,FALSE
POST,/commerce/businesses/:businessId/quotes/:quoteId/ai-follow-up,/commerce/businesses/:param/quotes/:param/ai-follow-up,aiQuoteFollowUp,CommerceAiController,apps/server/src/modules/commerce/commerce-ai.controller.ts,commerce,CommerceModule,TRUE,CrmRateLimitGuard AuthGuard BusinessGuard FeatureFlagGuard,4,,,FALSE
POST,/commerce/businesses/:businessId/ai-churn-risk,/commerce/businesses/:param/ai-churn-risk,aiChurnRisk,CommerceAiController,apps/server/src/modules/commerce/commerce-ai.controller.ts,commerce,CommerceModule,TRUE,CrmRateLimitGuard AuthGuard BusinessGuard FeatureFlagGuard,4,,,FALSE
POST,/commerce/businesses/:businessId/ai-revenue-journey,/commerce/businesses/:param/ai-revenue-journey,aiRevenueJourney,CommerceAiController,apps/server/src/modules/commerce/commerce-ai.controller.ts,commerce,CommerceModule,TRUE,CrmRateLimitGuard AuthGuard BusinessGuard FeatureFlagGuard,4,,,FALSE
POST,/commerce/businesses/:businessId/ai-quote-from-conversation,/commerce/businesses/:param/ai-quote-from-conversation,aiQuoteFromConversation,CommerceAiController,apps/server/src/modules/commerce/commerce-ai.controller.ts,commerce,CommerceModule,TRUE,CrmRateLimitGuard AuthGuard BusinessGuard FeatureFlagGuard,4,,,FALSE
GET,/commerce/businesses/:businessId/insights/landed-costs,/commerce/businesses/:param/insights/landed-costs,getLandedCosts,CommerceInsightsController,apps/server/src/modules/commerce/commerce-insights.controller.ts,commerce,CommerceModule,TRUE,CrmRateLimitGuard AuthGuard BusinessGuard,3,,,FALSE
GET,/commerce/businesses/:businessId/products/:productId/insights/landed-cost,/commerce/businesses/:param/products/:param/insights/landed-cost,getProductLandedCost,CommerceInsightsController,apps/server/src/modules/commerce/commerce-insights.controller.ts,commerce,CommerceModule,TRUE,CrmRateLimitGuard AuthGuard BusinessGuard,3,,,FALSE
GET,/commerce/businesses/:businessId/insights/margins,/commerce/businesses/:param/insights/margins,getMarginAnalysis,CommerceInsightsController,apps/server/src/modules/commerce/commerce-insights.controller.ts,commerce,CommerceModule,TRUE,CrmRateLimitGuard AuthGuard BusinessGuard,3,,,FALSE
GET,/commerce/businesses/:businessId/products/:productId/insights/margin,/commerce/businesses/:param/products/:param/insights/margin,getProductMargin,CommerceInsightsController,apps/server/src/modules/commerce/commerce-insights.controller.ts,commerce,CommerceModule,TRUE,CrmRateLimitGuard AuthGuard BusinessGuard,3,,,FALSE
GET,/commerce/businesses/:businessId/insights/source-risk,/commerce/businesses/:param/insights/source-risk,getSourceRisk,CommerceInsightsController,apps/server/src/modules/commerce/commerce-insights.controller.ts,commerce,CommerceModule,TRUE,CrmRateLimitGuard AuthGuard BusinessGuard,3,,,FALSE
GET,/commerce/businesses/:businessId/products/:productId/insights/source-risk,/commerce/businesses/:param/products/:param/insights/source-risk,getProductSourceRisk,CommerceInsightsController,apps/server/src/modules/commerce/commerce-insights.controller.ts,commerce,CommerceModule,TRUE,CrmRateLimitGuard AuthGuard BusinessGuard,3,,,FALSE
GET,/commerce/businesses/:businessId/insights/inventory-risk,/commerce/businesses/:param/insights/inventory-risk,getInventoryRisk,CommerceInsightsController,apps/server/src/modules/commerce/commerce-insights.controller.ts,commerce,CommerceModule,TRUE,CrmRateLimitGuard AuthGuard BusinessGuard,3,,,FALSE
GET,/commerce/businesses/:businessId/products/:productId/insights/inventory-risk,/commerce/businesses/:param/products/:param/insights/inventory-risk,getProductInventoryRisk,CommerceInsightsController,apps/server/src/modules/commerce/commerce-insights.controller.ts,commerce,CommerceModule,TRUE,CrmRateLimitGuard AuthGuard BusinessGuard,3,,,FALSE
GET,/commerce/businesses/:businessId/insights/overview,/commerce/businesses/:param/insights/overview,getInsightsOverview,CommerceInsightsController,apps/server/src/modules/commerce/commerce-insights.controller.ts,commerce,CommerceModule,TRUE,CrmRateLimitGuard AuthGuard BusinessGuard,3,,,FALSE
GET,/commerce/businesses/:businessId/products/:productId/insights/margin-history,/commerce/businesses/:param/products/:param/insights/margin-history,getMarginHistory,CommerceInsightsController,apps/server/src/modules/commerce/commerce-insights.controller.ts,commerce,CommerceModule,TRUE,CrmRateLimitGuard AuthGuard BusinessGuard,3,,,FALSE
POST,/commerce/businesses/:businessId/products/:productId/insights/snapshot,/commerce/businesses/:param/products/:param/insights/snapshot,captureMarginSnapshot,CommerceInsightsController,apps/server/src/modules/commerce/commerce-insights.controller.ts,commerce,CommerceModule,TRUE,CrmRateLimitGuard AuthGuard BusinessGuard,3,,,FALSE
POST,/commerce/businesses/:businessId/products/:productId/ai-copy,/commerce/businesses/:param/products/:param/ai-copy,rewriteProductCopy,CommerceInsightsController,apps/server/src/modules/commerce/commerce-insights.controller.ts,commerce,CommerceModule,TRUE,CrmRateLimitGuard AuthGuard BusinessGuard FeatureFlagGuard,4,,,FALSE
POST,/commerce/businesses/:businessId/products/:productId/ai-pricing-recommendation,/commerce/businesses/:param/products/:param/ai-pricing-recommendation,recommendPricing,CommerceInsightsController,apps/server/src/modules/commerce/commerce-insights.controller.ts,commerce,CommerceModule,TRUE,CrmRateLimitGuard AuthGuard BusinessGuard FeatureFlagGuard,4,,,FALSE
POST,/commerce/businesses/:businessId/products/:productId/ai-fulfillment-strategy,/commerce/businesses/:param/products/:param/ai-fulfillment-strategy,recommendFulfillmentStrategy,CommerceInsightsController,apps/server/src/modules/commerce/commerce-insights.controller.ts,commerce,CommerceModule,TRUE,CrmRateLimitGuard AuthGuard BusinessGuard FeatureFlagGuard,4,,,FALSE
POST,/commerce/businesses/:businessId/ai-product-opportunities,/commerce/businesses/:param/ai-product-opportunities,identifyOpportunities,CommerceInsightsController,apps/server/src/modules/commerce/commerce-insights.controller.ts,commerce,CommerceModule,TRUE,CrmRateLimitGuard AuthGuard BusinessGuard FeatureFlagGuard,4,,,FALSE
GET,/commerce/public/businesses/:businessId/products,/commerce/public/businesses/:param/products,listPublicProducts,CommerceController,apps/server/src/modules/commerce/commerce.controller.ts,commerce,CommerceModule,TRUE,,0,,,TRUE
GET,/commerce/businesses/:businessId/products,/commerce/businesses/:param/products,listProducts,CommerceController,apps/server/src/modules/commerce/commerce.controller.ts,commerce,CommerceModule,TRUE,AuthGuard BusinessGuard ModuleScopeGuard,3,"revenue,read",,FALSE
POST,/commerce/businesses/:businessId/products,/commerce/businesses/:param/products,createProduct,CommerceController,apps/server/src/modules/commerce/commerce.controller.ts,commerce,CommerceModule,TRUE,AuthGuard BusinessGuard ModuleScopeGuard PlanLimitGuard,4,"revenue,write",,FALSE
PATCH,/commerce/businesses/:businessId/products/bulk,/commerce/businesses/:param/products/bulk,bulkUpdateProducts,CommerceController,apps/server/src/modules/commerce/commerce.controller.ts,commerce,CommerceModule,TRUE,AuthGuard BusinessGuard ModuleScopeGuard,3,"revenue,write",,FALSE
PATCH,/commerce/businesses/:businessId/products/:productId,/commerce/businesses/:param/products/:param,updateProduct,CommerceController,apps/server/src/modules/commerce/commerce.controller.ts,commerce,CommerceModule,TRUE,AuthGuard BusinessGuard ModuleScopeGuard,3,"revenue,write",,FALSE
DELETE,/commerce/businesses/:businessId/products/:productId,/commerce/businesses/:param/products/:param,deleteProduct,CommerceController,apps/server/src/modules/commerce/commerce.controller.ts,commerce,CommerceModule,TRUE,AuthGuard BusinessGuard ModuleScopeGuard,3,"revenue,write",,FALSE
GET,/commerce/businesses/:businessId/products/:productId/cost-profile,/commerce/businesses/:param/products/:param/cost-profile,getProductCostProfile,CommerceController,apps/server/src/modules/commerce/commerce.controller.ts,commerce,CommerceModule,TRUE,AuthGuard BusinessGuard,2,,,FALSE
PATCH,/commerce/businesses/:businessId/products/:productId/cost-profile,/commerce/businesses/:param/products/:param/cost-profile,upsertProductCostProfile,CommerceController,apps/server/src/modules/commerce/commerce.controller.ts,commerce,CommerceModule,TRUE,AuthGuard BusinessGuard ModuleScopeGuard,3,"revenue,write",,FALSE
POST,/commerce/businesses/:businessId/products/import/scan,/commerce/businesses/:param/products/import/scan,scanProductImage,CommerceController,apps/server/src/modules/commerce/commerce.controller.ts,commerce,CommerceModule,TRUE,AuthGuard BusinessGuard ModuleScopeGuard,3,"revenue,write",,FALSE
POST,/commerce/businesses/:businessId/products/import/file,/commerce/businesses/:param/products/import/file,importProductsFile,CommerceController,apps/server/src/modules/commerce/commerce.controller.ts,commerce,CommerceModule,TRUE,AuthGuard BusinessGuard ModuleScopeGuard,3,"revenue,write",,FALSE
POST,/commerce/businesses/:businessId/products/import/confirm,/commerce/businesses/:param/products/import/confirm,confirmImportedProducts,CommerceController,apps/server/src/modules/commerce/commerce.controller.ts,commerce,CommerceModule,TRUE,AuthGuard BusinessGuard ModuleScopeGuard,3,"revenue,write",,FALSE
PATCH,/commerce/invoices/:invoiceId/paid,/commerce/invoices/:param/paid,markInvoicePaid,CommerceController,apps/server/src/modules/commerce/commerce.controller.ts,commerce,CommerceModule,TRUE,AuthGuard BusinessGuard,2,,,FALSE
PATCH,/commerce/invoices/:invoiceId/payment-failed,/commerce/invoices/:param/payment-failed,markInvoicePaymentFailed,CommerceController,apps/server/src/modules/commerce/commerce.controller.ts,commerce,CommerceModule,TRUE,AuthGuard BusinessGuard,2,,,FALSE
PATCH,/commerce/invoices/:invoiceId/status/:status,/commerce/invoices/:param/status/:param,updateInvoiceStatus,CommerceController,apps/server/src/modules/commerce/commerce.controller.ts,commerce,CommerceModule,TRUE,AuthGuard BusinessGuard,2,,,FALSE
GET,/commerce/businesses/:businessId/document-templates,/commerce/businesses/:param/document-templates,getDocumentTemplates,CommerceController,apps/server/src/modules/commerce/commerce.controller.ts,commerce,CommerceModule,TRUE,AuthGuard BusinessGuard,2,,,FALSE
PATCH,/commerce/businesses/:businessId/document-templates,/commerce/businesses/:param/document-templates,setDocumentTemplate,CommerceController,apps/server/src/modules/commerce/commerce.controller.ts,commerce,CommerceModule,TRUE,AuthGuard BusinessGuard ModuleScopeGuard,3,"revenue,write",,FALSE
GET,/commerce/businesses/:businessId/invoices,/commerce/businesses/:param/invoices,listInvoices,CommerceController,apps/server/src/modules/commerce/commerce.controller.ts,commerce,CommerceModule,TRUE,AuthGuard BusinessGuard ModuleScopeGuard,3,"revenue,read",,FALSE
POST,/commerce/businesses/:businessId/invoices/from-time,/commerce/businesses/:param/invoices/from-time,invoiceUnbilledTime,CommerceController,apps/server/src/modules/commerce/commerce.controller.ts,commerce,CommerceModule,TRUE,AuthGuard BusinessGuard ModuleScopeGuard PlanLimitGuard,4,"revenue,write",,FALSE
POST,/commerce/businesses/:businessId/invoices,/commerce/businesses/:param/invoices,createInvoice,CommerceController,apps/server/src/modules/commerce/commerce.controller.ts,commerce,CommerceModule,TRUE,AuthGuard BusinessGuard ModuleScopeGuard PlanLimitGuard,4,"revenue,write",,FALSE
PATCH,/commerce/quotes/:quoteId/status/:status,/commerce/quotes/:param/status/:param,updateQuoteStatus,CommerceController,apps/server/src/modules/commerce/commerce.controller.ts,commerce,CommerceModule,TRUE,AuthGuard BusinessGuard,2,,,FALSE
GET,/commerce/invoices/:invoiceId/receipt,/commerce/invoices/:param/receipt,getReceipt,CommerceController,apps/server/src/modules/commerce/commerce.controller.ts,commerce,CommerceModule,TRUE,AuthGuard BusinessGuard,2,,,FALSE
GET,/commerce/invoices/:invoiceId,/commerce/invoices/:param,getInvoice,CommerceController,apps/server/src/modules/commerce/commerce.controller.ts,commerce,CommerceModule,TRUE,,0,,,TRUE
PATCH,/commerce/businesses/:businessId/invoices/bulk,/commerce/businesses/:param/invoices/bulk,bulkUpdateInvoices,CommerceController,apps/server/src/modules/commerce/commerce.controller.ts,commerce,CommerceModule,TRUE,AuthGuard BusinessGuard ModuleScopeGuard,3,"revenue,write",,FALSE
PATCH,/commerce/businesses/:businessId/quotes/bulk,/commerce/businesses/:param/quotes/bulk,bulkUpdateQuotes,CommerceController,apps/server/src/modules/commerce/commerce.controller.ts,commerce,CommerceModule,TRUE,AuthGuard BusinessGuard ModuleScopeGuard,3,"revenue,write",,FALSE
DELETE,/commerce/businesses/:businessId/invoices/:invoiceId,/commerce/businesses/:param/invoices/:param,deleteInvoice,CommerceController,apps/server/src/modules/commerce/commerce.controller.ts,commerce,CommerceModule,TRUE,AuthGuard BusinessGuard ModuleScopeGuard,3,"revenue,write",,FALSE
PATCH,/commerce/businesses/:businessId/invoices/:invoiceId,/commerce/businesses/:param/invoices/:param,updateInvoice,CommerceController,apps/server/src/modules/commerce/commerce.controller.ts,commerce,CommerceModule,TRUE,AuthGuard BusinessGuard ModuleScopeGuard,3,"revenue,write",,FALSE
GET,/commerce/businesses/:businessId/quotes,/commerce/businesses/:param/quotes,listQuotes,CommerceController,apps/server/src/modules/commerce/commerce.controller.ts,commerce,CommerceModule,TRUE,AuthGuard BusinessGuard ModuleScopeGuard,3,"revenue,read",,FALSE
GET,/commerce/businesses/:businessId/quotes/stale,/commerce/businesses/:param/quotes/stale,listStaleQuotes,CommerceController,apps/server/src/modules/commerce/commerce.controller.ts,commerce,CommerceModule,TRUE,AuthGuard BusinessGuard ModuleScopeGuard,3,"revenue,read",,FALSE
POST,/commerce/businesses/:businessId/quotes/:quoteId/follow-up,/commerce/businesses/:param/quotes/:param/follow-up,sendQuoteFollowUp,CommerceController,apps/server/src/modules/commerce/commerce.controller.ts,commerce,CommerceModule,TRUE,AuthGuard BusinessGuard ModuleScopeGuard,3,"revenue,write",,FALSE
GET,/commerce/quotes/:quoteId,/commerce/quotes/:param,getQuote,CommerceController,apps/server/src/modules/commerce/commerce.controller.ts,commerce,CommerceModule,TRUE,,0,,TRUE,FALSE
GET,/commerce/public/quotes/:token,/commerce/public/quotes/:param,getPublicQuote,CommerceController,apps/server/src/modules/commerce/commerce.controller.ts,commerce,CommerceModule,TRUE,PublicRateLimitGuard,1,,,FALSE
POST,/commerce/public/quotes/:token/accept,/commerce/public/quotes/:param/accept,acceptPublicQuote,CommerceController,apps/server/src/modules/commerce/commerce.controller.ts,commerce,CommerceModule,TRUE,PublicRateLimitGuard,1,,,FALSE
POST,/commerce/public/quotes/:token/reject,/commerce/public/quotes/:param/reject,rejectPublicQuote,CommerceController,apps/server/src/modules/commerce/commerce.controller.ts,commerce,CommerceModule,TRUE,PublicRateLimitGuard,1,,,FALSE
POST,/commerce/businesses/:businessId/quotes,/commerce/businesses/:param/quotes,createQuote,CommerceController,apps/server/src/modules/commerce/commerce.controller.ts,commerce,CommerceModule,TRUE,AuthGuard BusinessGuard ModuleScopeGuard,3,"revenue,write",,FALSE
PATCH,/commerce/businesses/:businessId/quotes/:quoteId,/commerce/businesses/:param/quotes/:param,updateQuote,CommerceController,apps/server/src/modules/commerce/commerce.controller.ts,commerce,CommerceModule,TRUE,AuthGuard BusinessGuard ModuleScopeGuard,3,"revenue,write",,FALSE
DELETE,/commerce/businesses/:businessId/quotes/:quoteId,/commerce/businesses/:param/quotes/:param,deleteQuote,CommerceController,apps/server/src/modules/commerce/commerce.controller.ts,commerce,CommerceModule,TRUE,AuthGuard BusinessGuard ModuleScopeGuard,3,"revenue,write",,FALSE
POST,/commerce/businesses/:businessId/quotes/:quoteId/convert,/commerce/businesses/:param/quotes/:param/convert,convertQuoteToInvoice,CommerceController,apps/server/src/modules/commerce/commerce.controller.ts,commerce,CommerceModule,TRUE,AuthGuard BusinessGuard ModuleScopeGuard,3,"revenue,write",,FALSE
GET,/commerce/businesses/:businessId/gmail/auth-url,/commerce/businesses/:param/gmail/auth-url,getGmailAuthUrl,CommerceController,apps/server/src/modules/commerce/commerce.controller.ts,commerce,CommerceModule,TRUE,AuthGuard BusinessGuard ModuleScopeGuard,3,"revenue,read",,FALSE
GET,/commerce/gmail/callback,/commerce/gmail/callback,handleGmailCallback,CommerceController,apps/server/src/modules/commerce/commerce.controller.ts,commerce,CommerceModule,TRUE,,0,,,TRUE
GET,/commerce/businesses/:businessId/gmail/status,/commerce/businesses/:param/gmail/status,getGmailStatus,CommerceController,apps/server/src/modules/commerce/commerce.controller.ts,commerce,CommerceModule,TRUE,AuthGuard BusinessGuard ModuleScopeGuard,3,"revenue,read",,FALSE
DELETE,/commerce/businesses/:businessId/gmail,/commerce/businesses/:param/gmail,disconnectGmail,CommerceController,apps/server/src/modules/commerce/commerce.controller.ts,commerce,CommerceModule,TRUE,AuthGuard BusinessGuard ModuleScopeGuard,3,"revenue,write",,FALSE
GET,/commerce/businesses/:businessId/gmail/threads,/commerce/businesses/:param/gmail/threads,listGmailThreads,CommerceController,apps/server/src/modules/commerce/commerce.controller.ts,commerce,CommerceModule,TRUE,AuthGuard BusinessGuard ModuleScopeGuard,3,"revenue,read",,FALSE
GET,/commerce/businesses/:businessId/gmail/threads/:threadId,/commerce/businesses/:param/gmail/threads/:param,getGmailThread,CommerceController,apps/server/src/modules/commerce/commerce.controller.ts,commerce,CommerceModule,TRUE,AuthGuard BusinessGuard ModuleScopeGuard,3,"revenue,read",,FALSE
GET,/commerce/businesses/:businessId/gmail/labels,/commerce/businesses/:param/gmail/labels,listGmailLabels,CommerceController,apps/server/src/modules/commerce/commerce.controller.ts,commerce,CommerceModule,TRUE,AuthGuard BusinessGuard ModuleScopeGuard,3,"revenue,read",,FALSE
POST,/commerce/businesses/:businessId/gmail/messages/:messageId/:action,/commerce/businesses/:param/gmail/messages/:param/:param,modifyGmailMessage,CommerceController,apps/server/src/modules/commerce/commerce.controller.ts,commerce,CommerceModule,TRUE,AuthGuard BusinessGuard ModuleScopeGuard,3,"revenue,write",,FALSE
POST,/commerce/businesses/:businessId/gmail/messages/send,/commerce/businesses/:param/gmail/messages/send,sendGmailMessage,CommerceController,apps/server/src/modules/commerce/commerce.controller.ts,commerce,CommerceModule,TRUE,AuthGuard BusinessGuard ModuleScopeGuard,3,"revenue,write",,FALSE
POST,/commerce/businesses/:businessId/gmail/threads/:threadId/reply,/commerce/businesses/:param/gmail/threads/:param/reply,replyGmailThread,CommerceController,apps/server/src/modules/commerce/commerce.controller.ts,commerce,CommerceModule,TRUE,AuthGuard BusinessGuard ModuleScopeGuard,3,"revenue,write",,FALSE
POST,/commerce/businesses/:businessId/quotes/:quoteId/send-email,/commerce/businesses/:param/quotes/:param/send-email,sendQuoteEmail,CommerceController,apps/server/src/modules/commerce/commerce.controller.ts,commerce,CommerceModule,TRUE,AuthGuard BusinessGuard ModuleScopeGuard,3,"revenue,write",,FALSE
POST,/commerce/businesses/:businessId/invoices/:invoiceId/send-email,/commerce/businesses/:param/invoices/:param/send-email,sendInvoiceEmail,CommerceController,apps/server/src/modules/commerce/commerce.controller.ts,commerce,CommerceModule,TRUE,AuthGuard BusinessGuard ModuleScopeGuard,3,"revenue,write",,FALSE
POST,/commerce/businesses/:businessId/invoices/:invoiceId/send-reminder,/commerce/businesses/:param/invoices/:param/send-reminder,sendInvoiceReminder,CommerceController,apps/server/src/modules/commerce/commerce.controller.ts,commerce,CommerceModule,TRUE,AuthGuard BusinessGuard ModuleScopeGuard,3,"revenue,write",,FALSE
POST,/commerce/businesses/:businessId/invoices/:invoiceId/resend-receipt,/commerce/businesses/:param/invoices/:param/resend-receipt,resendInvoiceReceipt,CommerceController,apps/server/src/modules/commerce/commerce.controller.ts,commerce,CommerceModule,TRUE,AuthGuard BusinessGuard ModuleScopeGuard,3,"revenue,write",,FALSE
GET,/commerce/businesses/:businessId/invoices/:invoiceId/timeline,/commerce/businesses/:param/invoices/:param/timeline,getInvoiceTimeline,CommerceController,apps/server/src/modules/commerce/commerce.controller.ts,commerce,CommerceModule,TRUE,AuthGuard BusinessGuard ModuleScopeGuard,3,"revenue,read",,FALSE
GET,/commerce/public/invoice-link/:token,/commerce/public/invoice-link/:param,getPublicInvoiceByToken,CommerceController,apps/server/src/modules/commerce/commerce.controller.ts,commerce,CommerceModule,TRUE,PublicRateLimitGuard,1,,,FALSE
GET,/commerce/businesses/:businessId/invoices/:invoiceId/payments,/commerce/businesses/:param/invoices/:param/payments,listPayments,CommerceController,apps/server/src/modules/commerce/commerce.controller.ts,commerce,CommerceModule,TRUE,AuthGuard BusinessGuard ModuleScopeGuard,3,"revenue,read",,FALSE
POST,/commerce/businesses/:businessId/invoices/:invoiceId/payments,/commerce/businesses/:param/invoices/:param/payments,recordPayment,CommerceController,apps/server/src/modules/commerce/commerce.controller.ts,commerce,CommerceModule,TRUE,AuthGuard BusinessGuard ModuleScopeGuard,3,"revenue,write",,FALSE
POST,/commerce/businesses/:businessId/invoices/:invoiceId/payments/from-evidence,/commerce/businesses/:param/invoices/:param/payments/from-evidence,recordPaymentFromEvidence,CommerceController,apps/server/src/modules/commerce/commerce.controller.ts,commerce,CommerceModule,TRUE,AuthGuard BusinessGuard ModuleScopeGuard,3,"revenue,write",,FALSE
POST,/commerce/businesses/:businessId/payments/extract-evidence,/commerce/businesses/:param/payments/extract-evidence,extractPaymentEvidence,CommerceController,apps/server/src/modules/commerce/commerce.controller.ts,commerce,CommerceModule,TRUE,AuthGuard BusinessGuard ModuleScopeGuard,3,"revenue,write",,FALSE
GET,/commerce/businesses/:businessId/campaigns/:campaignId/revenue,/commerce/businesses/:param/campaigns/:param/revenue,getCampaignRevenue,CommerceController,apps/server/src/modules/commerce/commerce.controller.ts,commerce,CommerceModule,TRUE,AuthGuard BusinessGuard ModuleScopeGuard,3,"revenue,read",,FALSE
GET,/commerce/businesses/:businessId/payments,/commerce/businesses/:param/payments,listAllPayments,CommerceController,apps/server/src/modules/commerce/commerce.controller.ts,commerce,CommerceModule,TRUE,AuthGuard BusinessGuard ModuleScopeGuard,3,"revenue,read",,FALSE
POST,/commerce/businesses/:businessId/payments/:paymentId/refund,/commerce/businesses/:param/payments/:param/refund,refundPayment,CommerceController,apps/server/src/modules/commerce/commerce.controller.ts,commerce,CommerceModule,TRUE,AuthGuard BusinessGuard ModuleScopeGuard,3,"revenue,write",,FALSE
POST,/commerce/businesses/:businessId/payments/:paymentId/retry,/commerce/businesses/:param/payments/:param/retry,retryPayment,CommerceController,apps/server/src/modules/commerce/commerce.controller.ts,commerce,CommerceModule,TRUE,AuthGuard BusinessGuard ModuleScopeGuard,3,"revenue,write",,FALSE
POST,/commerce/businesses/:businessId/invoices/:invoiceId/receipt/resend,/commerce/businesses/:param/invoices/:param/receipt/resend,resendReceipt,CommerceController,apps/server/src/modules/commerce/commerce.controller.ts,commerce,CommerceModule,TRUE,AuthGuard BusinessGuard ModuleScopeGuard,3,"revenue,write",,FALSE
POST,/commerce/businesses/:businessId/invoices/:invoiceId/payment-link,/commerce/businesses/:param/invoices/:param/payment-link,createPaymentLink,CommerceController,apps/server/src/modules/commerce/commerce.controller.ts,commerce,CommerceModule,TRUE,AuthGuard BusinessGuard ModuleScopeGuard,3,"revenue,write",,FALSE
GET,/commerce/businesses/:businessId/payment-links,/commerce/businesses/:param/payment-links,listPaymentLinks,CommerceController,apps/server/src/modules/commerce/commerce.controller.ts,commerce,CommerceModule,TRUE,AuthGuard BusinessGuard ModuleScopeGuard,3,"revenue,read",,FALSE
DELETE,/commerce/businesses/:businessId/payment-links/:id,/commerce/businesses/:param/payment-links/:param,deactivatePaymentLink,CommerceController,apps/server/src/modules/commerce/commerce.controller.ts,commerce,CommerceModule,TRUE,AuthGuard BusinessGuard ModuleScopeGuard,3,"revenue,write",,FALSE
GET,/commerce/payment-links/:token,/commerce/payment-links/:param,getPaymentLinkByToken,CommerceController,apps/server/src/modules/commerce/commerce.controller.ts,commerce,CommerceModule,TRUE,PublicRateLimitGuard,1,,,FALSE
POST,/commerce/invoices/:invoiceId/payment-intent,/commerce/invoices/:param/payment-intent,recordPublicPaymentIntent,CommerceController,apps/server/src/modules/commerce/commerce.controller.ts,commerce,CommerceModule,TRUE,PublicRateLimitGuard,1,,,FALSE
GET,/commerce/businesses/:businessId/store/readiness,/commerce/businesses/:param/store/readiness,getStoreReadiness,CommerceController,apps/server/src/modules/commerce/commerce.controller.ts,commerce,CommerceModule,TRUE,AuthGuard BusinessGuard ModuleScopeGuard,3,"revenue,read",,FALSE
GET,/commerce/businesses/:businessId/store/graph,/commerce/businesses/:param/store/graph,getStoreGraph,CommerceController,apps/server/src/modules/commerce/commerce.controller.ts,commerce,CommerceModule,TRUE,AuthGuard BusinessGuard ModuleScopeGuard,3,"revenue,read",,FALSE
POST,/commerce/businesses/:businessId/store/backfill-links,/commerce/businesses/:param/store/backfill-links,backfillStoreLinks,CommerceController,apps/server/src/modules/commerce/commerce.controller.ts,commerce,CommerceModule,TRUE,AuthGuard BusinessGuard ModuleScopeGuard,3,"revenue,write",,FALSE
GET,/commerce/document-templates/businesses/:businessId,/commerce/document-templates/businesses/:param,list,DocumentTemplateController,apps/server/src/modules/commerce/document-template/document-template.controller.ts,commerce,DocumentTemplateModule,TRUE,AuthGuard CrmRateLimitGuard BusinessGuard,3,,,FALSE
POST,/commerce/document-templates/businesses/:businessId,/commerce/document-templates/businesses/:param,create,DocumentTemplateController,apps/server/src/modules/commerce/document-template/document-template.controller.ts,commerce,DocumentTemplateModule,TRUE,AuthGuard CrmRateLimitGuard BusinessGuard,3,,,FALSE
PATCH,/commerce/document-templates/businesses/:businessId/:id,/commerce/document-templates/businesses/:param/:param,update,DocumentTemplateController,apps/server/src/modules/commerce/document-template/document-template.controller.ts,commerce,DocumentTemplateModule,TRUE,AuthGuard CrmRateLimitGuard BusinessGuard,3,,,FALSE
DELETE,/commerce/document-templates/businesses/:businessId/:id,/commerce/document-templates/businesses/:param/:param,delete,DocumentTemplateController,apps/server/src/modules/commerce/document-template/document-template.controller.ts,commerce,DocumentTemplateModule,TRUE,AuthGuard CrmRateLimitGuard BusinessGuard,3,,,FALSE
POST,/commerce/document-templates/businesses/:businessId/:id/set-default,/commerce/document-templates/businesses/:param/:param/set-default,setDefault,DocumentTemplateController,apps/server/src/modules/commerce/document-template/document-template.controller.ts,commerce,DocumentTemplateModule,TRUE,AuthGuard CrmRateLimitGuard BusinessGuard,3,,,FALSE
POST,/drive/businesses/:businessId/sync,/drive/businesses/:param/sync,sync,DriveIntakeController,apps/server/src/modules/commerce/drive-intake.controller.ts,commerce,CommerceModule,TRUE,AuthGuard BusinessGuard,2,,,FALSE
GET,/drive/businesses/:businessId/intake,/drive/businesses/:param/intake,listIntake,DriveIntakeController,apps/server/src/modules/commerce/drive-intake.controller.ts,commerce,CommerceModule,TRUE,AuthGuard BusinessGuard,2,,,FALSE
POST,/drive/businesses/:businessId/intake/:intakeFileId/approve,/drive/businesses/:param/intake/:param/approve,approve,DriveIntakeController,apps/server/src/modules/commerce/drive-intake.controller.ts,commerce,CommerceModule,TRUE,AuthGuard BusinessGuard,2,,,FALSE
POST,/drive/businesses/:businessId/intake/:intakeFileId/reject,/drive/businesses/:param/intake/:param/reject,reject,DriveIntakeController,apps/server/src/modules/commerce/drive-intake.controller.ts,commerce,CommerceModule,TRUE,AuthGuard BusinessGuard,2,,,FALSE
GET,/commerce/businesses/:businessId/financial-pulse,/commerce/businesses/:param/financial-pulse,getFinancialPulse,FinancialCopilotController,apps/server/src/modules/commerce/financial-copilot.controller.ts,commerce,CommerceModule,TRUE,CrmRateLimitGuard AuthGuard BusinessGuard,3,,,FALSE
GET,/commerce/businesses/:businessId/financial-alerts,/commerce/businesses/:param/financial-alerts,getFinancialAlerts,FinancialCopilotController,apps/server/src/modules/commerce/financial-copilot.controller.ts,commerce,CommerceModule,TRUE,CrmRateLimitGuard AuthGuard BusinessGuard,3,,,FALSE
GET,/commerce/businesses/:businessId/cash-flow-forecast,/commerce/businesses/:param/cash-flow-forecast,getCashFlowForecast,FinancialCopilotController,apps/server/src/modules/commerce/financial-copilot.controller.ts,commerce,CommerceModule,TRUE,CrmRateLimitGuard AuthGuard BusinessGuard,3,,,FALSE
POST,/commerce/businesses/:businessId/weekly-briefing,/commerce/businesses/:param/weekly-briefing,generateWeeklyBriefing,FinancialCopilotController,apps/server/src/modules/commerce/financial-copilot.controller.ts,commerce,CommerceModule,TRUE,CrmRateLimitGuard AuthGuard BusinessGuard,3,,,FALSE
GET,/commerce/businesses/:businessId/revenue-attributions/:revenueType/:revenueId,/commerce/businesses/:param/revenue-attributions/:param/:param,getAttribution,LeverageController,apps/server/src/modules/commerce/leverage.controller.ts,commerce,CommerceModule,TRUE,AuthGuard BusinessGuard ModuleScopeGuard,3,"revenue,read",,FALSE
PATCH,/commerce/businesses/:businessId/revenue-attributions/:revenueType/:revenueId,/commerce/businesses/:param/revenue-attributions/:param/:param,updateAttribution,LeverageController,apps/server/src/modules/commerce/leverage.controller.ts,commerce,CommerceModule,TRUE,AuthGuard BusinessGuard ModuleScopeGuard,3,"revenue,write",,FALSE
GET,/commerce/businesses/:businessId/time-cost/by-ref/:refType/:refId,/commerce/businesses/:param/time-cost/by-ref/:param/:param,listForRef,LeverageController,apps/server/src/modules/commerce/leverage.controller.ts,commerce,CommerceModule,TRUE,AuthGuard BusinessGuard ModuleScopeGuard,3,"revenue,read",,FALSE
POST,/commerce/businesses/:businessId/time-cost,/commerce/businesses/:param/time-cost,create,LeverageController,apps/server/src/modules/commerce/leverage.controller.ts,commerce,CommerceModule,TRUE,AuthGuard BusinessGuard ModuleScopeGuard,3,"revenue,write",,FALSE
PATCH,/commerce/businesses/:businessId/time-cost/:id,/commerce/businesses/:param/time-cost/:param,update,LeverageController,apps/server/src/modules/commerce/leverage.controller.ts,commerce,CommerceModule,TRUE,AuthGuard BusinessGuard ModuleScopeGuard,3,"revenue,write",,FALSE
DELETE,/commerce/businesses/:businessId/time-cost/:id,/commerce/businesses/:param/time-cost/:param,remove,LeverageController,apps/server/src/modules/commerce/leverage.controller.ts,commerce,CommerceModule,TRUE,AuthGuard BusinessGuard ModuleScopeGuard,3,"revenue,write",,FALSE
GET,/commerce/businesses/:businessId/time-cost/contact/:contactId,/commerce/businesses/:param/time-cost/contact/:param,contactRollup,LeverageController,apps/server/src/modules/commerce/leverage.controller.ts,commerce,CommerceModule,TRUE,AuthGuard BusinessGuard ModuleScopeGuard,3,"revenue,read",,FALSE
GET,/commerce/businesses/:businessId/leverage/metrics/:type/:id,/commerce/businesses/:param/leverage/metrics/:param/:param,leverageMetrics,LeverageController,apps/server/src/modules/commerce/leverage.controller.ts,commerce,CommerceModule,TRUE,AuthGuard BusinessGuard ModuleScopeGuard,3,"revenue,read",,FALSE
GET,/commerce/businesses/:businessId/time-cost/rollup,/commerce/businesses/:param/time-cost/rollup,businessRollup,LeverageController,apps/server/src/modules/commerce/leverage.controller.ts,commerce,CommerceModule,TRUE,AuthGuard BusinessGuard ModuleScopeGuard,3,"revenue,read",,FALSE
GET,/commerce/businesses/:businessId/recurring-invoices,/commerce/businesses/:param/recurring-invoices,list,RecurringInvoiceController,apps/server/src/modules/commerce/recurring-invoice.controller.ts,commerce,CommerceModule,TRUE,AuthGuard BusinessGuard ModuleScopeGuard,3,"revenue,read",,FALSE
GET,/commerce/businesses/:businessId/recurring-invoices/:id,/commerce/businesses/:param/recurring-invoices/:param,get,RecurringInvoiceController,apps/server/src/modules/commerce/recurring-invoice.controller.ts,commerce,CommerceModule,TRUE,AuthGuard BusinessGuard ModuleScopeGuard,3,"revenue,read",,FALSE
POST,/commerce/businesses/:businessId/recurring-invoices,/commerce/businesses/:param/recurring-invoices,create,RecurringInvoiceController,apps/server/src/modules/commerce/recurring-invoice.controller.ts,commerce,CommerceModule,TRUE,AuthGuard BusinessGuard ModuleScopeGuard,3,"revenue,write",,FALSE
PATCH,/commerce/businesses/:businessId/recurring-invoices/:id,/commerce/businesses/:param/recurring-invoices/:param,update,RecurringInvoiceController,apps/server/src/modules/commerce/recurring-invoice.controller.ts,commerce,CommerceModule,TRUE,AuthGuard BusinessGuard ModuleScopeGuard,3,"revenue,write",,FALSE
GET,/commerce/businesses/:businessId/recurring-invoices/:id/history,/commerce/businesses/:param/recurring-invoices/:param/history,history,RecurringInvoiceController,apps/server/src/modules/commerce/recurring-invoice.controller.ts,commerce,CommerceModule,TRUE,AuthGuard BusinessGuard ModuleScopeGuard,3,"revenue,read",,FALSE
POST,/commerce/businesses/:businessId/recurring-invoices/:id/pause,/commerce/businesses/:param/recurring-invoices/:param/pause,pause,RecurringInvoiceController,apps/server/src/modules/commerce/recurring-invoice.controller.ts,commerce,CommerceModule,TRUE,AuthGuard BusinessGuard ModuleScopeGuard,3,"revenue,write",,FALSE
POST,/commerce/businesses/:businessId/recurring-invoices/:id/resume,/commerce/businesses/:param/recurring-invoices/:param/resume,resume,RecurringInvoiceController,apps/server/src/modules/commerce/recurring-invoice.controller.ts,commerce,CommerceModule,TRUE,AuthGuard BusinessGuard ModuleScopeGuard,3,"revenue,write",,FALSE
DELETE,/commerce/businesses/:businessId/recurring-invoices/:id,/commerce/businesses/:param/recurring-invoices/:param,cancel,RecurringInvoiceController,apps/server/src/modules/commerce/recurring-invoice.controller.ts,commerce,CommerceModule,TRUE,AuthGuard BusinessGuard ModuleScopeGuard,3,"revenue,write",,FALSE
GET,/commerce/businesses/:businessId/revenue-actions,/commerce/businesses/:param/revenue-actions,list,RevenueActionController,apps/server/src/modules/commerce/revenue-action.controller.ts,commerce,CommerceModule,TRUE,AuthGuard BusinessGuard,2,,,FALSE
GET,/commerce/businesses/:businessId/revenue-actions/overview,/commerce/businesses/:param/revenue-actions/overview,overview,RevenueActionController,apps/server/src/modules/commerce/revenue-action.controller.ts,commerce,CommerceModule,TRUE,AuthGuard BusinessGuard,2,,,FALSE
POST,/commerce/businesses/:businessId/revenue-actions/reconcile,/commerce/businesses/:param/revenue-actions/reconcile,reconcile,RevenueActionController,apps/server/src/modules/commerce/revenue-action.controller.ts,commerce,CommerceModule,TRUE,AuthGuard BusinessGuard,2,,,FALSE
POST,/commerce/businesses/:businessId/revenue-actions/:id/complete,/commerce/businesses/:param/revenue-actions/:param/complete,complete,RevenueActionController,apps/server/src/modules/commerce/revenue-action.controller.ts,commerce,CommerceModule,TRUE,AuthGuard BusinessGuard,2,,,FALSE
POST,/commerce/businesses/:businessId/revenue-actions/:id/dismiss,/commerce/businesses/:param/revenue-actions/:param/dismiss,dismiss,RevenueActionController,apps/server/src/modules/commerce/revenue-action.controller.ts,commerce,CommerceModule,TRUE,AuthGuard BusinessGuard,2,,,FALSE
POST,/commerce/businesses/:businessId/revenue-actions/:id/snooze,/commerce/businesses/:param/revenue-actions/:param/snooze,snooze,RevenueActionController,apps/server/src/modules/commerce/revenue-action.controller.ts,commerce,CommerceModule,TRUE,AuthGuard BusinessGuard,2,,,FALSE
GET,/commerce/businesses/:businessId/revenue-intelligence/forecast,/commerce/businesses/:param/revenue-intelligence/forecast,getForecast,RevenueIntelligenceController,apps/server/src/modules/commerce/revenue-intelligence.controller.ts,commerce,CommerceModule,TRUE,AuthGuard BusinessGuard,2,,,FALSE
GET,/commerce/businesses/:businessId/revenue-intelligence/slow-payers,/commerce/businesses/:param/revenue-intelligence/slow-payers,getSlowPayers,RevenueIntelligenceController,apps/server/src/modules/commerce/revenue-intelligence.controller.ts,commerce,CommerceModule,TRUE,AuthGuard BusinessGuard,2,,,FALSE
GET,/commerce/businesses/:businessId/revenue-intelligence/pricing-signals,/commerce/businesses/:param/revenue-intelligence/pricing-signals,getPricingSignals,RevenueIntelligenceController,apps/server/src/modules/commerce/revenue-intelligence.controller.ts,commerce,CommerceModule,TRUE,AuthGuard BusinessGuard,2,,,FALSE
GET,/commerce/businesses/:businessId/revenue-intelligence/briefing,/commerce/businesses/:param/revenue-intelligence/briefing,getBriefing,RevenueIntelligenceController,apps/server/src/modules/commerce/revenue-intelligence.controller.ts,commerce,CommerceModule,TRUE,AuthGuard BusinessGuard,2,,,FALSE
POST,/commerce/businesses/:businessId/revenue-intelligence/briefing/regenerate,/commerce/businesses/:param/revenue-intelligence/briefing/regenerate,regenerateBriefing,RevenueIntelligenceController,apps/server/src/modules/commerce/revenue-intelligence.controller.ts,commerce,CommerceModule,TRUE,AuthGuard BusinessGuard,2,,,FALSE
POST,/commerce/businesses/:businessId/revenue-intelligence/briefing/delegate-chase,/commerce/businesses/:param/revenue-intelligence/briefing/delegate-chase,delegateChase,RevenueIntelligenceController,apps/server/src/modules/commerce/revenue-intelligence.controller.ts,commerce,CommerceModule,TRUE,AuthGuard BusinessGuard,2,,,FALSE
GET,/commerce/businesses/:businessId/revenue-reports/:preset,/commerce/businesses/:param/revenue-reports/:param,getPreset,RevenueReportingController,apps/server/src/modules/commerce/revenue-reporting.controller.ts,commerce,CommerceModule,TRUE,AuthGuard BusinessGuard,2,,,FALSE
GET,/communications/health,/communications/health,health,CommunicationsController,apps/server/src/modules/communications/communications.controller.ts,communications,CommunicationsModule,TRUE,,0,,,TRUE
GET,/communications/businesses/:businessId/connections/health-summary,/communications/businesses/:param/connections/health-summary,healthSummary,CommunicationsController,apps/server/src/modules/communications/communications.controller.ts,communications,CommunicationsModule,TRUE,AuthGuard BusinessGuard,2,,,FALSE
GET,/communications/businesses/:businessId/connections,/communications/businesses/:param/connections,listConnections,CommunicationsController,apps/server/src/modules/communications/communications.controller.ts,communications,CommunicationsModule,TRUE,AuthGuard BusinessGuard,2,,,FALSE
GET,/communications/businesses/:businessId/connections/:id,/communications/businesses/:param/connections/:param,getConnection,CommunicationsController,apps/server/src/modules/communications/communications.controller.ts,communications,CommunicationsModule,TRUE,AuthGuard BusinessGuard,2,,,FALSE
POST,/communications/businesses/:businessId/connections/sync-from-social,/communications/businesses/:param/connections/sync-from-social,syncFromSocial,CommunicationsController,apps/server/src/modules/communications/communications.controller.ts,communications,CommunicationsModule,TRUE,AuthGuard BusinessGuard,2,,,FALSE
POST,/communications/businesses/:businessId/connections,/communications/businesses/:param/connections,createConnection,CommunicationsController,apps/server/src/modules/communications/communications.controller.ts,communications,CommunicationsModule,TRUE,AuthGuard BusinessGuard,2,,,FALSE
PATCH,/communications/businesses/:businessId/connections/:id,/communications/businesses/:param/connections/:param,updateConnection,CommunicationsController,apps/server/src/modules/communications/communications.controller.ts,communications,CommunicationsModule,TRUE,AuthGuard BusinessGuard,2,,,FALSE
DELETE,/communications/businesses/:businessId/connections/:id,/communications/businesses/:param/connections/:param,deleteConnection,CommunicationsController,apps/server/src/modules/communications/communications.controller.ts,communications,CommunicationsModule,TRUE,AuthGuard BusinessGuard,2,,,FALSE
POST,/communications/businesses/:businessId/connections/:id/health-check,/communications/businesses/:param/connections/:param/health-check,healthCheck,CommunicationsController,apps/server/src/modules/communications/communications.controller.ts,communications,CommunicationsModule,TRUE,AuthGuard BusinessGuard,2,,,FALSE
PATCH,/communications/businesses/:businessId/destinations/:destId/toggle,/communications/businesses/:param/destinations/:param/toggle,toggleDestination,CommunicationsController,apps/server/src/modules/communications/communications.controller.ts,communications,CommunicationsModule,TRUE,AuthGuard BusinessGuard,2,,,FALSE
GET,/communications/businesses/:businessId/destinations,/communications/businesses/:param/destinations,listDestinations,CommunicationsController,apps/server/src/modules/communications/communications.controller.ts,communications,CommunicationsModule,TRUE,AuthGuard BusinessGuard,2,,,FALSE
POST,/communications/businesses/:businessId/connections/:connectionId/destinations,/communications/businesses/:param/connections/:param/destinations,createDestination,CommunicationsController,apps/server/src/modules/communications/communications.controller.ts,communications,CommunicationsModule,TRUE,AuthGuard BusinessGuard,2,,,FALSE
POST,/communications/businesses/:businessId/email/validate-send,/communications/businesses/:param/email/validate-send,validateEmailSend,CommunicationsController,apps/server/src/modules/communications/communications.controller.ts,communications,CommunicationsModule,TRUE,AuthGuard BusinessGuard,2,,,FALSE
POST,/communications/businesses/:businessId/audience/expand,/communications/businesses/:param/audience/expand,expandAudience,CommunicationsController,apps/server/src/modules/communications/communications.controller.ts,communications,CommunicationsModule,TRUE,AuthGuard BusinessGuard,2,,,FALSE
POST,/communications/businesses/:businessId/whatsapp/verify-connection,/communications/businesses/:param/whatsapp/verify-connection,verifyWhatsAppConnection,CommunicationsController,apps/server/src/modules/communications/communications.controller.ts,communications,CommunicationsModule,TRUE,AuthGuard BusinessGuard,2,,,FALSE
POST,/communications/businesses/:businessId/whatsapp/list-phones,/communications/businesses/:param/whatsapp/list-phones,listWhatsAppPhones,CommunicationsController,apps/server/src/modules/communications/communications.controller.ts,communications,CommunicationsModule,TRUE,AuthGuard BusinessGuard,2,,,FALSE
POST,/communications/businesses/:businessId/whatsapp/connect,/communications/businesses/:param/whatsapp/connect,connectWhatsApp,CommunicationsController,apps/server/src/modules/communications/communications.controller.ts,communications,CommunicationsModule,TRUE,AuthGuard BusinessGuard,2,,,FALSE
GET,/communications/businesses/:businessId/audience/health,/communications/businesses/:param/audience/health,audienceHealth,CommunicationsController,apps/server/src/modules/communications/communications.controller.ts,communications,CommunicationsModule,TRUE,AuthGuard BusinessGuard,2,,,FALSE
GET,/communications/deliveries/:deliveryId/track-open,/communications/deliveries/:param/track-open,trackOpen,CommunicationsController,apps/server/src/modules/communications/communications.controller.ts,communications,CommunicationsModule,TRUE,,0,,,TRUE
GET,/communications/deliveries/:deliveryId/track-click,/communications/deliveries/:param/track-click,trackClick,CommunicationsController,apps/server/src/modules/communications/communications.controller.ts,communications,CommunicationsModule,TRUE,,0,,,TRUE
GET,/communications/businesses/:businessId/content,/communications/businesses/:param/content,listContent,CommunicationsController,apps/server/src/modules/communications/communications.controller.ts,communications,CommunicationsModule,TRUE,AuthGuard BusinessGuard,2,,,FALSE
GET,/communications/businesses/:businessId/content/:id,/communications/businesses/:param/content/:param,getContent,CommunicationsController,apps/server/src/modules/communications/communications.controller.ts,communications,CommunicationsModule,TRUE,AuthGuard BusinessGuard,2,,,FALSE
POST,/communications/businesses/:businessId/content,/communications/businesses/:param/content,createContent,CommunicationsController,apps/server/src/modules/communications/communications.controller.ts,communications,CommunicationsModule,TRUE,AuthGuard BusinessGuard,2,,,FALSE
PATCH,/communications/businesses/:businessId/content/:id,/communications/businesses/:param/content/:param,updateContent,CommunicationsController,apps/server/src/modules/communications/communications.controller.ts,communications,CommunicationsModule,TRUE,AuthGuard BusinessGuard,2,,,FALSE
DELETE,/communications/businesses/:businessId/content/:id,/communications/businesses/:param/content/:param,deleteContent,CommunicationsController,apps/server/src/modules/communications/communications.controller.ts,communications,CommunicationsModule,TRUE,AuthGuard BusinessGuard,2,,,FALSE
POST,/communications/businesses/:businessId/content/:id/variants,/communications/businesses/:param/content/:param/variants,upsertVariant,CommunicationsController,apps/server/src/modules/communications/communications.controller.ts,communications,CommunicationsModule,TRUE,AuthGuard BusinessGuard,2,,,FALSE
POST,/communications/businesses/:businessId/content/:id/publish,/communications/businesses/:param/content/:param/publish,publishNow,CommunicationsController,apps/server/src/modules/communications/communications.controller.ts,communications,CommunicationsModule,TRUE,AuthGuard BusinessGuard,2,,,FALSE
POST,/communications/businesses/:businessId/content/:id/schedule,/communications/businesses/:param/content/:param/schedule,schedule,CommunicationsController,apps/server/src/modules/communications/communications.controller.ts,communications,CommunicationsModule,TRUE,AuthGuard BusinessGuard,2,,,FALSE
PATCH,/communications/businesses/:businessId/deliveries/:deliveryId/reschedule,/communications/businesses/:param/deliveries/:param/reschedule,reschedule,CommunicationsController,apps/server/src/modules/communications/communications.controller.ts,communications,CommunicationsModule,TRUE,AuthGuard BusinessGuard,2,,,FALSE
POST,/communications/businesses/:businessId/deliveries/:deliveryId/cancel,/communications/businesses/:param/deliveries/:param/cancel,cancel,CommunicationsController,apps/server/src/modules/communications/communications.controller.ts,communications,CommunicationsModule,TRUE,AuthGuard BusinessGuard,2,,,FALSE
POST,/communications/businesses/:businessId/deliveries/:deliveryId/retry,/communications/businesses/:param/deliveries/:param/retry,retry,CommunicationsController,apps/server/src/modules/communications/communications.controller.ts,communications,CommunicationsModule,TRUE,AuthGuard BusinessGuard,2,,,FALSE
GET,/communications/businesses/:businessId/content/:id/delivery-summary,/communications/businesses/:param/content/:param/delivery-summary,deliverySummary,CommunicationsController,apps/server/src/modules/communications/communications.controller.ts,communications,CommunicationsModule,TRUE,AuthGuard BusinessGuard,2,,,FALSE
GET,/communications/businesses/:businessId/deliveries,/communications/businesses/:param/deliveries,listDeliveries,CommunicationsController,apps/server/src/modules/communications/communications.controller.ts,communications,CommunicationsModule,TRUE,AuthGuard BusinessGuard,2,,,FALSE
GET,/communications/businesses/:businessId/deliveries/:deliveryId/events,/communications/businesses/:param/deliveries/:param/events,deliveryEvents,CommunicationsController,apps/server/src/modules/communications/communications.controller.ts,communications,CommunicationsModule,TRUE,AuthGuard BusinessGuard,2,,,FALSE
POST,/communications/businesses/:businessId/content/:id/retry-all,/communications/businesses/:param/content/:param/retry-all,retryAllFailed,CommunicationsController,apps/server/src/modules/communications/communications.controller.ts,communications,CommunicationsModule,TRUE,AuthGuard BusinessGuard,2,,,FALSE
POST,/communications/businesses/:businessId/content-ai/generate-draft,/communications/businesses/:param/content-ai/generate-draft,aiGenerateDraft,CommunicationsController,apps/server/src/modules/communications/communications.controller.ts,communications,CommunicationsModule,TRUE,AuthGuard BusinessGuard,2,,,FALSE
POST,/communications/businesses/:businessId/content-ai/rewrite,/communications/businesses/:param/content-ai/rewrite,aiRewrite,CommunicationsController,apps/server/src/modules/communications/communications.controller.ts,communications,CommunicationsModule,TRUE,AuthGuard BusinessGuard,2,,,FALSE
POST,/communications/businesses/:businessId/content-ai/suggest-subjects,/communications/businesses/:param/content-ai/suggest-subjects,aiSuggestSubjects,CommunicationsController,apps/server/src/modules/communications/communications.controller.ts,communications,CommunicationsModule,TRUE,AuthGuard BusinessGuard,2,,,FALSE
POST,/communications/businesses/:businessId/content-ai/suggest-cta,/communications/businesses/:param/content-ai/suggest-cta,aiSuggestCta,CommunicationsController,apps/server/src/modules/communications/communications.controller.ts,communications,CommunicationsModule,TRUE,AuthGuard BusinessGuard,2,,,FALSE
POST,/communications/businesses/:businessId/content-ai/suggest-hashtags,/communications/businesses/:param/content-ai/suggest-hashtags,aiSuggestHashtags,CommunicationsController,apps/server/src/modules/communications/communications.controller.ts,communications,CommunicationsModule,TRUE,AuthGuard BusinessGuard,2,,,FALSE
POST,/communications/businesses/:businessId/content-ai/shorten-expand,/communications/businesses/:param/content-ai/shorten-expand,aiShortenExpand,CommunicationsController,apps/server/src/modules/communications/communications.controller.ts,communications,CommunicationsModule,TRUE,AuthGuard BusinessGuard,2,,,FALSE
POST,/communications/businesses/:businessId/content-ai/suggest-channels,/communications/businesses/:param/content-ai/suggest-channels,aiSuggestChannels,CommunicationsController,apps/server/src/modules/communications/communications.controller.ts,communications,CommunicationsModule,TRUE,AuthGuard BusinessGuard,2,,,FALSE
POST,/communications/businesses/:businessId/content-ai/suggest-time,/communications/businesses/:param/content-ai/suggest-time,aiSuggestTime,CommunicationsController,apps/server/src/modules/communications/communications.controller.ts,communications,CommunicationsModule,TRUE,AuthGuard BusinessGuard,2,,,FALSE
POST,/communications/businesses/:businessId/content-ai/suggest-preview-text,/communications/businesses/:param/content-ai/suggest-preview-text,aiSuggestPreviewText,CommunicationsController,apps/server/src/modules/communications/communications.controller.ts,communications,CommunicationsModule,TRUE,AuthGuard BusinessGuard,2,,,FALSE
POST,/communications/businesses/:businessId/content-ai/suggest-audience-segments,/communications/businesses/:param/content-ai/suggest-audience-segments,aiSuggestAudienceSegments,CommunicationsController,apps/server/src/modules/communications/communications.controller.ts,communications,CommunicationsModule,TRUE,AuthGuard BusinessGuard,2,,,FALSE
POST,/communications/businesses/:businessId/content-ai/suggest-content-ideas,/communications/businesses/:param/content-ai/suggest-content-ideas,aiSuggestContentIdeas,CommunicationsController,apps/server/src/modules/communications/communications.controller.ts,communications,CommunicationsModule,TRUE,AuthGuard BusinessGuard,2,,,FALSE
POST,/communications/inbound/email,/communications/inbound/email,email,InboundCommunicationsController,apps/server/src/modules/communications/inbound-communications.controller.ts,communications,CommunicationsModule,TRUE,,0,,TRUE,FALSE
POST,/communications/inbound/sms,/communications/inbound/sms,sms,InboundCommunicationsController,apps/server/src/modules/communications/inbound-communications.controller.ts,communications,CommunicationsModule,TRUE,,0,,TRUE,FALSE
GET,/communications/businesses/:businessId/message-intake,/communications/businesses/:param/message-intake,list,MessageIntakeController,apps/server/src/modules/communications/message-intake.controller.ts,communications,CommunicationsModule,TRUE,AuthGuard BusinessGuard,2,,,FALSE
POST,/communications/businesses/:businessId/message-intake/:intakeId/approve,/communications/businesses/:param/message-intake/:param/approve,approve,MessageIntakeController,apps/server/src/modules/communications/message-intake.controller.ts,communications,CommunicationsModule,TRUE,AuthGuard BusinessGuard,2,,,FALSE
POST,/communications/businesses/:businessId/message-intake/:intakeId/reject,/communications/businesses/:param/message-intake/:param/reject,reject,MessageIntakeController,apps/server/src/modules/communications/message-intake.controller.ts,communications,CommunicationsModule,TRUE,AuthGuard BusinessGuard,2,,,FALSE
GET,/api/communications/businesses/:businessId/channel-accounts,/api/communications/businesses/:param/channel-accounts,listChannelAccounts,OmnichannelController,apps/server/src/modules/communications/omnichannel.controller.ts,communications,CommunicationsModule,TRUE,BusinessGuard ModuleScopeGuard,2,,,FALSE
GET,/api/communications/businesses/:businessId/intents,/api/communications/businesses/:param/intents,listIntents,OmnichannelController,apps/server/src/modules/communications/omnichannel.controller.ts,communications,CommunicationsModule,TRUE,BusinessGuard ModuleScopeGuard,2,,,FALSE
POST,/api/communications/businesses/:businessId/intents/:id/score,/api/communications/businesses/:param/intents/:param/score,scoreIntent,OmnichannelController,apps/server/src/modules/communications/omnichannel.controller.ts,communications,CommunicationsModule,TRUE,BusinessGuard ModuleScopeGuard,2,,,FALSE
GET,/api/communications/businesses/:businessId/drafts,/api/communications/businesses/:param/drafts,listDrafts,OmnichannelController,apps/server/src/modules/communications/omnichannel.controller.ts,communications,CommunicationsModule,TRUE,BusinessGuard ModuleScopeGuard,2,,,FALSE
POST,/api/communications/businesses/:businessId/drafts/:id/approve,/api/communications/businesses/:param/drafts/:param/approve,approveDraft,OmnichannelController,apps/server/src/modules/communications/omnichannel.controller.ts,communications,CommunicationsModule,TRUE,BusinessGuard ModuleScopeGuard,2,,,FALSE
POST,/api/communications/businesses/:businessId/drafts/:id/reject,/api/communications/businesses/:param/drafts/:param/reject,rejectDraft,OmnichannelController,apps/server/src/modules/communications/omnichannel.controller.ts,communications,CommunicationsModule,TRUE,BusinessGuard ModuleScopeGuard,2,,,FALSE
POST,/api/communications/businesses/:businessId/drafts/:id/sent,/api/communications/businesses/:param/drafts/:param/sent,markDraftSent,OmnichannelController,apps/server/src/modules/communications/omnichannel.controller.ts,communications,CommunicationsModule,TRUE,BusinessGuard ModuleScopeGuard,2,,,FALSE
POST,/api/communications/businesses/:businessId/drafts/:id/send,/api/communications/businesses/:param/drafts/:param/send,sendDraft,OmnichannelController,apps/server/src/modules/communications/omnichannel.controller.ts,communications,CommunicationsModule,TRUE,BusinessGuard ModuleScopeGuard,2,,,FALSE
PATCH,/api/communications/businesses/:businessId/drafts/:id,/api/communications/businesses/:param/drafts/:param,updateDraft,OmnichannelController,apps/server/src/modules/communications/omnichannel.controller.ts,communications,CommunicationsModule,TRUE,BusinessGuard ModuleScopeGuard,2,,,FALSE
POST,/api/communications/businesses/:businessId/threads/:threadId/generate-reply,/api/communications/businesses/:param/threads/:param/generate-reply,generateReplyDraft,OmnichannelController,apps/server/src/modules/communications/omnichannel.controller.ts,communications,CommunicationsModule,TRUE,BusinessGuard ModuleScopeGuard,2,,,FALSE
GET,/api/communications/businesses/:businessId/consent/:contactId,/api/communications/businesses/:param/consent/:param,checkConsent,OmnichannelController,apps/server/src/modules/communications/omnichannel.controller.ts,communications,CommunicationsModule,TRUE,BusinessGuard ModuleScopeGuard,2,,,FALSE
POST,/api/communications/businesses/:businessId/consent,/api/communications/businesses/:param/consent,recordConsent,OmnichannelController,apps/server/src/modules/communications/omnichannel.controller.ts,communications,CommunicationsModule,TRUE,BusinessGuard ModuleScopeGuard,2,,,FALSE
GET,/api/communications/businesses/:businessId/consent,/api/communications/businesses/:param/consent,listConsent,OmnichannelController,apps/server/src/modules/communications/omnichannel.controller.ts,communications,CommunicationsModule,TRUE,BusinessGuard ModuleScopeGuard,2,,,FALSE
GET,/api/communications/businesses/:businessId/triggers,/api/communications/businesses/:param/triggers,listTriggers,OmnichannelController,apps/server/src/modules/communications/omnichannel.controller.ts,communications,CommunicationsModule,TRUE,BusinessGuard ModuleScopeGuard,2,,,FALSE
POST,/api/communications/businesses/:businessId/triggers,/api/communications/businesses/:param/triggers,createTrigger,OmnichannelController,apps/server/src/modules/communications/omnichannel.controller.ts,communications,CommunicationsModule,TRUE,BusinessGuard ModuleScopeGuard,2,,,FALSE
PATCH,/api/communications/businesses/:businessId/triggers/:id/toggle,/api/communications/businesses/:param/triggers/:param/toggle,toggleTrigger,OmnichannelController,apps/server/src/modules/communications/omnichannel.controller.ts,communications,CommunicationsModule,TRUE,BusinessGuard ModuleScopeGuard,2,,,FALSE
POST,/api/communications/businesses/:businessId/triggers/seed,/api/communications/businesses/:param/triggers/seed,seedTriggers,OmnichannelController,apps/server/src/modules/communications/omnichannel.controller.ts,communications,CommunicationsModule,TRUE,BusinessGuard ModuleScopeGuard,2,,,FALSE
GET,/api/communications/businesses/:businessId/unified-inbox,/api/communications/businesses/:param/unified-inbox,unifiedInbox,OmnichannelController,apps/server/src/modules/communications/omnichannel.controller.ts,communications,CommunicationsModule,TRUE,BusinessGuard ModuleScopeGuard,2,,,FALSE
GET,/community/posts,/community/posts,listPosts,CommunityController,apps/server/src/modules/community/community.controller.ts,community,CommunityModule,TRUE,CrmRateLimitGuard AuthGuard,2,,,FALSE
GET,/community/posts/:id,/community/posts/:param,getPost,CommunityController,apps/server/src/modules/community/community.controller.ts,community,CommunityModule,TRUE,CrmRateLimitGuard AuthGuard,2,,,FALSE
POST,/businesses/:businessId/community/posts,/businesses/:param/community/posts,createPost,CommunityController,apps/server/src/modules/community/community.controller.ts,community,CommunityModule,TRUE,CrmRateLimitGuard AuthGuard BusinessGuard,3,,,FALSE
PATCH,/businesses/:businessId/community/posts/:postId,/businesses/:param/community/posts/:param,updatePost,CommunityController,apps/server/src/modules/community/community.controller.ts,community,CommunityModule,TRUE,CrmRateLimitGuard AuthGuard BusinessGuard,3,,,FALSE
DELETE,/businesses/:businessId/community/posts/:postId,/businesses/:param/community/posts/:param,deletePost,CommunityController,apps/server/src/modules/community/community.controller.ts,community,CommunityModule,TRUE,CrmRateLimitGuard AuthGuard BusinessGuard,3,,,FALSE
POST,/community/posts/:postId/like,/community/posts/:param/like,likePost,CommunityController,apps/server/src/modules/community/community.controller.ts,community,CommunityModule,TRUE,CrmRateLimitGuard AuthGuard,2,,,FALSE
POST,/businesses/:businessId/community/posts/:postId/comments,/businesses/:param/community/posts/:param/comments,addComment,CommunityController,apps/server/src/modules/community/community.controller.ts,community,CommunityModule,TRUE,CrmRateLimitGuard AuthGuard BusinessGuard,3,,,FALSE
DELETE,/businesses/:businessId/community/comments/:commentId,/businesses/:param/community/comments/:param,deleteComment,CommunityController,apps/server/src/modules/community/community.controller.ts,community,CommunityModule,TRUE,CrmRateLimitGuard AuthGuard BusinessGuard,3,,,FALSE
GET,/community/cohorts,/community/cohorts,listCohorts,CommunityController,apps/server/src/modules/community/community.controller.ts,community,CommunityModule,TRUE,CrmRateLimitGuard AuthGuard,2,,,FALSE
POST,/businesses/:businessId/community/cohorts/:cohortId/join,/businesses/:param/community/cohorts/:param/join,joinCohort,CommunityController,apps/server/src/modules/community/community.controller.ts,community,CommunityModule,TRUE,CrmRateLimitGuard AuthGuard BusinessGuard,3,,,FALSE
DELETE,/businesses/:businessId/community/cohorts/:cohortId/leave,/businesses/:param/community/cohorts/:param/leave,leaveCohort,CommunityController,apps/server/src/modules/community/community.controller.ts,community,CommunityModule,TRUE,CrmRateLimitGuard AuthGuard BusinessGuard,3,,,FALSE
GET,/businesses/:businessId/community/my-cohorts,/businesses/:param/community/my-cohorts,getMyCohorts,CommunityController,apps/server/src/modules/community/community.controller.ts,community,CommunityModule,TRUE,CrmRateLimitGuard AuthGuard BusinessGuard,3,,,FALSE
GET,/community/directory,/community/directory,searchDirectory,CommunityController,apps/server/src/modules/community/community.controller.ts,community,CommunityModule,TRUE,CrmRateLimitGuard AuthGuard,2,,,FALSE
POST,/businesses/:businessId/community/connections,/businesses/:param/community/connections,createConnection,CommunityController,apps/server/src/modules/community/community.controller.ts,community,CommunityModule,TRUE,CrmRateLimitGuard AuthGuard BusinessGuard,3,,,FALSE
DELETE,/businesses/:businessId/community/connections,/businesses/:param/community/connections,removeConnection,CommunityController,apps/server/src/modules/community/community.controller.ts,community,CommunityModule,TRUE,CrmRateLimitGuard AuthGuard BusinessGuard,3,,,FALSE
GET,/businesses/:businessId/community/connections,/businesses/:param/community/connections,getConnections,CommunityController,apps/server/src/modules/community/community.controller.ts,community,CommunityModule,TRUE,CrmRateLimitGuard AuthGuard BusinessGuard,3,,,FALSE
GET,/businesses/:businessId/community/connection-status/:targetId,/businesses/:param/community/connection-status/:param,getConnectionStatus,CommunityController,apps/server/src/modules/community/community.controller.ts,community,CommunityModule,TRUE,CrmRateLimitGuard AuthGuard BusinessGuard,3,,,FALSE
GET,/businesses/:businessId/community/recommendations,/businesses/:param/community/recommendations,getRecommendations,CommunityController,apps/server/src/modules/community/community.controller.ts,community,CommunityModule,TRUE,CrmRateLimitGuard AuthGuard BusinessGuard,3,,,FALSE
GET,/community/trust-signals/:businessId,/community/trust-signals/:param,getTrustSignals,CommunityController,apps/server/src/modules/community/community.controller.ts,community,CommunityModule,TRUE,CrmRateLimitGuard AuthGuard,2,,,FALSE
GET,/community/endorsements/:businessId,/community/endorsements/:param,getEndorsements,CommunityController,apps/server/src/modules/community/community.controller.ts,community,CommunityModule,TRUE,CrmRateLimitGuard AuthGuard,2,,,FALSE
GET,/businesses/:businessId/community/endorsements-given/:targetId,/businesses/:param/community/endorsements-given/:param,getMyEndorsementsGiven,CommunityController,apps/server/src/modules/community/community.controller.ts,community,CommunityModule,TRUE,CrmRateLimitGuard AuthGuard BusinessGuard,3,,,FALSE
POST,/businesses/:businessId/community/endorsements,/businesses/:param/community/endorsements,createEndorsement,CommunityController,apps/server/src/modules/community/community.controller.ts,community,CommunityModule,TRUE,CrmRateLimitGuard AuthGuard BusinessGuard,3,,,FALSE
PATCH,/businesses/:businessId/community/endorsements,/businesses/:param/community/endorsements,updateEndorsement,CommunityController,apps/server/src/modules/community/community.controller.ts,community,CommunityModule,TRUE,CrmRateLimitGuard AuthGuard BusinessGuard,3,,,FALSE
DELETE,/businesses/:businessId/community/endorsements,/businesses/:param/community/endorsements,removeEndorsement,CommunityController,apps/server/src/modules/community/community.controller.ts,community,CommunityModule,TRUE,CrmRateLimitGuard AuthGuard BusinessGuard,3,,,FALSE
GET,/businesses/:businessId/community/match-analytics,/businesses/:param/community/match-analytics,getMatchAnalytics,CommunityController,apps/server/src/modules/community/community.controller.ts,community,CommunityModule,TRUE,CrmRateLimitGuard AuthGuard BusinessGuard,3,,,FALSE
POST,/businesses/:businessId/community/intro-draft,/businesses/:param/community/intro-draft,draftIntroMessage,CommunityController,apps/server/src/modules/community/community.controller.ts,community,CommunityModule,TRUE,CrmRateLimitGuard AuthGuard BusinessGuard,3,,,FALSE
POST,/businesses/:businessId/community/need-matches,/businesses/:param/community/need-matches,matchProvidersForNeed,CommunityController,apps/server/src/modules/community/community.controller.ts,community,CommunityModule,TRUE,CrmRateLimitGuard AuthGuard BusinessGuard,3,,,FALSE
GET,/businesses/:businessId/community/relationship-insights,/businesses/:param/community/relationship-insights,getRelationshipInsights,CommunityController,apps/server/src/modules/community/community.controller.ts,community,CommunityModule,TRUE,CrmRateLimitGuard AuthGuard BusinessGuard,3,,,FALSE
POST,/businesses/:businessId/community/relationship-insights/dismiss,/businesses/:param/community/relationship-insights/dismiss,dismissRelationshipInsight,CommunityController,apps/server/src/modules/community/community.controller.ts,community,CommunityModule,TRUE,CrmRateLimitGuard AuthGuard BusinessGuard,3,,,FALSE
DELETE,/businesses/:businessId/community/relationship-insights/dismiss/:targetBusinessId,/businesses/:param/community/relationship-insights/dismiss/:param,restoreRelationshipInsight,CommunityController,apps/server/src/modules/community/community.controller.ts,community,CommunityModule,TRUE,CrmRateLimitGuard AuthGuard BusinessGuard,3,,,FALSE
POST,/businesses/:businessId/community/quote-requests,/businesses/:param/community/quote-requests,createQuoteRequest,CommunityController,apps/server/src/modules/community/community.controller.ts,community,CommunityModule,TRUE,CrmRateLimitGuard AuthGuard BusinessGuard,3,,,FALSE
GET,/businesses/:businessId/community/quote-requests,/businesses/:param/community/quote-requests,listQuoteRequests,CommunityController,apps/server/src/modules/community/community.controller.ts,community,CommunityModule,TRUE,CrmRateLimitGuard AuthGuard BusinessGuard,3,,,FALSE
PATCH,/businesses/:businessId/community/quote-requests/:requestId/respond,/businesses/:param/community/quote-requests/:param/respond,respondToQuoteRequest,CommunityController,apps/server/src/modules/community/community.controller.ts,community,CommunityModule,TRUE,CrmRateLimitGuard AuthGuard BusinessGuard,3,,,FALSE
POST,/businesses/:businessId/community/referrals,/businesses/:param/community/referrals,createReferral,CommunityController,apps/server/src/modules/community/community.controller.ts,community,CommunityModule,TRUE,CrmRateLimitGuard AuthGuard BusinessGuard,3,,,FALSE
GET,/businesses/:businessId/community/referrals,/businesses/:param/community/referrals,listReferrals,CommunityController,apps/server/src/modules/community/community.controller.ts,community,CommunityModule,TRUE,CrmRateLimitGuard AuthGuard BusinessGuard,3,,,FALSE
PATCH,/businesses/:businessId/community/referrals/:referralId/status,/businesses/:param/community/referrals/:param/status,updateReferralStatus,CommunityController,apps/server/src/modules/community/community.controller.ts,community,CommunityModule,TRUE,CrmRateLimitGuard AuthGuard BusinessGuard,3,,,FALSE
POST,/businesses/:businessId/community/collaborations,/businesses/:param/community/collaborations,createCollaboration,CommunityController,apps/server/src/modules/community/community.controller.ts,community,CommunityModule,TRUE,CrmRateLimitGuard AuthGuard BusinessGuard,3,,,FALSE
GET,/businesses/:businessId/community/collaborations,/businesses/:param/community/collaborations,listCollaborations,CommunityController,apps/server/src/modules/community/community.controller.ts,community,CommunityModule,TRUE,CrmRateLimitGuard AuthGuard BusinessGuard,3,,,FALSE
PATCH,/businesses/:businessId/community/collaborations/:collabId/respond,/businesses/:param/community/collaborations/:param/respond,respondToCollaboration,CommunityController,apps/server/src/modules/community/community.controller.ts,community,CommunityModule,TRUE,CrmRateLimitGuard AuthGuard BusinessGuard,3,,,FALSE
POST,/businesses/:businessId/community/messages,/businesses/:param/community/messages,sendMessage,CommunityController,apps/server/src/modules/community/community.controller.ts,community,CommunityModule,TRUE,CrmRateLimitGuard AuthGuard BusinessGuard,3,,,FALSE
GET,/businesses/:businessId/community/conversations,/businesses/:param/community/conversations,getConversations,CommunityController,apps/server/src/modules/community/community.controller.ts,community,CommunityModule,TRUE,CrmRateLimitGuard AuthGuard BusinessGuard,3,,,FALSE
GET,/businesses/:businessId/community/conversations/:conversationId,/businesses/:param/community/conversations/:param,getConversationMessages,CommunityController,apps/server/src/modules/community/community.controller.ts,community,CommunityModule,TRUE,CrmRateLimitGuard AuthGuard BusinessGuard,3,,,FALSE
GET,/businesses/:businessId/community/messages/unread-count,/businesses/:param/community/messages/unread-count,getUnreadMessageCount,CommunityController,apps/server/src/modules/community/community.controller.ts,community,CommunityModule,TRUE,CrmRateLimitGuard AuthGuard BusinessGuard,3,,,FALSE
POST,/businesses/:businessId/community/collab-requests,/businesses/:param/community/collab-requests,createCollabRequest,CommunityController,apps/server/src/modules/community/community.controller.ts,community,CommunityModule,TRUE,CrmRateLimitGuard AuthGuard BusinessGuard,3,,,FALSE
PATCH,/businesses/:businessId/community/collab-requests/:requestId,/businesses/:param/community/collab-requests/:param,respondToCollabRequest,CommunityController,apps/server/src/modules/community/community.controller.ts,community,CommunityModule,TRUE,CrmRateLimitGuard AuthGuard BusinessGuard,3,,,FALSE
GET,/businesses/:businessId/community/collab-requests,/businesses/:param/community/collab-requests,getCollabRequests,CommunityController,apps/server/src/modules/community/community.controller.ts,community,CommunityModule,TRUE,CrmRateLimitGuard AuthGuard BusinessGuard,3,,,FALSE
GET,/businesses/:businessId/community/notifications,/businesses/:param/community/notifications,getNotifications,CommunityController,apps/server/src/modules/community/community.controller.ts,community,CommunityModule,TRUE,CrmRateLimitGuard AuthGuard BusinessGuard,3,,,FALSE
PATCH,/businesses/:businessId/community/notifications/:notificationId/read,/businesses/:param/community/notifications/:param/read,markNotificationRead,CommunityController,apps/server/src/modules/community/community.controller.ts,community,CommunityModule,TRUE,CrmRateLimitGuard AuthGuard BusinessGuard,3,,,FALSE
POST,/businesses/:businessId/community/notifications/read-all,/businesses/:param/community/notifications/read-all,markAllNotificationsRead,CommunityController,apps/server/src/modules/community/community.controller.ts,community,CommunityModule,TRUE,CrmRateLimitGuard AuthGuard BusinessGuard,3,,,FALSE
GET,/businesses/:businessId/community/notifications/unread-count,/businesses/:param/community/notifications/unread-count,getUnreadNotificationCount,CommunityController,apps/server/src/modules/community/community.controller.ts,community,CommunityModule,TRUE,CrmRateLimitGuard AuthGuard BusinessGuard,3,,,FALSE
POST,/businesses/:businessId/community/match-feedback,/businesses/:param/community/match-feedback,submitMatchFeedback,CommunityController,apps/server/src/modules/community/community.controller.ts,community,CommunityModule,TRUE,CrmRateLimitGuard AuthGuard BusinessGuard,3,,,FALSE
GET,/businesses/:businessId/community/match-feedback,/businesses/:param/community/match-feedback,getMatchFeedback,CommunityController,apps/server/src/modules/community/community.controller.ts,community,CommunityModule,TRUE,CrmRateLimitGuard AuthGuard BusinessGuard,3,,,FALSE
POST,/businesses/:businessId/community/ai-suggestion-events,/businesses/:param/community/ai-suggestion-events,recordAiSuggestionEvent,CommunityController,apps/server/src/modules/community/community.controller.ts,community,CommunityModule,TRUE,CrmRateLimitGuard AuthGuard BusinessGuard,3,,,FALSE
GET,/businesses/:businessId/community/ai-suggestion-funnel,/businesses/:param/community/ai-suggestion-funnel,getAiSuggestionFunnel,CommunityController,apps/server/src/modules/community/community.controller.ts,community,CommunityModule,TRUE,CrmRateLimitGuard AuthGuard BusinessGuard,3,,,FALSE
GET,/businesses/:businessId/community/messages/threads,/businesses/:param/community/messages/threads,listThreads,CommunityController,apps/server/src/modules/community/community.controller.ts,community,CommunityModule,TRUE,CrmRateLimitGuard AuthGuard BusinessGuard,3,,,FALSE
GET,/businesses/:businessId/community/messages/thread/:otherBusinessId,/businesses/:param/community/messages/thread/:param,getThread,CommunityController,apps/server/src/modules/community/community.controller.ts,community,CommunityModule,TRUE,CrmRateLimitGuard AuthGuard BusinessGuard,3,,,FALSE
POST,/businesses/:businessId/community/saved,/businesses/:param/community/saved,saveBusiness,CommunityController,apps/server/src/modules/community/community.controller.ts,community,CommunityModule,TRUE,CrmRateLimitGuard AuthGuard BusinessGuard,3,,,FALSE
DELETE,/businesses/:businessId/community/saved/:savedBusinessId,/businesses/:param/community/saved/:param,unsaveBusiness,CommunityController,apps/server/src/modules/community/community.controller.ts,community,CommunityModule,TRUE,CrmRateLimitGuard AuthGuard BusinessGuard,3,,,FALSE
GET,/businesses/:businessId/community/saved,/businesses/:param/community/saved,listSavedBusinesses,CommunityController,apps/server/src/modules/community/community.controller.ts,community,CommunityModule,TRUE,CrmRateLimitGuard AuthGuard BusinessGuard,3,,,FALSE
GET,/businesses/:businessId/community/saved/check/:targetBusinessId,/businesses/:param/community/saved/check/:param,isBusinessSaved,CommunityController,apps/server/src/modules/community/community.controller.ts,community,CommunityModule,TRUE,CrmRateLimitGuard AuthGuard BusinessGuard,3,,,FALSE
GET,/businesses/:businessId/community/history/:otherBusinessId,/businesses/:param/community/history/:param,getInteractionHistory,CommunityController,apps/server/src/modules/community/community.controller.ts,community,CommunityModule,TRUE,CrmRateLimitGuard AuthGuard BusinessGuard,3,,,FALSE
GET,/community/reputation/:businessId,/community/reputation/:param,getReputation,CommunityController,apps/server/src/modules/community/community.controller.ts,community,CommunityModule,TRUE,CrmRateLimitGuard AuthGuard,2,,,FALSE
GET,/community/reviews/:businessId,/community/reviews/:param,getReviewsForBusiness,CommunityController,apps/server/src/modules/community/community.controller.ts,community,CommunityModule,TRUE,CrmRateLimitGuard AuthGuard,2,,,FALSE
GET,/businesses/:businessId/community/reviews/given,/businesses/:param/community/reviews/given,getReviewsByBusiness,CommunityController,apps/server/src/modules/community/community.controller.ts,community,CommunityModule,TRUE,CrmRateLimitGuard AuthGuard BusinessGuard,3,,,FALSE
GET,/businesses/:businessId/community/reviewable/:otherBusinessId,/businesses/:param/community/reviewable/:param,getReviewableTransactions,CommunityController,apps/server/src/modules/community/community.controller.ts,community,CommunityModule,TRUE,CrmRateLimitGuard AuthGuard BusinessGuard,3,,,FALSE
POST,/businesses/:businessId/community/reviews,/businesses/:param/community/reviews,createReview,CommunityController,apps/server/src/modules/community/community.controller.ts,community,CommunityModule,TRUE,CrmRateLimitGuard AuthGuard BusinessGuard,3,,,FALSE
DELETE,/businesses/:businessId/community/reviews/:reviewId,/businesses/:param/community/reviews/:param,deleteReview,CommunityController,apps/server/src/modules/community/community.controller.ts,community,CommunityModule,TRUE,CrmRateLimitGuard AuthGuard BusinessGuard,3,,,FALSE
PATCH,/businesses/:businessId/community/referrals/:referralId/outcome,/businesses/:param/community/referrals/:param/outcome,markReferralOutcome,CommunityController,apps/server/src/modules/community/community.controller.ts,community,CommunityModule,TRUE,CrmRateLimitGuard AuthGuard BusinessGuard,3,,,FALSE
GET,/community/opportunities,/community/opportunities,listOpportunities,CommunityController,apps/server/src/modules/community/community.controller.ts,community,CommunityModule,TRUE,CrmRateLimitGuard AuthGuard,2,,,FALSE
GET,/community/opportunities/:id,/community/opportunities/:param,getOpportunity,CommunityController,apps/server/src/modules/community/community.controller.ts,community,CommunityModule,TRUE,CrmRateLimitGuard AuthGuard,2,,,FALSE
POST,/businesses/:businessId/community/opportunities,/businesses/:param/community/opportunities,createOpportunity,CommunityController,apps/server/src/modules/community/community.controller.ts,community,CommunityModule,TRUE,CrmRateLimitGuard AuthGuard BusinessGuard,3,,,FALSE
GET,/businesses/:businessId/community/opportunities/mine,/businesses/:param/community/opportunities/mine,listMyOpportunities,CommunityController,apps/server/src/modules/community/community.controller.ts,community,CommunityModule,TRUE,CrmRateLimitGuard AuthGuard BusinessGuard,3,,,FALSE
PATCH,/businesses/:businessId/community/opportunities/:id,/businesses/:param/community/opportunities/:param,updateOpportunity,CommunityController,apps/server/src/modules/community/community.controller.ts,community,CommunityModule,TRUE,CrmRateLimitGuard AuthGuard BusinessGuard,3,,,FALSE
POST,/businesses/:businessId/community/opportunities/:id/close,/businesses/:param/community/opportunities/:param/close,closeOpportunity,CommunityController,apps/server/src/modules/community/community.controller.ts,community,CommunityModule,TRUE,CrmRateLimitGuard AuthGuard BusinessGuard,3,,,FALSE
DELETE,/businesses/:businessId/community/opportunities/:id,/businesses/:param/community/opportunities/:param,deleteOpportunity,CommunityController,apps/server/src/modules/community/community.controller.ts,community,CommunityModule,TRUE,CrmRateLimitGuard AuthGuard BusinessGuard,3,,,FALSE
POST,/businesses/:businessId/community/opportunities/:id/apply,/businesses/:param/community/opportunities/:param/apply,applyToOpportunity,CommunityController,apps/server/src/modules/community/community.controller.ts,community,CommunityModule,TRUE,CrmRateLimitGuard AuthGuard BusinessGuard,3,,,FALSE
GET,/businesses/:businessId/community/opportunity-applications/mine,/businesses/:param/community/opportunity-applications/mine,listMyApplications,CommunityController,apps/server/src/modules/community/community.controller.ts,community,CommunityModule,TRUE,CrmRateLimitGuard AuthGuard BusinessGuard,3,,,FALSE
PATCH,/businesses/:businessId/community/opportunity-applications/:id/respond,/businesses/:param/community/opportunity-applications/:param/respond,respondToOpportunityApplication,CommunityController,apps/server/src/modules/community/community.controller.ts,community,CommunityModule,TRUE,CrmRateLimitGuard AuthGuard BusinessGuard,3,,,FALSE
POST,/businesses/:businessId/community/opportunity-applications/:id/withdraw,/businesses/:param/community/opportunity-applications/:param/withdraw,withdrawApplication,CommunityController,apps/server/src/modules/community/community.controller.ts,community,CommunityModule,TRUE,CrmRateLimitGuard AuthGuard BusinessGuard,3,,,FALSE
POST,/businesses/:businessId/community/partner-programs,/businesses/:param/community/partner-programs,proposePartnerProgram,CommunityController,apps/server/src/modules/community/community.controller.ts,community,CommunityModule,TRUE,CrmRateLimitGuard AuthGuard BusinessGuard,3,,,FALSE
GET,/businesses/:businessId/community/partner-programs,/businesses/:param/community/partner-programs,listPartnerPrograms,CommunityController,apps/server/src/modules/community/community.controller.ts,community,CommunityModule,TRUE,CrmRateLimitGuard AuthGuard BusinessGuard,3,,,FALSE
GET,/community/partner-programs/profile/:businessId,/community/partner-programs/profile/:param,listPublicPartnerProgramsForProfile,CommunityController,apps/server/src/modules/community/community.controller.ts,community,CommunityModule,TRUE,CrmRateLimitGuard AuthGuard,2,,,FALSE
GET,/community/partner-programs/:id,/community/partner-programs/:param,getPartnerProgram,CommunityController,apps/server/src/modules/community/community.controller.ts,community,CommunityModule,TRUE,CrmRateLimitGuard AuthGuard,2,,,FALSE
PATCH,/businesses/:businessId/community/partner-programs/:id/respond,/businesses/:param/community/partner-programs/:param/respond,respondToPartnerProgram,CommunityController,apps/server/src/modules/community/community.controller.ts,community,CommunityModule,TRUE,CrmRateLimitGuard AuthGuard BusinessGuard,3,,,FALSE
POST,/businesses/:businessId/community/partner-programs/:id/terminate,/businesses/:param/community/partner-programs/:param/terminate,terminatePartnerProgram,CommunityController,apps/server/src/modules/community/community.controller.ts,community,CommunityModule,TRUE,CrmRateLimitGuard AuthGuard BusinessGuard,3,,,FALSE
GET,/community/resources,/community/resources,listResources,CommunityController,apps/server/src/modules/community/community.controller.ts,community,CommunityModule,TRUE,CrmRateLimitGuard AuthGuard,2,,,FALSE
GET,/community/resources/:id,/community/resources/:param,getResource,CommunityController,apps/server/src/modules/community/community.controller.ts,community,CommunityModule,TRUE,CrmRateLimitGuard AuthGuard,2,,,FALSE
POST,/businesses/:businessId/community/resources,/businesses/:param/community/resources,publishResource,CommunityController,apps/server/src/modules/community/community.controller.ts,community,CommunityModule,TRUE,CrmRateLimitGuard AuthGuard BusinessGuard,3,,,FALSE
GET,/businesses/:businessId/community/resources/mine,/businesses/:param/community/resources/mine,listMyResources,CommunityController,apps/server/src/modules/community/community.controller.ts,community,CommunityModule,TRUE,CrmRateLimitGuard AuthGuard BusinessGuard,3,,,FALSE
POST,/businesses/:businessId/community/resources/:id/download,/businesses/:param/community/resources/:param/download,recordResourceDownload,CommunityController,apps/server/src/modules/community/community.controller.ts,community,CommunityModule,TRUE,CrmRateLimitGuard AuthGuard BusinessGuard,3,,,FALSE
GET,/businesses/:businessId/community/resource-downloads/mine,/businesses/:param/community/resource-downloads/mine,listMyResourceDownloads,CommunityController,apps/server/src/modules/community/community.controller.ts,community,CommunityModule,TRUE,CrmRateLimitGuard AuthGuard BusinessGuard,3,,,FALSE
GET,/community/activity,/community/activity,listActivityFeed,CommunityController,apps/server/src/modules/community/community.controller.ts,community,CommunityModule,TRUE,CrmRateLimitGuard AuthGuard,2,,,FALSE
GET,/businesses/:businessId/community/activity/following,/businesses/:param/community/activity/following,listFollowingActivity,CommunityController,apps/server/src/modules/community/community.controller.ts,community,CommunityModule,TRUE,CrmRateLimitGuard AuthGuard BusinessGuard,3,,,FALSE
GET,/community/activity/business/:businessId,/community/activity/business/:param,listActivityForBusiness,CommunityController,apps/server/src/modules/community/community.controller.ts,community,CommunityModule,TRUE,CrmRateLimitGuard AuthGuard,2,,,FALSE
POST,/community/profile-views/:viewedBusinessId,/community/profile-views/:param,recordProfileView,CommunityController,apps/server/src/modules/community/community.controller.ts,community,CommunityModule,TRUE,CrmRateLimitGuard OptionalAuthGuard,2,,,FALSE
GET,/businesses/:businessId/community/analytics/dashboard,/businesses/:param/community/analytics/dashboard,getAnalyticsDashboard,CommunityController,apps/server/src/modules/community/community.controller.ts,community,CommunityModule,TRUE,CrmRateLimitGuard AuthGuard BusinessGuard,3,,,FALSE
GET,/businesses/:businessId/community/analytics/recent-viewers,/businesses/:param/community/analytics/recent-viewers,getRecentViewers,CommunityController,apps/server/src/modules/community/community.controller.ts,community,CommunityModule,TRUE,CrmRateLimitGuard AuthGuard BusinessGuard,3,,,FALSE
GET,/connect/businesses/:businessId/forms,/connect/businesses/:param/forms,listForms,ConnectController,apps/server/src/modules/connect/connect.controller.ts,connect,ConnectModule,TRUE,AuthGuard BusinessGuard,2,,,FALSE
POST,/connect/businesses/:businessId/forms,/connect/businesses/:param/forms,createForm,ConnectController,apps/server/src/modules/connect/connect.controller.ts,connect,ConnectModule,TRUE,AuthGuard BusinessGuard,2,,,FALSE
GET,/connect/businesses/:businessId/forms/:formId,/connect/businesses/:param/forms/:param,getForm,ConnectController,apps/server/src/modules/connect/connect.controller.ts,connect,ConnectModule,TRUE,AuthGuard BusinessGuard,2,,,FALSE
GET,/connect/businesses/:businessId/forms/:formId/responses,/connect/businesses/:param/forms/:param/responses,listFormResponses,ConnectController,apps/server/src/modules/connect/connect.controller.ts,connect,ConnectModule,TRUE,AuthGuard BusinessGuard,2,,,FALSE
DELETE,/connect/businesses/:businessId/forms/:formId,/connect/businesses/:param/forms/:param,deleteForm,ConnectController,apps/server/src/modules/connect/connect.controller.ts,connect,ConnectModule,TRUE,AuthGuard BusinessGuard,2,,,FALSE
GET,/connect/businesses/:businessId/forms/:formId/mapping,/connect/businesses/:param/forms/:param/mapping,getFormMapping,ConnectController,apps/server/src/modules/connect/connect.controller.ts,connect,ConnectModule,TRUE,AuthGuard BusinessGuard,2,,,FALSE
POST,/connect/businesses/:businessId/forms/:formId/mapping,/connect/businesses/:param/forms/:param/mapping,saveFormMapping,ConnectController,apps/server/src/modules/connect/connect.controller.ts,connect,ConnectModule,TRUE,AuthGuard BusinessGuard,2,,,FALSE
DELETE,/connect/businesses/:businessId/forms/:formId/mapping,/connect/businesses/:param/forms/:param/mapping,deleteFormMapping,ConnectController,apps/server/src/modules/connect/connect.controller.ts,connect,ConnectModule,TRUE,AuthGuard BusinessGuard,2,,,FALSE
POST,/connect/businesses/:businessId/forms/:formId/backfill,/connect/businesses/:param/forms/:param/backfill,backfillFormResponses,ConnectController,apps/server/src/modules/connect/connect.controller.ts,connect,ConnectModule,TRUE,AuthGuard BusinessGuard,2,,,FALSE
POST,/connect/businesses/:businessId/forms/:formId/process-new,/connect/businesses/:param/forms/:param/process-new,processNewFormResponses,ConnectController,apps/server/src/modules/connect/connect.controller.ts,connect,ConnectModule,TRUE,AuthGuard BusinessGuard,2,,,FALSE
GET,/connect/businesses/:businessId/connector-forms/:source,/connect/businesses/:param/connector-forms/:param,listConnectorForms,ConnectController,apps/server/src/modules/connect/connect.controller.ts,connect,ConnectModule,TRUE,AuthGuard BusinessGuard,2,,,FALSE
GET,/connect/businesses/:businessId/connector-forms/:source/:leadFormId/submissions,/connect/businesses/:param/connector-forms/:param/:param/submissions,listConnectorSubmissions,ConnectController,apps/server/src/modules/connect/connect.controller.ts,connect,ConnectModule,TRUE,AuthGuard BusinessGuard,2,,,FALSE
GET,/connect/businesses/:businessId/connector-forms/:source/:externalFormId/mapping,/connect/businesses/:param/connector-forms/:param/:param/mapping,getConnectorFormMapping,ConnectController,apps/server/src/modules/connect/connect.controller.ts,connect,ConnectModule,TRUE,AuthGuard BusinessGuard,2,,,FALSE
POST,/connect/businesses/:businessId/connector-forms/:source/:externalFormId/mapping,/connect/businesses/:param/connector-forms/:param/:param/mapping,saveConnectorFormMapping,ConnectController,apps/server/src/modules/connect/connect.controller.ts,connect,ConnectModule,TRUE,AuthGuard BusinessGuard,2,,,FALSE
DELETE,/connect/businesses/:businessId/connector-forms/:source/:externalFormId/mapping,/connect/businesses/:param/connector-forms/:param/:param/mapping,deleteConnectorFormMapping,ConnectController,apps/server/src/modules/connect/connect.controller.ts,connect,ConnectModule,TRUE,AuthGuard BusinessGuard,2,,,FALSE
POST,/connect/businesses/:businessId/connector-forms/:source/:leadFormId/backfill,/connect/businesses/:param/connector-forms/:param/:param/backfill,backfillConnectorForm,ConnectController,apps/server/src/modules/connect/connect.controller.ts,connect,ConnectModule,TRUE,AuthGuard BusinessGuard,2,,,FALSE
POST,/connect/businesses/:businessId/contacts/sync,/connect/businesses/:param/contacts/sync,syncContacts,ConnectController,apps/server/src/modules/connect/connect.controller.ts,connect,ConnectModule,TRUE,AuthGuard BusinessGuard,2,,,FALSE
GET,/connect/businesses/:businessId/contacts/status,/connect/businesses/:param/contacts/status,getContactsStatus,ConnectController,apps/server/src/modules/connect/connect.controller.ts,connect,ConnectModule,TRUE,AuthGuard BusinessGuard,2,,,FALSE
GET,/connect/businesses/:businessId/contacts/recent,/connect/businesses/:param/contacts/recent,getContactsRecent,ConnectController,apps/server/src/modules/connect/connect.controller.ts,connect,ConnectModule,TRUE,AuthGuard BusinessGuard,2,,,FALSE
GET,/connect/businesses/:businessId/contacts/mapping-rules,/connect/businesses/:param/contacts/mapping-rules,getContactsRules,ConnectController,apps/server/src/modules/connect/connect.controller.ts,connect,ConnectModule,TRUE,AuthGuard BusinessGuard,2,,,FALSE
PUT,/connect/businesses/:businessId/contacts/mapping-rules,/connect/businesses/:param/contacts/mapping-rules,saveContactsRules,ConnectController,apps/server/src/modules/connect/connect.controller.ts,connect,ConnectModule,TRUE,AuthGuard BusinessGuard,2,,,FALSE
POST,/connect/businesses/:businessId/outlook-contacts/sync,/connect/businesses/:param/outlook-contacts/sync,syncOutlookContacts,ConnectController,apps/server/src/modules/connect/connect.controller.ts,connect,ConnectModule,TRUE,AuthGuard BusinessGuard,2,,,FALSE
GET,/connect/businesses/:businessId/outlook-contacts/status,/connect/businesses/:param/outlook-contacts/status,getOutlookStatus,ConnectController,apps/server/src/modules/connect/connect.controller.ts,connect,ConnectModule,TRUE,AuthGuard BusinessGuard,2,,,FALSE
GET,/connect/businesses/:businessId/outlook-contacts/recent,/connect/businesses/:param/outlook-contacts/recent,getOutlookRecent,ConnectController,apps/server/src/modules/connect/connect.controller.ts,connect,ConnectModule,TRUE,AuthGuard BusinessGuard,2,,,FALSE
GET,/connect/businesses/:businessId/outlook-contacts/mapping-rules,/connect/businesses/:param/outlook-contacts/mapping-rules,getOutlookRules,ConnectController,apps/server/src/modules/connect/connect.controller.ts,connect,ConnectModule,TRUE,AuthGuard BusinessGuard,2,,,FALSE
PUT,/connect/businesses/:businessId/outlook-contacts/mapping-rules,/connect/businesses/:param/outlook-contacts/mapping-rules,saveOutlookRules,ConnectController,apps/server/src/modules/connect/connect.controller.ts,connect,ConnectModule,TRUE,AuthGuard BusinessGuard,2,,,FALSE
GET,/connect/businesses/:businessId/contact-sources/summary,/connect/businesses/:param/contact-sources/summary,getContactSourcesSummary,ConnectController,apps/server/src/modules/connect/connect.controller.ts,connect,ConnectModule,TRUE,AuthGuard BusinessGuard,2,,,FALSE
POST,/connect/businesses/:businessId/contact-sources/sync-all,/connect/businesses/:param/contact-sources/sync-all,syncAllSources,ConnectController,apps/server/src/modules/connect/connect.controller.ts,connect,ConnectModule,TRUE,AuthGuard BusinessGuard,2,,,FALSE
GET,/connect/businesses/:businessId/contact-sources/audit,/connect/businesses/:param/contact-sources/audit,getContactSourcesAudit,ConnectController,apps/server/src/modules/connect/connect.controller.ts,connect,ConnectModule,TRUE,AuthGuard BusinessGuard,2,,,FALSE
PUT,/connect/businesses/:businessId/contact-sources/signature-parsing,/connect/businesses/:param/contact-sources/signature-parsing,setSignatureParsing,ConnectController,apps/server/src/modules/connect/connect.controller.ts,connect,ConnectModule,TRUE,AuthGuard BusinessGuard,2,,,FALSE
POST,/connect/businesses/:businessId/contact-sources/:source/resync,/connect/businesses/:param/contact-sources/:param/resync,resyncSource,ConnectController,apps/server/src/modules/connect/connect.controller.ts,connect,ConnectModule,TRUE,AuthGuard BusinessGuard,2,,,FALSE
DELETE,/connect/businesses/:businessId/contact-sources/:source,/connect/businesses/:param/contact-sources/:param,disconnectSource,ConnectController,apps/server/src/modules/connect/connect.controller.ts,connect,ConnectModule,TRUE,AuthGuard BusinessGuard,2,,,FALSE
POST,/connect/businesses/:businessId/contact-sources/parse-signature,/connect/businesses/:param/contact-sources/parse-signature,parseSignature,ConnectController,apps/server/src/modules/connect/connect.controller.ts,connect,ConnectModule,TRUE,AuthGuard BusinessGuard,2,,,FALSE
GET,/connect/businesses/:businessId/business-profile/accounts,/connect/businesses/:param/business-profile/accounts,listBpAccounts,ConnectController,apps/server/src/modules/connect/connect.controller.ts,connect,ConnectModule,TRUE,AuthGuard BusinessGuard,2,,,FALSE
GET,/connect/businesses/:businessId/business-profile/locations,/connect/businesses/:param/business-profile/locations,listBpLocations,ConnectController,apps/server/src/modules/connect/connect.controller.ts,connect,ConnectModule,TRUE,AuthGuard BusinessGuard,2,,,FALSE
POST,/connect/businesses/:businessId/business-profile/active-location,/connect/businesses/:param/business-profile/active-location,setBpActiveLocation,ConnectController,apps/server/src/modules/connect/connect.controller.ts,connect,ConnectModule,TRUE,AuthGuard BusinessGuard,2,,,FALSE
GET,/connect/businesses/:businessId/business-profile/reviews,/connect/businesses/:param/business-profile/reviews,listBpReviews,ConnectController,apps/server/src/modules/connect/connect.controller.ts,connect,ConnectModule,TRUE,AuthGuard BusinessGuard,2,,,FALSE
GET,/connect/businesses/:businessId/business-profile/posts,/connect/businesses/:param/business-profile/posts,listBpPosts,ConnectController,apps/server/src/modules/connect/connect.controller.ts,connect,ConnectModule,TRUE,AuthGuard BusinessGuard,2,,,FALSE
POST,/connect/businesses/:businessId/business-profile/posts,/connect/businesses/:param/business-profile/posts,createBpPost,ConnectController,apps/server/src/modules/connect/connect.controller.ts,connect,ConnectModule,TRUE,AuthGuard BusinessGuard,2,,,FALSE
POST,/connect/businesses/:businessId/business-profile/reviews/reply,/connect/businesses/:param/business-profile/reviews/reply,replyBpReview,ConnectController,apps/server/src/modules/connect/connect.controller.ts,connect,ConnectModule,TRUE,AuthGuard BusinessGuard,2,,,FALSE
GET,/connect/businesses/:businessId/business-profile/insights,/connect/businesses/:param/business-profile/insights,getBpInsights,ConnectController,apps/server/src/modules/connect/connect.controller.ts,connect,ConnectModule,TRUE,AuthGuard BusinessGuard,2,,,FALSE
GET,/connect/businesses/:businessId/business-profile/scheduled-posts,/connect/businesses/:param/business-profile/scheduled-posts,listBpScheduled,ConnectController,apps/server/src/modules/connect/connect.controller.ts,connect,ConnectModule,TRUE,AuthGuard BusinessGuard,2,,,FALSE
POST,/connect/businesses/:businessId/business-profile/scheduled-posts,/connect/businesses/:param/business-profile/scheduled-posts,scheduleBpPost,ConnectController,apps/server/src/modules/connect/connect.controller.ts,connect,ConnectModule,TRUE,AuthGuard BusinessGuard,2,,,FALSE
DELETE,/connect/businesses/:businessId/business-profile/scheduled-posts/:id,/connect/businesses/:param/business-profile/scheduled-posts/:param,cancelBpScheduled,ConnectController,apps/server/src/modules/connect/connect.controller.ts,connect,ConnectModule,TRUE,AuthGuard BusinessGuard,2,,,FALSE
GET,/connect/microsoft/businesses/:businessId/auth-url,/connect/microsoft/businesses/:param/auth-url,buildAuthUrl,MicrosoftOAuthController,apps/server/src/modules/connect/microsoft-oauth.controller.ts,connect,ConnectModule,TRUE,AuthGuard BusinessGuard,2,,,FALSE
GET,/connect/microsoft/callback,/connect/microsoft/callback,callback,MicrosoftOAuthController,apps/server/src/modules/connect/microsoft-oauth.controller.ts,connect,ConnectModule,TRUE,,0,,,TRUE
POST,/businesses/:businessId/content-requests,/businesses/:param/content-requests,create,ContentOpsController,apps/server/src/modules/content-ops/content-ops.controller.ts,content-ops,ContentOpsModule,TRUE,AuthGuard BusinessGuard RateLimitGuard,3,,,FALSE
GET,/businesses/:businessId/content-requests,/businesses/:param/content-requests,list,ContentOpsController,apps/server/src/modules/content-ops/content-ops.controller.ts,content-ops,ContentOpsModule,TRUE,AuthGuard BusinessGuard RateLimitGuard,3,,,FALSE
GET,/businesses/:businessId/content-requests/pipeline,/businesses/:param/content-requests/pipeline,pipeline,ContentOpsController,apps/server/src/modules/content-ops/content-ops.controller.ts,content-ops,ContentOpsModule,TRUE,AuthGuard BusinessGuard RateLimitGuard,3,,,FALSE
GET,/businesses/:businessId/content-requests/:requestId,/businesses/:param/content-requests/:param,getById,ContentOpsController,apps/server/src/modules/content-ops/content-ops.controller.ts,content-ops,ContentOpsModule,TRUE,AuthGuard BusinessGuard RateLimitGuard,3,,,FALSE
PATCH,/businesses/:businessId/content-requests/:requestId,/businesses/:param/content-requests/:param,update,ContentOpsController,apps/server/src/modules/content-ops/content-ops.controller.ts,content-ops,ContentOpsModule,TRUE,AuthGuard BusinessGuard RateLimitGuard,3,,,FALSE
POST,/businesses/:businessId/content-requests/:requestId/submit,/businesses/:param/content-requests/:param/submit,submit,ContentOpsController,apps/server/src/modules/content-ops/content-ops.controller.ts,content-ops,ContentOpsModule,TRUE,AuthGuard BusinessGuard RateLimitGuard,3,,,FALSE
POST,/businesses/:businessId/content-requests/:requestId/assign,/businesses/:param/content-requests/:param/assign,assign,ContentOpsController,apps/server/src/modules/content-ops/content-ops.controller.ts,content-ops,ContentOpsModule,TRUE,AuthGuard BusinessGuard RateLimitGuard,3,,,FALSE
POST,/businesses/:businessId/content-requests/:requestId/start-production,/businesses/:param/content-requests/:param/start-production,startProduction,ContentOpsController,apps/server/src/modules/content-ops/content-ops.controller.ts,content-ops,ContentOpsModule,TRUE,AuthGuard BusinessGuard RateLimitGuard,3,,,FALSE
POST,/businesses/:businessId/content-requests/:requestId/submit-for-review,/businesses/:param/content-requests/:param/submit-for-review,submitForReview,ContentOpsController,apps/server/src/modules/content-ops/content-ops.controller.ts,content-ops,ContentOpsModule,TRUE,AuthGuard BusinessGuard RateLimitGuard,3,,,FALSE
POST,/businesses/:businessId/content-requests/:requestId/review,/businesses/:param/content-requests/:param/review,review,ContentOpsController,apps/server/src/modules/content-ops/content-ops.controller.ts,content-ops,ContentOpsModule,TRUE,AuthGuard BusinessGuard RateLimitGuard,3,,,FALSE
POST,/businesses/:businessId/content-requests/:requestId/upload-deliverables,/businesses/:param/content-requests/:param/upload-deliverables,uploadDeliverables,ContentOpsController,apps/server/src/modules/content-ops/content-ops.controller.ts,content-ops,ContentOpsModule,TRUE,AuthGuard BusinessGuard RateLimitGuard,3,,,FALSE
POST,/businesses/:businessId/content-requests/:requestId/deliver,/businesses/:param/content-requests/:param/deliver,deliver,ContentOpsController,apps/server/src/modules/content-ops/content-ops.controller.ts,content-ops,ContentOpsModule,TRUE,AuthGuard BusinessGuard RateLimitGuard,3,,,FALSE
POST,/businesses/:businessId/content-requests/:requestId/generate-invoice,/businesses/:param/content-requests/:param/generate-invoice,generateInvoice,ContentOpsController,apps/server/src/modules/content-ops/content-ops.controller.ts,content-ops,ContentOpsModule,TRUE,AuthGuard BusinessGuard RateLimitGuard,3,,,FALSE
DELETE,/businesses/:businessId/content-requests/:requestId,/businesses/:param/content-requests/:param,cancel,ContentOpsController,apps/server/src/modules/content-ops/content-ops.controller.ts,content-ops,ContentOpsModule,TRUE,AuthGuard BusinessGuard RateLimitGuard,3,,,FALSE
POST,/businesses/:businessId/content-requests/:requestId/drive-folder,/businesses/:param/content-requests/:param/drive-folder,createDriveFolder,ContentOpsController,apps/server/src/modules/content-ops/content-ops.controller.ts,content-ops,ContentOpsModule,TRUE,AuthGuard BusinessGuard RateLimitGuard,3,,,FALSE
POST,/businesses/:businessId/content-requests/:requestId/drive-doc,/businesses/:param/content-requests/:param/drive-doc,createDriveDoc,ContentOpsController,apps/server/src/modules/content-ops/content-ops.controller.ts,content-ops,ContentOpsModule,TRUE,AuthGuard BusinessGuard RateLimitGuard,3,,,FALSE
GET,/businesses/:businessId/content-requests/:requestId/delivery-status,/businesses/:param/content-requests/:param/delivery-status,deliveryStatus,ContentOpsController,apps/server/src/modules/content-ops/content-ops.controller.ts,content-ops,ContentOpsModule,TRUE,AuthGuard BusinessGuard RateLimitGuard,3,,,FALSE
GET,/continental-ops/businesses/:businessId/delivery-notes,/continental-ops/businesses/:param/delivery-notes,list,DeliveryNoteController,apps/server/src/modules/continental-ops/delivery-note.controller.ts,continental-ops,ContinentalOpsModule,TRUE,AuthGuard BusinessGuard,2,,,FALSE
POST,/continental-ops/businesses/:businessId/delivery-notes,/continental-ops/businesses/:param/delivery-notes,create,DeliveryNoteController,apps/server/src/modules/continental-ops/delivery-note.controller.ts,continental-ops,ContinentalOpsModule,TRUE,AuthGuard BusinessGuard,2,,,FALSE
GET,/continental-ops/businesses/:businessId/delivery-notes/:id,/continental-ops/businesses/:param/delivery-notes/:param,get,DeliveryNoteController,apps/server/src/modules/continental-ops/delivery-note.controller.ts,continental-ops,ContinentalOpsModule,TRUE,AuthGuard BusinessGuard,2,,,FALSE
PATCH,/continental-ops/businesses/:businessId/delivery-notes/:id,/continental-ops/businesses/:param/delivery-notes/:param,update,DeliveryNoteController,apps/server/src/modules/continental-ops/delivery-note.controller.ts,continental-ops,ContinentalOpsModule,TRUE,AuthGuard BusinessGuard,2,,,FALSE
POST,/continental-ops/businesses/:businessId/delivery-notes/:id/fulfill,/continental-ops/businesses/:param/delivery-notes/:param/fulfill,fulfill,DeliveryNoteController,apps/server/src/modules/continental-ops/delivery-note.controller.ts,continental-ops,ContinentalOpsModule,TRUE,AuthGuard BusinessGuard,2,,,FALSE
POST,/continental-ops/businesses/:businessId/delivery-notes/:id/cancel,/continental-ops/businesses/:param/delivery-notes/:param/cancel,cancel,DeliveryNoteController,apps/server/src/modules/continental-ops/delivery-note.controller.ts,continental-ops,ContinentalOpsModule,TRUE,AuthGuard BusinessGuard,2,,,FALSE
DELETE,/continental-ops/businesses/:businessId/delivery-notes/:id,/continental-ops/businesses/:param/delivery-notes/:param,remove,DeliveryNoteController,apps/server/src/modules/continental-ops/delivery-note.controller.ts,continental-ops,ContinentalOpsModule,TRUE,AuthGuard BusinessGuard,2,,,FALSE
GET,/continental-ops/businesses/:businessId/goods-receipts,/continental-ops/businesses/:param/goods-receipts,list,GoodsReceiptController,apps/server/src/modules/continental-ops/goods-receipt.controller.ts,continental-ops,ContinentalOpsModule,TRUE,AuthGuard BusinessGuard,2,,,FALSE
POST,/continental-ops/businesses/:businessId/goods-receipts,/continental-ops/businesses/:param/goods-receipts,create,GoodsReceiptController,apps/server/src/modules/continental-ops/goods-receipt.controller.ts,continental-ops,ContinentalOpsModule,TRUE,AuthGuard BusinessGuard,2,,,FALSE
GET,/continental-ops/businesses/:businessId/goods-receipts/:id,/continental-ops/businesses/:param/goods-receipts/:param,get,GoodsReceiptController,apps/server/src/modules/continental-ops/goods-receipt.controller.ts,continental-ops,ContinentalOpsModule,TRUE,AuthGuard BusinessGuard,2,,,FALSE
PATCH,/continental-ops/businesses/:businessId/goods-receipts/:id,/continental-ops/businesses/:param/goods-receipts/:param,update,GoodsReceiptController,apps/server/src/modules/continental-ops/goods-receipt.controller.ts,continental-ops,ContinentalOpsModule,TRUE,AuthGuard BusinessGuard,2,,,FALSE
POST,/continental-ops/businesses/:businessId/goods-receipts/:id/post,/continental-ops/businesses/:param/goods-receipts/:param/post,post,GoodsReceiptController,apps/server/src/modules/continental-ops/goods-receipt.controller.ts,continental-ops,ContinentalOpsModule,TRUE,AuthGuard BusinessGuard,2,,,FALSE
DELETE,/continental-ops/businesses/:businessId/goods-receipts/:id,/continental-ops/businesses/:param/goods-receipts/:param,remove,GoodsReceiptController,apps/server/src/modules/continental-ops/goods-receipt.controller.ts,continental-ops,ContinentalOpsModule,TRUE,AuthGuard BusinessGuard,2,,,FALSE
GET,/continental-ops/businesses/:businessId/receipts,/continental-ops/businesses/:param/receipts,list,ReceiptController,apps/server/src/modules/continental-ops/receipt.controller.ts,continental-ops,ContinentalOpsModule,TRUE,AuthGuard BusinessGuard,2,,,FALSE
POST,/continental-ops/businesses/:businessId/receipts,/continental-ops/businesses/:param/receipts,create,ReceiptController,apps/server/src/modules/continental-ops/receipt.controller.ts,continental-ops,ContinentalOpsModule,TRUE,AuthGuard BusinessGuard,2,,,FALSE
GET,/continental-ops/businesses/:businessId/receipts/:id,/continental-ops/businesses/:param/receipts/:param,get,ReceiptController,apps/server/src/modules/continental-ops/receipt.controller.ts,continental-ops,ContinentalOpsModule,TRUE,AuthGuard BusinessGuard,2,,,FALSE
PATCH,/continental-ops/businesses/:businessId/receipts/:id,/continental-ops/businesses/:param/receipts/:param,update,ReceiptController,apps/server/src/modules/continental-ops/receipt.controller.ts,continental-ops,ContinentalOpsModule,TRUE,AuthGuard BusinessGuard,2,,,FALSE
DELETE,/continental-ops/businesses/:businessId/receipts/:id,/continental-ops/businesses/:param/receipts/:param,remove,ReceiptController,apps/server/src/modules/continental-ops/receipt.controller.ts,continental-ops,ContinentalOpsModule,TRUE,AuthGuard BusinessGuard,2,,,FALSE
GET,/continental-ops/businesses/:businessId/stock-counts,/continental-ops/businesses/:param/stock-counts,list,StockCountController,apps/server/src/modules/continental-ops/stock-count.controller.ts,continental-ops,ContinentalOpsModule,TRUE,AuthGuard BusinessGuard,2,,,FALSE
POST,/continental-ops/businesses/:businessId/stock-counts,/continental-ops/businesses/:param/stock-counts,create,StockCountController,apps/server/src/modules/continental-ops/stock-count.controller.ts,continental-ops,ContinentalOpsModule,TRUE,AuthGuard BusinessGuard,2,,,FALSE
GET,/continental-ops/businesses/:businessId/stock-counts/:id,/continental-ops/businesses/:param/stock-counts/:param,get,StockCountController,apps/server/src/modules/continental-ops/stock-count.controller.ts,continental-ops,ContinentalOpsModule,TRUE,AuthGuard BusinessGuard,2,,,FALSE
PATCH,/continental-ops/businesses/:businessId/stock-counts/:id,/continental-ops/businesses/:param/stock-counts/:param,update,StockCountController,apps/server/src/modules/continental-ops/stock-count.controller.ts,continental-ops,ContinentalOpsModule,TRUE,AuthGuard BusinessGuard,2,,,FALSE
POST,/continental-ops/businesses/:businessId/stock-counts/:id/adjust,/continental-ops/businesses/:param/stock-counts/:param/adjust,adjust,StockCountController,apps/server/src/modules/continental-ops/stock-count.controller.ts,continental-ops,ContinentalOpsModule,TRUE,AuthGuard BusinessGuard,2,,,FALSE
DELETE,/continental-ops/businesses/:businessId/stock-counts/:id,/continental-ops/businesses/:param/stock-counts/:param,remove,StockCountController,apps/server/src/modules/continental-ops/stock-count.controller.ts,continental-ops,ContinentalOpsModule,TRUE,AuthGuard BusinessGuard,2,,,FALSE
GET,/contracts/businesses/:businessId,/contracts/businesses/:param,list,ContractsController,apps/server/src/modules/contracts/contracts.controller.ts,contracts,ContractsModule,TRUE,AuthGuard BusinessGuard ModuleScopeGuard,3,"operations,read",,FALSE
GET,/contracts/businesses/:businessId/stats,/contracts/businesses/:param/stats,stats,ContractsController,apps/server/src/modules/contracts/contracts.controller.ts,contracts,ContractsModule,TRUE,AuthGuard BusinessGuard ModuleScopeGuard,3,"operations,read",,FALSE
GET,/contracts/businesses/:businessId/tags,/contracts/businesses/:param/tags,listTags,ContractsController,apps/server/src/modules/contracts/contracts.controller.ts,contracts,ContractsModule,TRUE,AuthGuard BusinessGuard ModuleScopeGuard,3,"operations,read",,FALSE
POST,/contracts/businesses/:businessId/tags,/contracts/businesses/:param/tags,createTag,ContractsController,apps/server/src/modules/contracts/contracts.controller.ts,contracts,ContractsModule,TRUE,AuthGuard BusinessGuard ModuleScopeGuard,3,"operations,write",,FALSE
DELETE,/contracts/businesses/:businessId/tags/:tagId,/contracts/businesses/:param/tags/:param,deleteTag,ContractsController,apps/server/src/modules/contracts/contracts.controller.ts,contracts,ContractsModule,TRUE,AuthGuard BusinessGuard ModuleScopeGuard,3,"operations,write",,FALSE
GET,/contracts/businesses/:businessId/:contractId,/contracts/businesses/:param/:param,get,ContractsController,apps/server/src/modules/contracts/contracts.controller.ts,contracts,ContractsModule,TRUE,AuthGuard BusinessGuard ModuleScopeGuard,3,"operations,read",,FALSE
POST,/contracts/businesses/:businessId,/contracts/businesses/:param,create,ContractsController,apps/server/src/modules/contracts/contracts.controller.ts,contracts,ContractsModule,TRUE,AuthGuard BusinessGuard ModuleScopeGuard,3,"operations,write",,FALSE
PATCH,/contracts/businesses/:businessId/:contractId,/contracts/businesses/:param/:param,update,ContractsController,apps/server/src/modules/contracts/contracts.controller.ts,contracts,ContractsModule,TRUE,AuthGuard BusinessGuard ModuleScopeGuard,3,"operations,write",,FALSE
DELETE,/contracts/businesses/:businessId/:contractId,/contracts/businesses/:param/:param,remove,ContractsController,apps/server/src/modules/contracts/contracts.controller.ts,contracts,ContractsModule,TRUE,AuthGuard BusinessGuard ModuleScopeGuard,3,"operations,write",,FALSE
POST,/contracts/businesses/:businessId/:contractId/extract,/contracts/businesses/:param/:param/extract,extractTerms,ContractsController,apps/server/src/modules/contracts/contracts.controller.ts,contracts,ContractsModule,TRUE,AuthGuard BusinessGuard ModuleScopeGuard,3,"operations,write",,FALSE
POST,/contracts/businesses/:businessId/:contractId/acknowledge-alert/:alertId,/contracts/businesses/:param/:param/acknowledge-alert/:param,acknowledgeAlert,ContractsController,apps/server/src/modules/contracts/contracts.controller.ts,contracts,ContractsModule,TRUE,AuthGuard BusinessGuard ModuleScopeGuard,3,"operations,write",,FALSE
GET,/conversion/businesses/:businessId/products/:productId/upsells,/conversion/businesses/:param/products/:param/upsells,getUpsells,ConversionController,apps/server/src/modules/conversion/conversion.controller.ts,conversion,ConversionModule,TRUE,AuthGuard BusinessGuard,2,,,FALSE
PATCH,/conversion/businesses/:businessId/products/:productId/upsells,/conversion/businesses/:param/products/:param/upsells,setUpsells,ConversionController,apps/server/src/modules/conversion/conversion.controller.ts,conversion,ConversionModule,TRUE,AuthGuard BusinessGuard,2,,,FALSE
GET,/conversion/businesses/:businessId/cart/order-bump,/conversion/businesses/:param/cart/order-bump,getOrderBump,ConversionController,apps/server/src/modules/conversion/conversion.controller.ts,conversion,ConversionModule,TRUE,AuthGuard BusinessGuard,2,,,FALSE
GET,/conversion/businesses/:businessId/contacts/:contactId/referral-stats,/conversion/businesses/:param/contacts/:param/referral-stats,getReferralStats,ConversionController,apps/server/src/modules/conversion/conversion.controller.ts,conversion,ConversionModule,TRUE,AuthGuard BusinessGuard,2,,,FALSE
GET,/conversion/businesses/:businessId/sales-reps,/conversion/businesses/:param/sales-reps,getSalesReps,ConversionController,apps/server/src/modules/conversion/conversion.controller.ts,conversion,ConversionModule,TRUE,AuthGuard BusinessGuard,2,,,FALSE
PATCH,/conversion/businesses/:businessId/sales-reps/:repId/commission,/conversion/businesses/:param/sales-reps/:param/commission,setCommission,ConversionController,apps/server/src/modules/conversion/conversion.controller.ts,conversion,ConversionModule,TRUE,AuthGuard BusinessGuard,2,,,FALSE
GET,/conversion/businesses/:businessId/sales-reps/:repId/pipeline,/conversion/businesses/:param/sales-reps/:param/pipeline,getRepPipeline,ConversionController,apps/server/src/modules/conversion/conversion.controller.ts,conversion,ConversionModule,TRUE,AuthGuard BusinessGuard,2,,,FALSE
PATCH,/conversion/businesses/:businessId/contacts/:contactId/sales-rep,/conversion/businesses/:param/contacts/:param/sales-rep,assignSalesRep,ConversionController,apps/server/src/modules/conversion/conversion.controller.ts,conversion,ConversionModule,TRUE,AuthGuard BusinessGuard,2,,,FALSE
GET,/conversion/businesses/:businessId/lead-magnets,/conversion/businesses/:param/lead-magnets,listLeadMagnets,ConversionController,apps/server/src/modules/conversion/conversion.controller.ts,conversion,ConversionModule,TRUE,AuthGuard BusinessGuard,2,,,FALSE
POST,/conversion/businesses/:businessId/lead-magnets,/conversion/businesses/:param/lead-magnets,createLeadMagnet,ConversionController,apps/server/src/modules/conversion/conversion.controller.ts,conversion,ConversionModule,TRUE,AuthGuard BusinessGuard,2,,,FALSE
POST,/conversion/public/lead-magnets/:businessId/:slug/convert,/conversion/public/lead-magnets/:param/:param/convert,convertLeadMagnet,ConversionController,apps/server/src/modules/conversion/conversion.controller.ts,conversion,ConversionModule,TRUE,AuthGuard BusinessGuard PublicRateLimitGuard,3,,,FALSE
GET,/conversion/businesses/:businessId/subscription-products,/conversion/businesses/:param/subscription-products,listSubscriptionProducts,ConversionController,apps/server/src/modules/conversion/conversion.controller.ts,conversion,ConversionModule,TRUE,AuthGuard BusinessGuard,2,,,FALSE
GET,/conversion/businesses/:businessId/products/:productId/subscription-config,/conversion/businesses/:param/products/:param/subscription-config,getSubConfig,ConversionController,apps/server/src/modules/conversion/conversion.controller.ts,conversion,ConversionModule,TRUE,AuthGuard BusinessGuard,2,,,FALSE
PATCH,/conversion/businesses/:businessId/products/:productId/subscription-config,/conversion/businesses/:param/products/:param/subscription-config,setSubConfig,ConversionController,apps/server/src/modules/conversion/conversion.controller.ts,conversion,ConversionModule,TRUE,AuthGuard BusinessGuard,2,,,FALSE
GET,/crm/businesses/:businessId/accounts,/crm/businesses/:param/accounts,list,CrmAccountsController,apps/server/src/modules/crm/crm-accounts.controller.ts,crm,CrmModule,TRUE,CrmRateLimitGuard AuthGuard BusinessGuard ModuleScopeGuard,4,"crm,read",,FALSE
GET,/crm/businesses/:businessId/accounts/:accountId,/crm/businesses/:param/accounts/:param,detail,CrmAccountsController,apps/server/src/modules/crm/crm-accounts.controller.ts,crm,CrmModule,TRUE,CrmRateLimitGuard AuthGuard BusinessGuard ModuleScopeGuard,4,"crm,read",,FALSE
GET,/crm/businesses/:businessId/accounts/:accountId/insight,/crm/businesses/:param/accounts/:param/insight,insight,CrmAccountsController,apps/server/src/modules/crm/crm-accounts.controller.ts,crm,CrmModule,TRUE,CrmRateLimitGuard AuthGuard BusinessGuard ModuleScopeGuard,4,"crm,read",,FALSE
POST,/crm/businesses/:businessId/accounts,/crm/businesses/:param/accounts,create,CrmAccountsController,apps/server/src/modules/crm/crm-accounts.controller.ts,crm,CrmModule,TRUE,CrmRateLimitGuard AuthGuard BusinessGuard ModuleScopeGuard,4,"crm,write",,FALSE
PATCH,/crm/businesses/:businessId/accounts/:accountId,/crm/businesses/:param/accounts/:param,update,CrmAccountsController,apps/server/src/modules/crm/crm-accounts.controller.ts,crm,CrmModule,TRUE,CrmRateLimitGuard AuthGuard BusinessGuard ModuleScopeGuard,4,"crm,write",,FALSE
DELETE,/crm/businesses/:businessId/accounts/:accountId,/crm/businesses/:param/accounts/:param,remove,CrmAccountsController,apps/server/src/modules/crm/crm-accounts.controller.ts,crm,CrmModule,TRUE,CrmRateLimitGuard AuthGuard BusinessGuard ModuleScopeGuard,4,"crm,write",,FALSE
GET,/crm/businesses/:businessId/contacts/:contactId/account-suggestion,/crm/businesses/:param/contacts/:param/account-suggestion,suggestForContact,CrmAccountsController,apps/server/src/modules/crm/crm-accounts.controller.ts,crm,CrmModule,TRUE,CrmRateLimitGuard AuthGuard BusinessGuard ModuleScopeGuard,4,"crm,read",,FALSE
GET,/crm/businesses/:businessId/accounts-merge/preview,/crm/businesses/:param/accounts-merge/preview,mergePreview,CrmAccountsController,apps/server/src/modules/crm/crm-accounts.controller.ts,crm,CrmModule,TRUE,CrmRateLimitGuard AuthGuard BusinessGuard ModuleScopeGuard,4,"crm,read",,FALSE
POST,/crm/businesses/:businessId/accounts-merge/apply,/crm/businesses/:param/accounts-merge/apply,mergeApply,CrmAccountsController,apps/server/src/modules/crm/crm-accounts.controller.ts,crm,CrmModule,TRUE,CrmRateLimitGuard AuthGuard BusinessGuard ModuleScopeGuard,4,"crm,write",,FALSE
GET,/crm/businesses/:businessId/deals/pivot/by-account,/crm/businesses/:param/deals/pivot/by-account,dealsByAccount,CrmAccountsController,apps/server/src/modules/crm/crm-accounts.controller.ts,crm,CrmModule,TRUE,CrmRateLimitGuard AuthGuard BusinessGuard ModuleScopeGuard,4,"crm,read",,FALSE
GET,/crm/businesses/:businessId/lifecycle/pivot/by-account,/crm/businesses/:param/lifecycle/pivot/by-account,lifecycleByAccount,CrmAccountsController,apps/server/src/modules/crm/crm-accounts.controller.ts,crm,CrmModule,TRUE,CrmRateLimitGuard AuthGuard BusinessGuard ModuleScopeGuard,4,"crm,read",,FALSE
GET,/crm/businesses/:businessId/contacts/:contactId/insight-card,/crm/businesses/:param/contacts/:param/insight-card,getInsightCard,CrmAiController,apps/server/src/modules/crm/crm-ai.controller.ts,crm,CrmModule,TRUE,CrmRateLimitGuard AuthGuard BusinessGuard FeatureFlagGuard,4,,,FALSE
POST,/crm/businesses/:businessId/contacts/:contactId/insight-card/recompute,/crm/businesses/:param/contacts/:param/insight-card/recompute,recomputeInsightCard,CrmAiController,apps/server/src/modules/crm/crm-ai.controller.ts,crm,CrmModule,TRUE,CrmRateLimitGuard AuthGuard BusinessGuard FeatureFlagGuard,4,,,FALSE
GET,/crm/businesses/:businessId/contacts/:contactId/ai-insight,/crm/businesses/:param/contacts/:param/ai-insight,getAiInsight,CrmAiController,apps/server/src/modules/crm/crm-ai.controller.ts,crm,CrmModule,TRUE,CrmRateLimitGuard AuthGuard BusinessGuard FeatureFlagGuard,4,,,FALSE
POST,/crm/businesses/:businessId/contacts/:contactId/ai-tags,/crm/businesses/:param/contacts/:param/ai-tags,aiSuggestTags,CrmAiController,apps/server/src/modules/crm/crm-ai.controller.ts,crm,CrmModule,TRUE,CrmRateLimitGuard AuthGuard BusinessGuard FeatureFlagGuard,4,,,FALSE
POST,/crm/businesses/:businessId/contacts/:contactId/ai-prep-brief,/crm/businesses/:param/contacts/:param/ai-prep-brief,aiPrepBrief,CrmAiController,apps/server/src/modules/crm/crm-ai.controller.ts,crm,CrmModule,TRUE,CrmRateLimitGuard AuthGuard BusinessGuard FeatureFlagGuard,4,,,FALSE
POST,/crm/businesses/:businessId/ai-command,/crm/businesses/:param/ai-command,aiCommand,CrmAiController,apps/server/src/modules/crm/crm-ai.controller.ts,crm,CrmModule,TRUE,CrmRateLimitGuard AuthGuard BusinessGuard FeatureFlagGuard,4,,,FALSE
POST,/crm/businesses/:businessId/ai-analyze,/crm/businesses/:param/ai-analyze,aiAnalyze,CrmAiController,apps/server/src/modules/crm/crm-ai.controller.ts,crm,CrmModule,TRUE,CrmRateLimitGuard AuthGuard BusinessGuard FeatureFlagGuard,4,,,FALSE
POST,/crm/businesses/:businessId/ai-analyze/execute,/crm/businesses/:param/ai-analyze/execute,aiExecuteTasks,CrmAiController,apps/server/src/modules/crm/crm-ai.controller.ts,crm,CrmModule,TRUE,CrmRateLimitGuard AuthGuard BusinessGuard FeatureFlagGuard,4,,,FALSE
GET,/crm/businesses/:businessId/ai-guidelines,/crm/businesses/:param/ai-guidelines,getAiGuidelines,CrmAiController,apps/server/src/modules/crm/crm-ai.controller.ts,crm,CrmModule,TRUE,CrmRateLimitGuard AuthGuard BusinessGuard FeatureFlagGuard,4,,,FALSE
POST,/crm/businesses/:businessId/ai-guidelines,/crm/businesses/:param/ai-guidelines,saveAiGuidelines,CrmAiController,apps/server/src/modules/crm/crm-ai.controller.ts,crm,CrmModule,TRUE,CrmRateLimitGuard AuthGuard BusinessGuard FeatureFlagGuard,4,,,FALSE
POST,/crm/businesses/:businessId/contacts/:contactId/ai-summary,/crm/businesses/:param/contacts/:param/ai-summary,aiContactSummary,CrmAiController,apps/server/src/modules/crm/crm-ai.controller.ts,crm,CrmModule,TRUE,CrmRateLimitGuard AuthGuard BusinessGuard FeatureFlagGuard,4,,,FALSE
POST,/crm/businesses/:businessId/contacts/:contactId/ai-score,/crm/businesses/:param/contacts/:param/ai-score,aiLeadScore,CrmAiController,apps/server/src/modules/crm/crm-ai.controller.ts,crm,CrmModule,TRUE,CrmRateLimitGuard AuthGuard BusinessGuard FeatureFlagGuard,4,,,FALSE
POST,/crm/businesses/:businessId/contacts/:contactId/ai-note-analysis,/crm/businesses/:param/contacts/:param/ai-note-analysis,aiNoteAnalysis,CrmAiController,apps/server/src/modules/crm/crm-ai.controller.ts,crm,CrmModule,TRUE,CrmRateLimitGuard AuthGuard BusinessGuard FeatureFlagGuard,4,,,FALSE
GET,/crm/businesses/:businessId/ai-churn-risk,/crm/businesses/:param/ai-churn-risk,aiChurnDetection,CrmAiController,apps/server/src/modules/crm/crm-ai.controller.ts,crm,CrmModule,TRUE,CrmRateLimitGuard AuthGuard BusinessGuard FeatureFlagGuard,4,,,FALSE
POST,/crm/businesses/:businessId/ai-search,/crm/businesses/:param/ai-search,aiNaturalLanguageSearch,CrmAiController,apps/server/src/modules/crm/crm-ai.controller.ts,crm,CrmModule,TRUE,CrmRateLimitGuard AuthGuard BusinessGuard FeatureFlagGuard,4,,,FALSE
POST,/crm/businesses/:businessId/ai-execute,/crm/businesses/:param/ai-execute,aiExecuteCommand,CrmAiController,apps/server/src/modules/crm/crm-ai.controller.ts,crm,CrmModule,TRUE,CrmRateLimitGuard AuthGuard BusinessGuard FeatureFlagGuard,4,,,FALSE
GET,/crm/businesses/:businessId/ai-data-quality,/crm/businesses/:param/ai-data-quality,aiDataQuality,CrmAiController,apps/server/src/modules/crm/crm-ai.controller.ts,crm,CrmModule,TRUE,CrmRateLimitGuard AuthGuard BusinessGuard FeatureFlagGuard,4,,,FALSE
GET,/crm/businesses/:businessId/ai-duplicates,/crm/businesses/:param/ai-duplicates,aiFindDuplicates,CrmAiController,apps/server/src/modules/crm/crm-ai.controller.ts,crm,CrmModule,TRUE,CrmRateLimitGuard AuthGuard BusinessGuard FeatureFlagGuard,4,,,FALSE
GET,/crm/businesses/:businessId/ai-reengagement,/crm/businesses/:param/ai-reengagement,aiReengagement,CrmAiController,apps/server/src/modules/crm/crm-ai.controller.ts,crm,CrmModule,TRUE,CrmRateLimitGuard AuthGuard BusinessGuard FeatureFlagGuard,4,,,FALSE
GET,/crm/businesses/:businessId/ai-revenue-opportunities,/crm/businesses/:param/ai-revenue-opportunities,aiRevenueOpportunities,CrmAiController,apps/server/src/modules/crm/crm-ai.controller.ts,crm,CrmModule,TRUE,CrmRateLimitGuard AuthGuard BusinessGuard FeatureFlagGuard,4,,,FALSE
POST,/crm/businesses/:businessId/contacts/:contactId/ai-follow-up-draft,/crm/businesses/:param/contacts/:param/ai-follow-up-draft,aiFollowUpDraft,CrmAiController,apps/server/src/modules/crm/crm-ai.controller.ts,crm,CrmModule,TRUE,CrmRateLimitGuard AuthGuard BusinessGuard FeatureFlagGuard,4,,,FALSE
GET,/crm/businesses/:businessId/custom-field-definitions,/crm/businesses/:param/custom-field-definitions,listDefinitions,CrmCustomFieldsController,apps/server/src/modules/crm/crm-custom-fields.controller.ts,crm,CrmModule,TRUE,CrmRateLimitGuard AuthGuard BusinessGuard ModuleScopeGuard,4,"crm,read",,FALSE
GET,/crm/businesses/:businessId/custom-field-definitions/:definitionId,/crm/businesses/:param/custom-field-definitions/:param,getDefinition,CrmCustomFieldsController,apps/server/src/modules/crm/crm-custom-fields.controller.ts,crm,CrmModule,TRUE,CrmRateLimitGuard AuthGuard BusinessGuard ModuleScopeGuard,4,"crm,read",,FALSE
POST,/crm/businesses/:businessId/custom-field-definitions,/crm/businesses/:param/custom-field-definitions,createDefinition,CrmCustomFieldsController,apps/server/src/modules/crm/crm-custom-fields.controller.ts,crm,CrmModule,TRUE,CrmRateLimitGuard AuthGuard BusinessGuard ModuleScopeGuard,4,"crm,write",,FALSE
PATCH,/crm/businesses/:businessId/custom-field-definitions/:definitionId,/crm/businesses/:param/custom-field-definitions/:param,updateDefinition,CrmCustomFieldsController,apps/server/src/modules/crm/crm-custom-fields.controller.ts,crm,CrmModule,TRUE,CrmRateLimitGuard AuthGuard BusinessGuard ModuleScopeGuard,4,"crm,write",,FALSE
POST,/crm/businesses/:businessId/custom-field-definitions/:definitionId/archive,/crm/businesses/:param/custom-field-definitions/:param/archive,archiveDefinition,CrmCustomFieldsController,apps/server/src/modules/crm/crm-custom-fields.controller.ts,crm,CrmModule,TRUE,CrmRateLimitGuard AuthGuard BusinessGuard ModuleScopeGuard,4,"crm,write",,FALSE
POST,/crm/businesses/:businessId/custom-field-definitions/:definitionId/restore,/crm/businesses/:param/custom-field-definitions/:param/restore,restoreDefinition,CrmCustomFieldsController,apps/server/src/modules/crm/crm-custom-fields.controller.ts,crm,CrmModule,TRUE,CrmRateLimitGuard AuthGuard BusinessGuard ModuleScopeGuard,4,"crm,write",,FALSE
DELETE,/crm/businesses/:businessId/custom-field-definitions/:definitionId,/crm/businesses/:param/custom-field-definitions/:param,deleteDefinition,CrmCustomFieldsController,apps/server/src/modules/crm/crm-custom-fields.controller.ts,crm,CrmModule,TRUE,CrmRateLimitGuard AuthGuard BusinessGuard ModuleScopeGuard,4,"crm,write",,FALSE
GET,/crm/businesses/:businessId/contacts/:contactId/custom-field-values,/crm/businesses/:param/contacts/:param/custom-field-values,getContactValues,CrmCustomFieldsController,apps/server/src/modules/crm/crm-custom-fields.controller.ts,crm,CrmModule,TRUE,CrmRateLimitGuard AuthGuard BusinessGuard ModuleScopeGuard,4,"crm,read",,FALSE
GET,/crm/businesses/:businessId/deals/intelligence/forecast,/crm/businesses/:param/deals/intelligence/forecast,getForecast,CrmDealsController,apps/server/src/modules/crm/crm-deals.controller.ts,crm,CrmModule,TRUE,CrmRateLimitGuard AuthGuard BusinessGuard ModuleScopeGuard,4,"crm,read",,FALSE
GET,/crm/businesses/:businessId/deals/intelligence/velocity,/crm/businesses/:param/deals/intelligence/velocity,getVelocity,CrmDealsController,apps/server/src/modules/crm/crm-deals.controller.ts,crm,CrmModule,TRUE,CrmRateLimitGuard AuthGuard BusinessGuard ModuleScopeGuard,4,"crm,read",,FALSE
GET,/crm/businesses/:businessId/won-lost-reasons,/crm/businesses/:param/won-lost-reasons,listReasons,CrmDealsController,apps/server/src/modules/crm/crm-deals.controller.ts,crm,CrmModule,TRUE,CrmRateLimitGuard AuthGuard BusinessGuard ModuleScopeGuard,4,"crm,read",,FALSE
POST,/crm/businesses/:businessId/won-lost-reasons,/crm/businesses/:param/won-lost-reasons,createReason,CrmDealsController,apps/server/src/modules/crm/crm-deals.controller.ts,crm,CrmModule,TRUE,CrmRateLimitGuard AuthGuard BusinessGuard ModuleScopeGuard,4,"crm,write",,FALSE
PATCH,/crm/businesses/:businessId/won-lost-reasons/:reasonId,/crm/businesses/:param/won-lost-reasons/:param,updateReason,CrmDealsController,apps/server/src/modules/crm/crm-deals.controller.ts,crm,CrmModule,TRUE,CrmRateLimitGuard AuthGuard BusinessGuard ModuleScopeGuard,4,"crm,write",,FALSE
DELETE,/crm/businesses/:businessId/won-lost-reasons/:reasonId,/crm/businesses/:param/won-lost-reasons/:param,deleteReason,CrmDealsController,apps/server/src/modules/crm/crm-deals.controller.ts,crm,CrmModule,TRUE,CrmRateLimitGuard AuthGuard BusinessGuard ModuleScopeGuard,4,"crm,write",,FALSE
GET,/crm/businesses/:businessId/deal-stages,/crm/businesses/:param/deal-stages,listStages,CrmDealsController,apps/server/src/modules/crm/crm-deals.controller.ts,crm,CrmModule,TRUE,CrmRateLimitGuard AuthGuard BusinessGuard ModuleScopeGuard,4,"crm,read",,FALSE
POST,/crm/businesses/:businessId/deal-stages,/crm/businesses/:param/deal-stages,createStage,CrmDealsController,apps/server/src/modules/crm/crm-deals.controller.ts,crm,CrmModule,TRUE,CrmRateLimitGuard AuthGuard BusinessGuard ModuleScopeGuard,4,"crm,write",,FALSE
PATCH,/crm/businesses/:businessId/deal-stages/:stageId,/crm/businesses/:param/deal-stages/:param,updateStage,CrmDealsController,apps/server/src/modules/crm/crm-deals.controller.ts,crm,CrmModule,TRUE,CrmRateLimitGuard AuthGuard BusinessGuard ModuleScopeGuard,4,"crm,write",,FALSE
DELETE,/crm/businesses/:businessId/deal-stages/:stageId,/crm/businesses/:param/deal-stages/:param,deleteStage,CrmDealsController,apps/server/src/modules/crm/crm-deals.controller.ts,crm,CrmModule,TRUE,CrmRateLimitGuard AuthGuard BusinessGuard ModuleScopeGuard,4,"crm,write",,FALSE
GET,/crm/businesses/:businessId/deals,/crm/businesses/:param/deals,listDeals,CrmDealsController,apps/server/src/modules/crm/crm-deals.controller.ts,crm,CrmModule,TRUE,CrmRateLimitGuard AuthGuard BusinessGuard ModuleScopeGuard,4,"crm,read",,FALSE
POST,/crm/businesses/:businessId/deals,/crm/businesses/:param/deals,createDeal,CrmDealsController,apps/server/src/modules/crm/crm-deals.controller.ts,crm,CrmModule,TRUE,CrmRateLimitGuard AuthGuard BusinessGuard ModuleScopeGuard,4,"crm,write",,FALSE
GET,/crm/businesses/:businessId/deals/:dealId,/crm/businesses/:param/deals/:param,getDeal,CrmDealsController,apps/server/src/modules/crm/crm-deals.controller.ts,crm,CrmModule,TRUE,CrmRateLimitGuard AuthGuard BusinessGuard ModuleScopeGuard,4,"crm,read",,FALSE
PATCH,/crm/businesses/:businessId/deals/:dealId,/crm/businesses/:param/deals/:param,updateDeal,CrmDealsController,apps/server/src/modules/crm/crm-deals.controller.ts,crm,CrmModule,TRUE,CrmRateLimitGuard AuthGuard BusinessGuard ModuleScopeGuard,4,"crm,write",,FALSE
DELETE,/crm/businesses/:businessId/deals/:dealId,/crm/businesses/:param/deals/:param,deleteDeal,CrmDealsController,apps/server/src/modules/crm/crm-deals.controller.ts,crm,CrmModule,TRUE,CrmRateLimitGuard AuthGuard BusinessGuard ModuleScopeGuard,4,"crm,write",,FALSE
POST,/crm/businesses/:businessId/deals/:dealId/move-stage,/crm/businesses/:param/deals/:param/move-stage,moveStage,CrmDealsController,apps/server/src/modules/crm/crm-deals.controller.ts,crm,CrmModule,TRUE,CrmRateLimitGuard AuthGuard BusinessGuard ModuleScopeGuard,4,"crm,write",,FALSE
POST,/crm/businesses/:businessId/deals/bulk/move-stage,/crm/businesses/:param/deals/bulk/move-stage,bulkMoveStage,CrmDealsController,apps/server/src/modules/crm/crm-deals.controller.ts,crm,CrmModule,TRUE,CrmRateLimitGuard AuthGuard BusinessGuard ModuleScopeGuard,4,"crm,write",,FALSE
POST,/crm/businesses/:businessId/deals/:dealId/win,/crm/businesses/:param/deals/:param/win,winDeal,CrmDealsController,apps/server/src/modules/crm/crm-deals.controller.ts,crm,CrmModule,TRUE,CrmRateLimitGuard AuthGuard BusinessGuard ModuleScopeGuard,4,"crm,write",,FALSE
POST,/crm/businesses/:businessId/deals/:dealId/lose,/crm/businesses/:param/deals/:param/lose,loseDeal,CrmDealsController,apps/server/src/modules/crm/crm-deals.controller.ts,crm,CrmModule,TRUE,CrmRateLimitGuard AuthGuard BusinessGuard ModuleScopeGuard,4,"crm,write",,FALSE
GET,/crm/businesses/:businessId/contacts/:contactId/deals,/crm/businesses/:param/contacts/:param/deals,listContactDeals,CrmDealsController,apps/server/src/modules/crm/crm-deals.controller.ts,crm,CrmModule,TRUE,CrmRateLimitGuard AuthGuard BusinessGuard ModuleScopeGuard,4,"crm,read",,FALSE
GET,/crm/businesses/:businessId/google/auth-url,/crm/businesses/:param/google/auth-url,getGoogleAuthUrl,CrmGoogleController,apps/server/src/modules/crm/crm-google.controller.ts,crm,CrmModule,TRUE,CrmRateLimitGuard AuthGuard BusinessGuard,3,,,FALSE
GET,/crm/google/callback,/crm/google/callback,handleGoogleCallback,CrmGoogleController,apps/server/src/modules/crm/crm-google.controller.ts,crm,CrmModule,TRUE,CrmRateLimitGuard,1,,,FALSE
POST,/crm/businesses/:businessId/google/import,/crm/businesses/:param/google/import,importFromGoogle,CrmGoogleController,apps/server/src/modules/crm/crm-google.controller.ts,crm,CrmModule,TRUE,CrmRateLimitGuard AuthGuard BusinessGuard,3,,,FALSE
GET,/crm/businesses/:businessId/sequences,/crm/businesses/:param/sequences,listSequences,CrmSequenceController,apps/server/src/modules/crm/crm-sequence.controller.ts,crm,CrmModule,TRUE,CrmRateLimitGuard AuthGuard BusinessGuard FeatureFlagGuard,4,,,FALSE
POST,/crm/businesses/:businessId/sequences,/crm/businesses/:param/sequences,createSequence,CrmSequenceController,apps/server/src/modules/crm/crm-sequence.controller.ts,crm,CrmModule,TRUE,CrmRateLimitGuard AuthGuard BusinessGuard FeatureFlagGuard,4,,,FALSE
GET,/crm/businesses/:businessId/sequences/:id,/crm/businesses/:param/sequences/:param,getSequence,CrmSequenceController,apps/server/src/modules/crm/crm-sequence.controller.ts,crm,CrmModule,TRUE,CrmRateLimitGuard AuthGuard BusinessGuard FeatureFlagGuard,4,,,FALSE
PATCH,/crm/businesses/:businessId/sequences/:id,/crm/businesses/:param/sequences/:param,updateSequence,CrmSequenceController,apps/server/src/modules/crm/crm-sequence.controller.ts,crm,CrmModule,TRUE,CrmRateLimitGuard AuthGuard BusinessGuard FeatureFlagGuard,4,,,FALSE
DELETE,/crm/businesses/:businessId/sequences/:id,/crm/businesses/:param/sequences/:param,deleteSequence,CrmSequenceController,apps/server/src/modules/crm/crm-sequence.controller.ts,crm,CrmModule,TRUE,CrmRateLimitGuard AuthGuard BusinessGuard FeatureFlagGuard,4,,,FALSE
POST,/crm/businesses/:businessId/sequences/:id/duplicate,/crm/businesses/:param/sequences/:param/duplicate,duplicateSequence,CrmSequenceController,apps/server/src/modules/crm/crm-sequence.controller.ts,crm,CrmModule,TRUE,CrmRateLimitGuard AuthGuard BusinessGuard FeatureFlagGuard,4,,,FALSE
POST,/crm/businesses/:businessId/sequences/:id/enroll,/crm/businesses/:param/sequences/:param/enroll,enrollContacts,CrmSequenceController,apps/server/src/modules/crm/crm-sequence.controller.ts,crm,CrmModule,TRUE,CrmRateLimitGuard AuthGuard BusinessGuard FeatureFlagGuard,4,,,FALSE
POST,/crm/businesses/:businessId/sequences/:id/enrollments/:enrollmentId/advance,/crm/businesses/:param/sequences/:param/enrollments/:param/advance,advanceEnrollment,CrmSequenceController,apps/server/src/modules/crm/crm-sequence.controller.ts,crm,CrmModule,TRUE,CrmRateLimitGuard AuthGuard BusinessGuard FeatureFlagGuard,4,,,FALSE
GET,/crm/businesses/:businessId/sequences/variants/report,/crm/businesses/:param/sequences/variants/report,getAllVariantReports,CrmSequenceController,apps/server/src/modules/crm/crm-sequence.controller.ts,crm,CrmModule,TRUE,CrmRateLimitGuard AuthGuard BusinessGuard FeatureFlagGuard,4,,,FALSE
GET,/crm/businesses/:businessId/sequences/:id/variants/report,/crm/businesses/:param/sequences/:param/variants/report,getVariantReport,CrmSequenceController,apps/server/src/modules/crm/crm-sequence.controller.ts,crm,CrmModule,TRUE,CrmRateLimitGuard AuthGuard BusinessGuard FeatureFlagGuard,4,,,FALSE
POST,/crm/businesses/:businessId/sequences/:id/nodes/:nodeId/promote-variant,/crm/businesses/:param/sequences/:param/nodes/:param/promote-variant,promoteVariant,CrmSequenceController,apps/server/src/modules/crm/crm-sequence.controller.ts,crm,CrmModule,TRUE,CrmRateLimitGuard AuthGuard BusinessGuard FeatureFlagGuard,4,,,FALSE
POST,/crm/businesses/:businessId/sequences/:id/enrollments/:enrollmentId/unenroll,/crm/businesses/:param/sequences/:param/enrollments/:param/unenroll,unenrollContact,CrmSequenceController,apps/server/src/modules/crm/crm-sequence.controller.ts,crm,CrmModule,TRUE,CrmRateLimitGuard AuthGuard BusinessGuard FeatureFlagGuard,4,,,FALSE
GET,/crm/businesses/:businessId/sequences/analytics/summary,/crm/businesses/:param/sequences/analytics/summary,sequencesSummary,CrmSequenceController,apps/server/src/modules/crm/crm-sequence.controller.ts,crm,CrmModule,TRUE,CrmRateLimitGuard AuthGuard BusinessGuard FeatureFlagGuard,4,,,FALSE
GET,/crm/businesses/:businessId/sequences/analytics/lifecycle,/crm/businesses/:param/sequences/analytics/lifecycle,lifecycleReport,CrmSequenceController,apps/server/src/modules/crm/crm-sequence.controller.ts,crm,CrmModule,TRUE,CrmRateLimitGuard AuthGuard BusinessGuard FeatureFlagGuard,4,,,FALSE
GET,/crm/businesses/:businessId/sequences/:id/analytics,/crm/businesses/:param/sequences/:param/analytics,sequenceAnalytics,CrmSequenceController,apps/server/src/modules/crm/crm-sequence.controller.ts,crm,CrmModule,TRUE,CrmRateLimitGuard AuthGuard BusinessGuard FeatureFlagGuard,4,,,FALSE
GET,/crm/businesses/:businessId/sequences/settings/attribution,/crm/businesses/:param/sequences/settings/attribution,getAttributionSettings,CrmSequenceController,apps/server/src/modules/crm/crm-sequence.controller.ts,crm,CrmModule,TRUE,CrmRateLimitGuard AuthGuard BusinessGuard FeatureFlagGuard,4,,,FALSE
PATCH,/crm/businesses/:businessId/sequences/settings/attribution,/crm/businesses/:param/sequences/settings/attribution,updateAttributionSettings,CrmSequenceController,apps/server/src/modules/crm/crm-sequence.controller.ts,crm,CrmModule,TRUE,CrmRateLimitGuard AuthGuard BusinessGuard FeatureFlagGuard,4,,,FALSE
GET,/crm/businesses/:businessId/contacts/:contactId/relationships,/crm/businesses/:param/contacts/:param/relationships,listContactRelationships,CrmController,apps/server/src/modules/crm/crm.controller.ts,crm,CrmModule,TRUE,CrmRateLimitGuard AuthGuard BusinessGuard ModuleScopeGuard,4,"crm,read",,FALSE
GET,/crm/businesses/:businessId/contacts/:contactId/network,/crm/businesses/:param/contacts/:param/network,getContactNetwork,CrmController,apps/server/src/modules/crm/crm.controller.ts,crm,CrmModule,TRUE,CrmRateLimitGuard AuthGuard BusinessGuard ModuleScopeGuard,4,"crm,read",,FALSE
GET,/crm/businesses/:businessId/network,/crm/businesses/:param/network,getNetworkGraph,CrmController,apps/server/src/modules/crm/crm.controller.ts,crm,CrmModule,TRUE,CrmRateLimitGuard AuthGuard BusinessGuard ModuleScopeGuard,4,"crm,read",,FALSE
POST,/crm/businesses/:businessId/contacts/:contactId/relationships,/crm/businesses/:param/contacts/:param/relationships,createContactRelationship,CrmController,apps/server/src/modules/crm/crm.controller.ts,crm,CrmModule,TRUE,CrmRateLimitGuard AuthGuard BusinessGuard ModuleScopeGuard,4,"crm,write",,FALSE
DELETE,/crm/businesses/:businessId/relationships/:relationshipId,/crm/businesses/:param/relationships/:param,deleteContactRelationship,CrmController,apps/server/src/modules/crm/crm.controller.ts,crm,CrmModule,TRUE,CrmRateLimitGuard AuthGuard BusinessGuard ModuleScopeGuard,4,"crm,write",,FALSE
POST,/crm/businesses/:businessId/contacts/:contactId/refer,/crm/businesses/:param/contacts/:param/refer,referContact,CrmController,apps/server/src/modules/crm/crm.controller.ts,crm,CrmModule,TRUE,CrmRateLimitGuard AuthGuard BusinessGuard ModuleScopeGuard PlanLimitGuard,5,"crm,write",,FALSE
GET,/crm/health,/crm/health,healthCheck,CrmController,apps/server/src/modules/crm/crm.controller.ts,crm,CrmModule,TRUE,CrmRateLimitGuard,1,,,FALSE
GET,/crm/businesses/:businessId/contacts,/crm/businesses/:param/contacts,listContacts,CrmController,apps/server/src/modules/crm/crm.controller.ts,crm,CrmModule,TRUE,CrmRateLimitGuard AuthGuard BusinessGuard ModuleScopeGuard,4,"crm,read",,FALSE
GET,/crm/businesses/:businessId/contacts/:contactId/best-channel,/crm/businesses/:param/contacts/:param/best-channel,bestChannelExplain,CrmController,apps/server/src/modules/crm/crm.controller.ts,crm,CrmModule,TRUE,CrmRateLimitGuard AuthGuard BusinessGuard ModuleScopeGuard,4,"crm,read",,FALSE
POST,/crm/businesses/:businessId/contacts,/crm/businesses/:param/contacts,createContact,CrmController,apps/server/src/modules/crm/crm.controller.ts,crm,CrmModule,TRUE,CrmRateLimitGuard AuthGuard BusinessGuard ModuleScopeGuard PlanLimitGuard,5,"crm,write",,FALSE
GET,/crm/businesses/:businessId/contacts/poll,/crm/businesses/:param/contacts/poll,getContactsPollState,CrmController,apps/server/src/modules/crm/crm.controller.ts,crm,CrmModule,TRUE,CrmRateLimitGuard AuthGuard BusinessGuard ModuleScopeGuard,4,"crm,read",,FALSE
GET,/crm/businesses/:businessId/contacts/favorites,/crm/businesses/:param/contacts/favorites,getFavorites,CrmController,apps/server/src/modules/crm/crm.controller.ts,crm,CrmModule,TRUE,CrmRateLimitGuard AuthGuard BusinessGuard ModuleScopeGuard,4,"crm,read",,FALSE
GET,/crm/businesses/:businessId/contacts/:contactId,/crm/businesses/:param/contacts/:param,getContactDetail,CrmController,apps/server/src/modules/crm/crm.controller.ts,crm,CrmModule,TRUE,CrmRateLimitGuard AuthGuard BusinessGuard ModuleScopeGuard,4,"crm,read",,FALSE
PATCH,/crm/businesses/:businessId/contacts/:contactId,/crm/businesses/:param/contacts/:param,updateContact,CrmController,apps/server/src/modules/crm/crm.controller.ts,crm,CrmModule,TRUE,CrmRateLimitGuard AuthGuard BusinessGuard ModuleScopeGuard,4,"crm,write",,FALSE
PATCH,/crm/businesses/:businessId/contacts/bulk,/crm/businesses/:param/contacts/bulk,bulkUpdateContacts,CrmController,apps/server/src/modules/crm/crm.controller.ts,crm,CrmModule,TRUE,CrmRateLimitGuard AuthGuard BusinessGuard ModuleScopeGuard,4,"crm,write",,FALSE
POST,/crm/businesses/:businessId/contacts/bulk/reassign,/crm/businesses/:param/contacts/bulk/reassign,bulkReassignContacts,CrmController,apps/server/src/modules/crm/crm.controller.ts,crm,CrmModule,TRUE,CrmRateLimitGuard AuthGuard BusinessGuard ModuleScopeGuard,4,"crm,write",,FALSE
DELETE,/crm/businesses/:businessId/contacts/bulk,/crm/businesses/:param/contacts/bulk,bulkDeleteContacts,CrmController,apps/server/src/modules/crm/crm.controller.ts,crm,CrmModule,TRUE,CrmRateLimitGuard AuthGuard BusinessGuard ModuleScopeGuard,4,"crm,write",,FALSE
DELETE,/crm/businesses/:businessId/contacts/:contactId,/crm/businesses/:param/contacts/:param,softDeleteContact,CrmController,apps/server/src/modules/crm/crm.controller.ts,crm,CrmModule,TRUE,CrmRateLimitGuard AuthGuard BusinessGuard ModuleScopeGuard,4,"crm,write",,FALSE
POST,/crm/businesses/:businessId/contacts/:contactId/merge/:duplicateId,/crm/businesses/:param/contacts/:param/merge/:param,mergeContact,CrmController,apps/server/src/modules/crm/crm.controller.ts,crm,CrmModule,TRUE,CrmRateLimitGuard AuthGuard BusinessGuard ModuleScopeGuard,4,"crm,write",,FALSE
GET,/crm/businesses/:businessId/duplicates/preview/:primaryId/:duplicateId,/crm/businesses/:param/duplicates/preview/:param/:param,previewMerge,CrmController,apps/server/src/modules/crm/crm.controller.ts,crm,CrmModule,TRUE,CrmRateLimitGuard AuthGuard BusinessGuard ModuleScopeGuard,4,"crm,read",,FALSE
POST,/crm/businesses/:businessId/duplicates/merges/:mergeId/revert,/crm/businesses/:param/duplicates/merges/:param/revert,revertMerge,CrmController,apps/server/src/modules/crm/crm.controller.ts,crm,CrmModule,TRUE,CrmRateLimitGuard AuthGuard BusinessGuard ModuleScopeGuard,4,"crm,write",,FALSE
GET,/crm/businesses/:businessId/data-quality/stats,/crm/businesses/:param/data-quality/stats,dqStats,CrmController,apps/server/src/modules/crm/crm.controller.ts,crm,CrmModule,TRUE,CrmRateLimitGuard AuthGuard BusinessGuard ModuleScopeGuard,4,"crm,read",,FALSE
GET,/crm/businesses/:businessId/data-quality/issues,/crm/businesses/:param/data-quality/issues,dqIssues,CrmController,apps/server/src/modules/crm/crm.controller.ts,crm,CrmModule,TRUE,CrmRateLimitGuard AuthGuard BusinessGuard ModuleScopeGuard,4,"crm,read",,FALSE
GET,/crm/businesses/:businessId/data-quality/wizard,/crm/businesses/:param/data-quality/wizard,dqWizard,CrmController,apps/server/src/modules/crm/crm.controller.ts,crm,CrmModule,TRUE,CrmRateLimitGuard AuthGuard BusinessGuard ModuleScopeGuard,4,"crm,read",,FALSE
GET,/crm/businesses/:businessId/contacts/:contactId/data-quality,/crm/businesses/:param/contacts/:param/data-quality,dqContactIssues,CrmController,apps/server/src/modules/crm/crm.controller.ts,crm,CrmModule,TRUE,CrmRateLimitGuard AuthGuard BusinessGuard ModuleScopeGuard,4,"crm,read",,FALSE
POST,/crm/businesses/:businessId/data-quality/scan,/crm/businesses/:param/data-quality/scan,dqScan,CrmController,apps/server/src/modules/crm/crm.controller.ts,crm,CrmModule,TRUE,CrmRateLimitGuard AuthGuard BusinessGuard ModuleScopeGuard,4,"crm,write",,FALSE
POST,/crm/businesses/:businessId/data-quality/issues/:issueId/apply,/crm/businesses/:param/data-quality/issues/:param/apply,dqApply,CrmController,apps/server/src/modules/crm/crm.controller.ts,crm,CrmModule,TRUE,CrmRateLimitGuard AuthGuard BusinessGuard ModuleScopeGuard,4,"crm,write",,FALSE
POST,/crm/businesses/:businessId/data-quality/issues/:issueId/dismiss,/crm/businesses/:param/data-quality/issues/:param/dismiss,dqDismiss,CrmController,apps/server/src/modules/crm/crm.controller.ts,crm,CrmModule,TRUE,CrmRateLimitGuard AuthGuard BusinessGuard ModuleScopeGuard,4,"crm,write",,FALSE
POST,/crm/businesses/:businessId/data-quality/bulk-apply,/crm/businesses/:param/data-quality/bulk-apply,dqBulkApply,CrmController,apps/server/src/modules/crm/crm.controller.ts,crm,CrmModule,TRUE,CrmRateLimitGuard AuthGuard BusinessGuard ModuleScopeGuard,4,"crm,write",,FALSE
PATCH,/crm/businesses/:businessId/data-quality/settings,/crm/businesses/:param/data-quality/settings,dqUpdateSettings,CrmController,apps/server/src/modules/crm/crm.controller.ts,crm,CrmModule,TRUE,CrmRateLimitGuard AuthGuard BusinessGuard ModuleScopeGuard,4,"crm,write",,FALSE
POST,/crm/businesses/:businessId/contacts/:contactId/data-quality/mark-verified,/crm/businesses/:param/contacts/:param/data-quality/mark-verified,dqMarkVerified,CrmController,apps/server/src/modules/crm/crm.controller.ts,crm,CrmModule,TRUE,CrmRateLimitGuard AuthGuard BusinessGuard ModuleScopeGuard,4,"crm,write",,FALSE
POST,/crm/businesses/:businessId/contacts/:contactId/notes,/crm/businesses/:param/contacts/:param/notes,addNote,CrmController,apps/server/src/modules/crm/crm.controller.ts,crm,CrmModule,TRUE,CrmRateLimitGuard AuthGuard BusinessGuard ModuleScopeGuard,4,"crm,write",,FALSE
GET,/crm/businesses/:businessId/contact-stats,/crm/businesses/:param/contact-stats,getContactStats,CrmController,apps/server/src/modules/crm/crm.controller.ts,crm,CrmModule,TRUE,CrmRateLimitGuard AuthGuard BusinessGuard ModuleScopeGuard,4,"crm,read",,FALSE
GET,/crm/businesses/:businessId/segments,/crm/businesses/:param/segments,segmentSummary,CrmController,apps/server/src/modules/crm/crm.controller.ts,crm,CrmModule,TRUE,CrmRateLimitGuard AuthGuard BusinessGuard ModuleScopeGuard,4,"crm,read",,FALSE
GET,/crm/businesses/:businessId/relationship-health/settings,/crm/businesses/:param/relationship-health/settings,getRelationshipHealthSettings,CrmController,apps/server/src/modules/crm/crm.controller.ts,crm,CrmModule,TRUE,CrmRateLimitGuard AuthGuard BusinessGuard ModuleScopeGuard,4,"crm,read",,FALSE
PATCH,/crm/businesses/:businessId/relationship-health/settings,/crm/businesses/:param/relationship-health/settings,updateRelationshipHealthSettings,CrmController,apps/server/src/modules/crm/crm.controller.ts,crm,CrmModule,TRUE,CrmRateLimitGuard AuthGuard BusinessGuard ModuleScopeGuard,4,"crm,write",,FALSE
GET,/crm/businesses/:businessId/intelligence,/crm/businesses/:param/intelligence,getIntelligenceSummary,CrmController,apps/server/src/modules/crm/crm.controller.ts,crm,CrmModule,TRUE,CrmRateLimitGuard AuthGuard BusinessGuard ModuleScopeGuard,4,"crm,read",,FALSE
GET,/crm/businesses/:businessId/relationship-health/at-risk,/crm/businesses/:param/relationship-health/at-risk,listAtRisk,CrmController,apps/server/src/modules/crm/crm.controller.ts,crm,CrmModule,TRUE,CrmRateLimitGuard AuthGuard BusinessGuard ModuleScopeGuard,4,"crm,read",,FALSE
POST,/crm/businesses/:businessId/relationship-health/recompute,/crm/businesses/:param/relationship-health/recompute,recomputeRelationshipHealth,CrmController,apps/server/src/modules/crm/crm.controller.ts,crm,CrmModule,TRUE,CrmRateLimitGuard AuthGuard BusinessGuard ModuleScopeGuard,4,"crm,write",,FALSE
PUT,/crm/businesses/:businessId/contacts/:contactId/relationship-health,/crm/businesses/:param/contacts/:param/relationship-health,setRelationshipHealthOverride,CrmController,apps/server/src/modules/crm/crm.controller.ts,crm,CrmModule,TRUE,CrmRateLimitGuard AuthGuard BusinessGuard ModuleScopeGuard,4,"crm,write",,FALSE
DELETE,/crm/businesses/:businessId/contacts/:contactId/relationship-health,/crm/businesses/:param/contacts/:param/relationship-health,clearRelationshipHealthOverride,CrmController,apps/server/src/modules/crm/crm.controller.ts,crm,CrmModule,TRUE,CrmRateLimitGuard AuthGuard BusinessGuard ModuleScopeGuard,4,"crm,write",,FALSE
GET,/crm/businesses/:businessId/highlights,/crm/businesses/:param/highlights,flowHighlights,CrmController,apps/server/src/modules/crm/crm.controller.ts,crm,CrmModule,TRUE,CrmRateLimitGuard AuthGuard BusinessGuard ModuleScopeGuard,4,"crm,read",,FALSE
GET,/crm/businesses/:businessId/tasks/due,/crm/businesses/:param/tasks/due,dueTasks,CrmController,apps/server/src/modules/crm/crm.controller.ts,crm,CrmModule,TRUE,CrmRateLimitGuard AuthGuard BusinessGuard ModuleScopeGuard,4,"crm,read",,FALSE
POST,/crm/businesses/:businessId/contacts/:contactId/tasks,/crm/businesses/:param/contacts/:param/tasks,addTask,CrmController,apps/server/src/modules/crm/crm.controller.ts,crm,CrmModule,TRUE,CrmRateLimitGuard AuthGuard BusinessGuard ModuleScopeGuard,4,"crm,write",,FALSE
GET,/crm/businesses/:businessId/contact-next-actions,/crm/businesses/:param/contact-next-actions,listContactNextActions,CrmController,apps/server/src/modules/crm/crm.controller.ts,crm,CrmModule,TRUE,CrmRateLimitGuard AuthGuard BusinessGuard ModuleScopeGuard,4,"crm,read",,FALSE
POST,/crm/businesses/:businessId/contacts/:contactId/next-action/complete,/crm/businesses/:param/contacts/:param/next-action/complete,completeContactNextAction,CrmController,apps/server/src/modules/crm/crm.controller.ts,crm,CrmModule,TRUE,CrmRateLimitGuard AuthGuard BusinessGuard ModuleScopeGuard,4,"crm,write",,FALSE
POST,/crm/businesses/:businessId/contacts/:contactId/next-action/snooze,/crm/businesses/:param/contacts/:param/next-action/snooze,snoozeContactNextAction,CrmController,apps/server/src/modules/crm/crm.controller.ts,crm,CrmModule,TRUE,CrmRateLimitGuard AuthGuard BusinessGuard ModuleScopeGuard,4,"crm,write",,FALSE
POST,/crm/businesses/:businessId/tasks/:taskId/complete,/crm/businesses/:param/tasks/:param/complete,completeTask,CrmController,apps/server/src/modules/crm/crm.controller.ts,crm,CrmModule,TRUE,CrmRateLimitGuard AuthGuard BusinessGuard ModuleScopeGuard,4,"crm,write",,FALSE
POST,/crm/businesses/:businessId/tasks/:taskId/reopen,/crm/businesses/:param/tasks/:param/reopen,reopenTask,CrmController,apps/server/src/modules/crm/crm.controller.ts,crm,CrmModule,TRUE,CrmRateLimitGuard AuthGuard BusinessGuard ModuleScopeGuard,4,"crm,write",,FALSE
PATCH,/crm/businesses/:businessId/notes/:noteId,/crm/businesses/:param/notes/:param,updateNote,CrmController,apps/server/src/modules/crm/crm.controller.ts,crm,CrmModule,TRUE,CrmRateLimitGuard AuthGuard BusinessGuard ModuleScopeGuard,4,"crm,write",,FALSE
DELETE,/crm/businesses/:businessId/notes/:noteId,/crm/businesses/:param/notes/:param,deleteNote,CrmController,apps/server/src/modules/crm/crm.controller.ts,crm,CrmModule,TRUE,CrmRateLimitGuard AuthGuard BusinessGuard ModuleScopeGuard,4,"crm,write",,FALSE
PATCH,/crm/businesses/:businessId/tasks/:taskId,/crm/businesses/:param/tasks/:param,updateTask,CrmController,apps/server/src/modules/crm/crm.controller.ts,crm,CrmModule,TRUE,CrmRateLimitGuard AuthGuard BusinessGuard ModuleScopeGuard,4,"crm,write",,FALSE
DELETE,/crm/businesses/:businessId/tasks/:taskId,/crm/businesses/:param/tasks/:param,deleteTask,CrmController,apps/server/src/modules/crm/crm.controller.ts,crm,CrmModule,TRUE,CrmRateLimitGuard AuthGuard BusinessGuard ModuleScopeGuard,4,"crm,write",,FALSE
POST,/crm/businesses/:businessId/autopilot-actions/:actionId/approve,/crm/businesses/:param/autopilot-actions/:param/approve,approveAutopilotAction,CrmController,apps/server/src/modules/crm/crm.controller.ts,crm,CrmModule,TRUE,CrmRateLimitGuard AuthGuard BusinessGuard ModuleScopeGuard,4,"crm,write",,FALSE
POST,/crm/businesses/:businessId/autopilot-actions/:actionId/deny,/crm/businesses/:param/autopilot-actions/:param/deny,denyAutopilotAction,CrmController,apps/server/src/modules/crm/crm.controller.ts,crm,CrmModule,TRUE,CrmRateLimitGuard AuthGuard BusinessGuard ModuleScopeGuard,4,"crm,write",,FALSE
POST,/crm/businesses/:businessId/import/file,/crm/businesses/:param/import/file,importContactsFromFile,CrmController,apps/server/src/modules/crm/crm.controller.ts,crm,CrmModule,TRUE,CrmRateLimitGuard AuthGuard BusinessGuard ModuleScopeGuard,4,"crm,write",,FALSE
POST,/crm/businesses/:businessId/import/link,/crm/businesses/:param/import/link,importContactsFromLink,CrmController,apps/server/src/modules/crm/crm.controller.ts,crm,CrmModule,TRUE,CrmRateLimitGuard AuthGuard BusinessGuard ModuleScopeGuard,4,"crm,write",,FALSE
POST,/crm/businesses/:businessId/import/image/ocr,/crm/businesses/:param/import/image/ocr,createContactFromOcr,CrmController,apps/server/src/modules/crm/crm.controller.ts,crm,CrmModule,TRUE,CrmRateLimitGuard AuthGuard BusinessGuard ModuleScopeGuard,4,"crm,write",,FALSE
POST,/crm/businesses/:businessId/import/scan,/crm/businesses/:param/import/scan,scanContactImage,CrmController,apps/server/src/modules/crm/crm.controller.ts,crm,CrmModule,TRUE,CrmRateLimitGuard AuthGuard BusinessGuard ModuleScopeGuard,4,"crm,write",,FALSE
GET,/crm/businesses/:businessId/imports,/crm/businesses/:param/imports,listImports,CrmController,apps/server/src/modules/crm/crm.controller.ts,crm,CrmModule,TRUE,CrmRateLimitGuard AuthGuard BusinessGuard ModuleScopeGuard,4,"crm,read",,FALSE
GET,/crm/businesses/:businessId/imports/:importId/records,/crm/businesses/:param/imports/:param/records,listImportRecords,CrmController,apps/server/src/modules/crm/crm.controller.ts,crm,CrmModule,TRUE,CrmRateLimitGuard AuthGuard BusinessGuard ModuleScopeGuard,4,"crm,read",,FALSE
POST,/crm/businesses/:businessId/contacts/check-duplicates,/crm/businesses/:param/contacts/check-duplicates,checkImportDuplicates,CrmController,apps/server/src/modules/crm/crm.controller.ts,crm,CrmModule,TRUE,CrmRateLimitGuard AuthGuard BusinessGuard ModuleScopeGuard,4,"crm,write",,FALSE
GET,/crm/businesses/:businessId/duplicates,/crm/businesses/:param/duplicates,findDuplicates,CrmController,apps/server/src/modules/crm/crm.controller.ts,crm,CrmModule,TRUE,CrmRateLimitGuard AuthGuard BusinessGuard ModuleScopeGuard,4,"crm,read",,FALSE
POST,/crm/businesses/:businessId/contacts/:contactId/log-communication,/crm/businesses/:param/contacts/:param/log-communication,logCommunication,CrmController,apps/server/src/modules/crm/crm.controller.ts,crm,CrmModule,TRUE,CrmRateLimitGuard AuthGuard BusinessGuard ModuleScopeGuard,4,"crm,write",,FALSE
POST,/crm/businesses/:businessId/contacts/:contactId/events,/crm/businesses/:param/contacts/:param/events,createEvent,CrmController,apps/server/src/modules/crm/crm.controller.ts,crm,CrmModule,TRUE,CrmRateLimitGuard AuthGuard BusinessGuard ModuleScopeGuard,4,"crm,write",,FALSE
GET,/crm/businesses/:businessId/contacts/:contactId/events,/crm/businesses/:param/contacts/:param/events,contactEvents,CrmController,apps/server/src/modules/crm/crm.controller.ts,crm,CrmModule,TRUE,CrmRateLimitGuard AuthGuard BusinessGuard ModuleScopeGuard,4,"crm,read",,FALSE
GET,/crm/businesses/:businessId/contacts/:contactId/notes,/crm/businesses/:param/contacts/:param/notes,contactNotes,CrmController,apps/server/src/modules/crm/crm.controller.ts,crm,CrmModule,TRUE,CrmRateLimitGuard AuthGuard BusinessGuard ModuleScopeGuard,4,"crm,read",,FALSE
GET,/crm/businesses/:businessId/tasks,/crm/businesses/:param/tasks,listTasks,CrmController,apps/server/src/modules/crm/crm.controller.ts,crm,CrmModule,TRUE,CrmRateLimitGuard AuthGuard BusinessGuard ModuleScopeGuard,4,"crm,read",,FALSE
GET,/crm/businesses/:businessId/contacts/:contactId/playbook,/crm/businesses/:param/contacts/:param/playbook,getPlaybook,CrmController,apps/server/src/modules/crm/crm.controller.ts,crm,CrmModule,TRUE,CrmRateLimitGuard AuthGuard BusinessGuard ModuleScopeGuard,4,"crm,read",,FALSE
POST,/crm/businesses/:businessId/contacts/:contactId/playbook,/crm/businesses/:param/contacts/:param/playbook,updatePlaybook,CrmController,apps/server/src/modules/crm/crm.controller.ts,crm,CrmModule,TRUE,CrmRateLimitGuard AuthGuard BusinessGuard ModuleScopeGuard,4,"crm,write",,FALSE
GET,/crm/businesses/:businessId/lists,/crm/businesses/:param/lists,listContactLists,CrmController,apps/server/src/modules/crm/crm.controller.ts,crm,CrmModule,TRUE,CrmRateLimitGuard AuthGuard BusinessGuard ModuleScopeGuard,4,"crm,read",,FALSE
POST,/crm/businesses/:businessId/lists,/crm/businesses/:param/lists,createContactList,CrmController,apps/server/src/modules/crm/crm.controller.ts,crm,CrmModule,TRUE,CrmRateLimitGuard AuthGuard BusinessGuard ModuleScopeGuard,4,"crm,write",,FALSE
GET,/crm/businesses/:businessId/saved-views,/crm/businesses/:param/saved-views,listSavedViews,CrmController,apps/server/src/modules/crm/crm.controller.ts,crm,CrmModule,TRUE,CrmRateLimitGuard AuthGuard BusinessGuard ModuleScopeGuard,4,"crm,read",,FALSE
POST,/crm/businesses/:businessId/saved-views,/crm/businesses/:param/saved-views,createSavedView,CrmController,apps/server/src/modules/crm/crm.controller.ts,crm,CrmModule,TRUE,CrmRateLimitGuard AuthGuard BusinessGuard ModuleScopeGuard,4,"crm,write",,FALSE
PATCH,/crm/businesses/:businessId/saved-views/:viewId,/crm/businesses/:param/saved-views/:param,updateSavedView,CrmController,apps/server/src/modules/crm/crm.controller.ts,crm,CrmModule,TRUE,CrmRateLimitGuard AuthGuard BusinessGuard ModuleScopeGuard,4,"crm,write",,FALSE
DELETE,/crm/businesses/:businessId/saved-views/:viewId,/crm/businesses/:param/saved-views/:param,deleteSavedView,CrmController,apps/server/src/modules/crm/crm.controller.ts,crm,CrmModule,TRUE,CrmRateLimitGuard AuthGuard BusinessGuard ModuleScopeGuard,4,"crm,write",,FALSE
PUT,/crm/businesses/:businessId/lists/:listId,/crm/businesses/:param/lists/:param,updateContactList,CrmController,apps/server/src/modules/crm/crm.controller.ts,crm,CrmModule,TRUE,CrmRateLimitGuard AuthGuard BusinessGuard ModuleScopeGuard,4,"crm,write",,FALSE
DELETE,/crm/businesses/:businessId/lists/:listId,/crm/businesses/:param/lists/:param,deleteContactList,CrmController,apps/server/src/modules/crm/crm.controller.ts,crm,CrmModule,TRUE,CrmRateLimitGuard AuthGuard BusinessGuard ModuleScopeGuard,4,"crm,write",,FALSE
GET,/crm/businesses/:businessId/lists/:listId/contacts,/crm/businesses/:param/lists/:param/contacts,getContactListContacts,CrmController,apps/server/src/modules/crm/crm.controller.ts,crm,CrmModule,TRUE,CrmRateLimitGuard AuthGuard BusinessGuard ModuleScopeGuard,4,"crm,read",,FALSE
POST,/crm/businesses/:businessId/lists/:listId/contacts,/crm/businesses/:param/lists/:param/contacts,addContactsToList,CrmController,apps/server/src/modules/crm/crm.controller.ts,crm,CrmModule,TRUE,CrmRateLimitGuard AuthGuard BusinessGuard ModuleScopeGuard,4,"crm,write",,FALSE
DELETE,/crm/businesses/:businessId/lists/:listId/contacts/:contactId,/crm/businesses/:param/lists/:param/contacts/:param,removeContactFromList,CrmController,apps/server/src/modules/crm/crm.controller.ts,crm,CrmModule,TRUE,CrmRateLimitGuard AuthGuard BusinessGuard ModuleScopeGuard,4,"crm,write",,FALSE
GET,/crm/businesses/:businessId/flow-intelligence,/crm/businesses/:param/flow-intelligence,getFlowIntelligence,CrmController,apps/server/src/modules/crm/crm.controller.ts,crm,CrmModule,TRUE,CrmRateLimitGuard AuthGuard BusinessGuard ModuleScopeGuard FeatureFlagGuard,5,"crm,read",,FALSE
GET,/crm/businesses/:businessId/next-actions,/crm/businesses/:param/next-actions,getNextActions,CrmController,apps/server/src/modules/crm/crm.controller.ts,crm,CrmModule,TRUE,CrmRateLimitGuard AuthGuard BusinessGuard ModuleScopeGuard,4,"crm,read",,FALSE
GET,/crm/businesses/:businessId/ai-next-actions,/crm/businesses/:param/ai-next-actions,getAiNextActions,CrmController,apps/server/src/modules/crm/crm.controller.ts,crm,CrmModule,TRUE,CrmRateLimitGuard AuthGuard BusinessGuard ModuleScopeGuard,4,"crm,read",,FALSE
POST,/crm/businesses/:businessId/next-actions/:actionId/complete,/crm/businesses/:param/next-actions/:param/complete,completeNextAction,CrmController,apps/server/src/modules/crm/crm.controller.ts,crm,CrmModule,TRUE,CrmRateLimitGuard AuthGuard BusinessGuard ModuleScopeGuard,4,"crm,write",,FALSE
GET,/crm/businesses/:businessId/autopilot-actions,/crm/businesses/:param/autopilot-actions,getAutopilotActions,CrmController,apps/server/src/modules/crm/crm.controller.ts,crm,CrmModule,TRUE,CrmRateLimitGuard AuthGuard BusinessGuard ModuleScopeGuard,4,"crm,read",,FALSE
GET,/crm/businesses/:businessId/predictive-revenue,/crm/businesses/:param/predictive-revenue,getPredictiveRevenue,CrmController,apps/server/src/modules/crm/crm.controller.ts,crm,CrmModule,TRUE,CrmRateLimitGuard AuthGuard BusinessGuard ModuleScopeGuard,4,"crm,read",,FALSE
GET,/crm/businesses/:businessId/financial-growth,/crm/businesses/:param/financial-growth,getFinancialGrowth,CrmController,apps/server/src/modules/crm/crm.controller.ts,crm,CrmModule,TRUE,CrmRateLimitGuard AuthGuard BusinessGuard ModuleScopeGuard,4,"crm,read",,FALSE
GET,/crm/businesses/:businessId/contacts/:contactId/revenue-summary,/crm/businesses/:param/contacts/:param/revenue-summary,getContactRevenueSummary,CrmController,apps/server/src/modules/crm/crm.controller.ts,crm,CrmModule,TRUE,CrmRateLimitGuard AuthGuard BusinessGuard ModuleScopeGuard,4,"crm,read",,FALSE
GET,/crm/businesses/:businessId/contacts/:contactId/health-metrics,/crm/businesses/:param/contacts/:param/health-metrics,getContactHealthMetrics,CrmController,apps/server/src/modules/crm/crm.controller.ts,crm,CrmModule,TRUE,CrmRateLimitGuard AuthGuard BusinessGuard ModuleScopeGuard,4,"crm,read",,FALSE
GET,/crm/businesses/:businessId/contacts/:contactId/journey,/crm/businesses/:param/contacts/:param/journey,getContactJourney,CrmController,apps/server/src/modules/crm/crm.controller.ts,crm,CrmModule,TRUE,CrmRateLimitGuard AuthGuard BusinessGuard ModuleScopeGuard,4,"crm,read",,FALSE
GET,/crm/businesses/:businessId/contacts/:contactId/cross-journey,/crm/businesses/:param/contacts/:param/cross-journey,getContactCrossJourney,CrmController,apps/server/src/modules/crm/crm.controller.ts,crm,CrmModule,TRUE,CrmRateLimitGuard AuthGuard BusinessGuard ModuleScopeGuard,4,"crm,read",,FALSE
GET,/crm/businesses/:businessId/contacts/:contactId/story,/crm/businesses/:param/contacts/:param/story,getContactStory,CrmController,apps/server/src/modules/crm/crm.controller.ts,crm,CrmModule,TRUE,CrmRateLimitGuard AuthGuard BusinessGuard ModuleScopeGuard,4,"crm,read",,FALSE
GET,/crm/businesses/:businessId/contacts/:contactId/dossier,/crm/businesses/:param/contacts/:param/dossier,getContactDossier,CrmController,apps/server/src/modules/crm/crm.controller.ts,crm,CrmModule,TRUE,CrmRateLimitGuard AuthGuard BusinessGuard ModuleScopeGuard,4,"crm,read",,FALSE
GET,/crm/businesses/:businessId/contacts/:contactId/conversation-context,/crm/businesses/:param/contacts/:param/conversation-context,getConversationContext,CrmController,apps/server/src/modules/crm/crm.controller.ts,crm,CrmModule,TRUE,CrmRateLimitGuard AuthGuard BusinessGuard ModuleScopeGuard,4,"crm,read",,FALSE
POST,/crm/businesses/:businessId/contacts/:contactId/favorite,/crm/businesses/:param/contacts/:param/favorite,toggleFavorite,CrmController,apps/server/src/modules/crm/crm.controller.ts,crm,CrmModule,TRUE,CrmRateLimitGuard AuthGuard BusinessGuard ModuleScopeGuard,4,"crm,write",,FALSE
GET,/crm/businesses/:businessId/contacts/:contactId/conversations,/crm/businesses/:param/contacts/:param/conversations,listConversations,CrmController,apps/server/src/modules/crm/crm.controller.ts,crm,CrmModule,TRUE,CrmRateLimitGuard AuthGuard BusinessGuard ModuleScopeGuard,4,"crm,read",,FALSE
POST,/crm/businesses/:businessId/contacts/:contactId/conversations/read,/crm/businesses/:param/contacts/:param/conversations/read,markConversationRead,CrmController,apps/server/src/modules/crm/crm.controller.ts,crm,CrmModule,TRUE,CrmRateLimitGuard AuthGuard BusinessGuard ModuleScopeGuard,4,"crm,write",,FALSE
GET,/crm/businesses/:businessId/contacts/unread-counts,/crm/businesses/:param/contacts/unread-counts,unreadCounts,CrmController,apps/server/src/modules/crm/crm.controller.ts,crm,CrmModule,TRUE,CrmRateLimitGuard AuthGuard BusinessGuard ModuleScopeGuard,4,"crm,read",,FALSE
POST,/crm/businesses/:businessId/contacts/:contactId/conversations/reply,/crm/businesses/:param/contacts/:param/conversations/reply,replyConversation,CrmController,apps/server/src/modules/crm/crm.controller.ts,crm,CrmModule,TRUE,CrmRateLimitGuard AuthGuard BusinessGuard ModuleScopeGuard,4,"crm,write",,FALSE
GET,/crm/businesses/:businessId/contacts/:contactId/conversations/summary,/crm/businesses/:param/contacts/:param/conversations/summary,getConversationSummary,CrmController,apps/server/src/modules/crm/crm.controller.ts,crm,CrmModule,TRUE,CrmRateLimitGuard AuthGuard BusinessGuard ModuleScopeGuard,4,"crm,read",,FALSE
POST,/crm/businesses/:businessId/contacts/:contactId/conversations/summary/regenerate,/crm/businesses/:param/contacts/:param/conversations/summary/regenerate,regenerateConversationSummary,CrmController,apps/server/src/modules/crm/crm.controller.ts,crm,CrmModule,TRUE,CrmRateLimitGuard AuthGuard BusinessGuard ModuleScopeGuard,4,"crm,write",,FALSE
POST,/crm/businesses/:businessId/contacts/:contactId/conversations/suggest-replies,/crm/businesses/:param/contacts/:param/conversations/suggest-replies,suggestReplies,CrmController,apps/server/src/modules/crm/crm.controller.ts,crm,CrmModule,TRUE,CrmRateLimitGuard AuthGuard BusinessGuard ModuleScopeGuard,4,"crm,write",,FALSE
GET,/crm/businesses/:businessId/contacts/:contactId/conversations/insights,/crm/businesses/:param/contacts/:param/conversations/insights,getConversationInsights,CrmController,apps/server/src/modules/crm/crm.controller.ts,crm,CrmModule,TRUE,CrmRateLimitGuard AuthGuard BusinessGuard ModuleScopeGuard,4,"crm,read",,FALSE
GET,/crm/businesses/:businessId/contacts/:contactId/conversations/stream,/crm/businesses/:param/contacts/:param/conversations/stream,conversationStream,CrmController,apps/server/src/modules/crm/crm.controller.ts,crm,CrmModule,TRUE,CrmRateLimitGuard AuthGuard BusinessGuard ModuleScopeGuard,4,"crm,read",,FALSE
POST,/crm/businesses/:businessId/contacts/:contactId/enrich,/crm/businesses/:param/contacts/:param/enrich,enrich,ContactEnrichmentController,apps/server/src/modules/crm/enrichment/contact-enrichment.controller.ts,crm,CrmModule,TRUE,CrmRateLimitGuard AuthGuard BusinessGuard ModuleScopeGuard,4,"crm,write",,FALSE
GET,/crm/businesses/:businessId/contacts/:contactId/audit,/crm/businesses/:param/contacts/:param/audit,listAudit,ContactPrivacyController,apps/server/src/modules/crm/privacy/contact-privacy.controller.ts,crm,CrmModule,TRUE,AuthGuard BusinessGuard ModuleScopeGuard,3,"crm,read",,FALSE
POST,/crm/businesses/:businessId/contacts/:contactId/export,/crm/businesses/:param/contacts/:param/export,export,ContactPrivacyController,apps/server/src/modules/crm/privacy/contact-privacy.controller.ts,crm,CrmModule,TRUE,AuthGuard BusinessGuard ModuleScopeGuard,3,"crm,write",,FALSE
GET,/crm/contact-exports/:token/download,/crm/contact-exports/:param/download,download,ContactPrivacyController,apps/server/src/modules/crm/privacy/contact-privacy.controller.ts,crm,CrmModule,TRUE,,0,,,TRUE
POST,/crm/businesses/:businessId/contacts/:contactId/forget,/crm/businesses/:param/contacts/:param/forget,forget,ContactPrivacyController,apps/server/src/modules/crm/privacy/contact-privacy.controller.ts,crm,CrmModule,TRUE,AuthGuard BusinessGuard ModuleScopeGuard,3,"crm,write",,FALSE
POST,/crm/businesses/:businessId/contacts/:contactId/forget/cancel,/crm/businesses/:param/contacts/:param/forget/cancel,cancelForget,ContactPrivacyController,apps/server/src/modules/crm/privacy/contact-privacy.controller.ts,crm,CrmModule,TRUE,AuthGuard BusinessGuard ModuleScopeGuard,3,"crm,write",,FALSE
GET,/crm/businesses/:businessId/privacy-settings,/crm/businesses/:param/privacy-settings,getSettings,ContactPrivacyController,apps/server/src/modules/crm/privacy/contact-privacy.controller.ts,crm,CrmModule,TRUE,AuthGuard BusinessGuard,2,,,FALSE
PATCH,/crm/businesses/:businessId/privacy-settings,/crm/businesses/:param/privacy-settings,updateSettings,ContactPrivacyController,apps/server/src/modules/crm/privacy/contact-privacy.controller.ts,crm,CrmModule,TRUE,AuthGuard BusinessGuard,2,,,FALSE
POST,/api/device/businesses/:businessId/captures,/api/device/businesses/:param/captures,createCapture,DeviceController,apps/server/src/modules/device/device.controller.ts,device,DeviceModule,TRUE,BusinessGuard ModuleScopeGuard,2,,,FALSE
GET,/api/device/businesses/:businessId/captures,/api/device/businesses/:param/captures,listCaptures,DeviceController,apps/server/src/modules/device/device.controller.ts,device,DeviceModule,TRUE,BusinessGuard ModuleScopeGuard,2,,,FALSE
GET,/api/device/businesses/:businessId/captures/:id,/api/device/businesses/:param/captures/:param,getCapture,DeviceController,apps/server/src/modules/device/device.controller.ts,device,DeviceModule,TRUE,BusinessGuard ModuleScopeGuard,2,,,FALSE
POST,/api/device/businesses/:businessId/captures/:id/process,/api/device/businesses/:param/captures/:param/process,processCapture,DeviceController,apps/server/src/modules/device/device.controller.ts,device,DeviceModule,TRUE,BusinessGuard ModuleScopeGuard,2,,,FALSE
GET,/api/device/businesses/:businessId/intakes,/api/device/businesses/:param/intakes,listIntakes,DeviceController,apps/server/src/modules/device/device.controller.ts,device,DeviceModule,TRUE,BusinessGuard ModuleScopeGuard,2,,,FALSE
PATCH,/api/device/businesses/:businessId/intakes/:id/approve,/api/device/businesses/:param/intakes/:param/approve,approveIntake,DeviceController,apps/server/src/modules/device/device.controller.ts,device,DeviceModule,TRUE,BusinessGuard ModuleScopeGuard,2,,,FALSE
PATCH,/api/device/businesses/:businessId/intakes/:id/reject,/api/device/businesses/:param/intakes/:param/reject,rejectIntake,DeviceController,apps/server/src/modules/device/device.controller.ts,device,DeviceModule,TRUE,BusinessGuard ModuleScopeGuard,2,,,FALSE
POST,/api/device/businesses/:businessId/contacts-from-card,/api/device/businesses/:param/contacts-from-card,createContactFromCard,DeviceController,apps/server/src/modules/device/device.controller.ts,device,DeviceModule,TRUE,BusinessGuard ModuleScopeGuard,2,,,FALSE
POST,/api/device/businesses/:businessId/voice-sessions,/api/device/businesses/:param/voice-sessions,createVoiceSession,DeviceController,apps/server/src/modules/device/device.controller.ts,device,DeviceModule,TRUE,BusinessGuard ModuleScopeGuard,2,,,FALSE
PATCH,/api/device/businesses/:businessId/voice-sessions/:id/end,/api/device/businesses/:param/voice-sessions/:param/end,endVoiceSession,DeviceController,apps/server/src/modules/device/device.controller.ts,device,DeviceModule,TRUE,BusinessGuard ModuleScopeGuard,2,,,FALSE
GET,/api/device/businesses/:businessId/voice-sessions,/api/device/businesses/:param/voice-sessions,listVoiceSessions,DeviceController,apps/server/src/modules/device/device.controller.ts,device,DeviceModule,TRUE,BusinessGuard ModuleScopeGuard,2,,,FALSE
GET,/api/device/businesses/:businessId/voice-preferences,/api/device/businesses/:param/voice-preferences,getVoicePreferences,DeviceController,apps/server/src/modules/device/device.controller.ts,device,DeviceModule,TRUE,BusinessGuard ModuleScopeGuard,2,,,FALSE
POST,/api/device/businesses/:businessId/voice-preferences,/api/device/businesses/:param/voice-preferences,saveVoicePreference,DeviceController,apps/server/src/modules/device/device.controller.ts,device,DeviceModule,TRUE,BusinessGuard ModuleScopeGuard,2,,,FALSE
POST,/api/diagnostics/run,/api/diagnostics/run,runFull,DiagnosticsController,apps/server/src/modules/diagnostics/diagnostics.controller.ts,diagnostics,DiagnosticsModule,TRUE,AuthGuard,1,,,FALSE
GET,/api/diagnostics/infrastructure,/api/diagnostics/infrastructure,infrastructure,DiagnosticsController,apps/server/src/modules/diagnostics/diagnostics.controller.ts,diagnostics,DiagnosticsModule,TRUE,AuthGuard,1,,,FALSE
GET,/api/diagnostics/modules,/api/diagnostics/modules,modules,DiagnosticsController,apps/server/src/modules/diagnostics/diagnostics.controller.ts,diagnostics,DiagnosticsModule,TRUE,AuthGuard,1,,,FALSE
GET,/api/diagnostics/integrations,/api/diagnostics/integrations,integrations,DiagnosticsController,apps/server/src/modules/diagnostics/diagnostics.controller.ts,diagnostics,DiagnosticsModule,TRUE,AuthGuard,1,,,FALSE
GET,/api/diagnostics/cross-module,/api/diagnostics/cross-module,crossModule,DiagnosticsController,apps/server/src/modules/diagnostics/diagnostics.controller.ts,diagnostics,DiagnosticsModule,TRUE,AuthGuard,1,,,FALSE
GET,/api/diagnostics/errors,/api/diagnostics/errors,errors,DiagnosticsController,apps/server/src/modules/diagnostics/diagnostics.controller.ts,diagnostics,DiagnosticsModule,TRUE,AuthGuard,1,,,FALSE
GET,/api/diagnostics/env-vars,/api/diagnostics/env-vars,envVars,DiagnosticsController,apps/server/src/modules/diagnostics/diagnostics.controller.ts,diagnostics,DiagnosticsModule,TRUE,AuthGuard,1,,,FALSE
POST,/api/diagnostics/check/:name,/api/diagnostics/check/:param,runSingleCheck,DiagnosticsController,apps/server/src/modules/diagnostics/diagnostics.controller.ts,diagnostics,DiagnosticsModule,TRUE,AuthGuard,1,,,FALSE
GET,/directory/businesses,/directory/businesses,listBusinesses,DirectoryController,apps/server/src/modules/directory/directory.controller.ts,directory,DirectoryModule,TRUE,PublicRateLimitGuard,1,,,FALSE
GET,/directory/businesses/:slug,/directory/businesses/:param,getBusiness,DirectoryController,apps/server/src/modules/directory/directory.controller.ts,directory,DirectoryModule,TRUE,PublicRateLimitGuard,1,,,FALSE
GET,/documents/categories,/documents/categories,getCategories,DocumentsController,apps/server/src/modules/documents/documents.controller.ts,documents,DocumentsModule,TRUE,,0,,,TRUE
GET,/documents/types,/documents/types,getDocumentTypes,DocumentsController,apps/server/src/modules/documents/documents.controller.ts,documents,DocumentsModule,TRUE,,0,,,TRUE
GET,/documents/types/:slug,/documents/types/:param,getDocumentType,DocumentsController,apps/server/src/modules/documents/documents.controller.ts,documents,DocumentsModule,TRUE,,0,,,TRUE
GET,/documents/businesses/:businessId/instances,/documents/businesses/:param/instances,getInstances,DocumentsController,apps/server/src/modules/documents/documents.controller.ts,documents,DocumentsModule,TRUE,AuthGuard BusinessGuard,2,,,FALSE
GET,/documents/businesses/:businessId/instances/:instanceId,/documents/businesses/:param/instances/:param,getInstance,DocumentsController,apps/server/src/modules/documents/documents.controller.ts,documents,DocumentsModule,TRUE,AuthGuard BusinessGuard,2,,,FALSE
POST,/documents/businesses/:businessId/generate,/documents/businesses/:param/generate,generateDocument,DocumentsController,apps/server/src/modules/documents/documents.controller.ts,documents,DocumentsModule,TRUE,AuthGuard BusinessGuard,2,,,FALSE
POST,/documents/businesses/:businessId/instances/:instanceId/send-email,/documents/businesses/:param/instances/:param/send-email,sendDocumentEmail,DocumentsController,apps/server/src/modules/documents/documents.controller.ts,documents,DocumentsModule,TRUE,AuthGuard BusinessGuard,2,,,FALSE
POST,/documents/businesses/:businessId/instances/:instanceId/tweak,/documents/businesses/:param/instances/:param/tweak,tweakDocument,DocumentsController,apps/server/src/modules/documents/documents.controller.ts,documents,DocumentsModule,TRUE,AuthGuard BusinessGuard,2,,,FALSE
PATCH,/documents/businesses/:businessId/instances/:instanceId/sections/:sectionKey,/documents/businesses/:param/instances/:param/sections/:param,updateSection,DocumentsController,apps/server/src/modules/documents/documents.controller.ts,documents,DocumentsModule,TRUE,AuthGuard BusinessGuard,2,,,FALSE
PATCH,/documents/businesses/:businessId/instances/:instanceId/drive-link,/documents/businesses/:param/instances/:param/drive-link,linkDriveFile,DocumentsController,apps/server/src/modules/documents/documents.controller.ts,documents,DocumentsModule,TRUE,AuthGuard BusinessGuard,2,,,FALSE
POST,/documents/businesses/:businessId/instances/:instanceId/import-from-drive,/documents/businesses/:param/instances/:param/import-from-drive,importFromDrive,DocumentsController,apps/server/src/modules/documents/documents.controller.ts,documents,DocumentsModule,TRUE,AuthGuard BusinessGuard,2,,,FALSE
PATCH,/documents/businesses/:businessId/instances/:instanceId/drive-synced,/documents/businesses/:param/instances/:param/drive-synced,markDriveSynced,DocumentsController,apps/server/src/modules/documents/documents.controller.ts,documents,DocumentsModule,TRUE,AuthGuard BusinessGuard,2,,,FALSE
GET,/documents/businesses/:businessId/instances/:instanceId/drive-status,/documents/businesses/:param/instances/:param/drive-status,getDriveSyncStatus,DocumentsController,apps/server/src/modules/documents/documents.controller.ts,documents,DocumentsModule,TRUE,AuthGuard BusinessGuard,2,,,FALSE
POST,/documents/businesses/:businessId/instances/:instanceId/pull-from-drive,/documents/businesses/:param/instances/:param/pull-from-drive,pullFromDrive,DocumentsController,apps/server/src/modules/documents/documents.controller.ts,documents,DocumentsModule,TRUE,AuthGuard BusinessGuard,2,,,FALSE
PATCH,/documents/businesses/:businessId/instances/:instanceId/status,/documents/businesses/:param/instances/:param/status,updateStatus,DocumentsController,apps/server/src/modules/documents/documents.controller.ts,documents,DocumentsModule,TRUE,AuthGuard BusinessGuard,2,,,FALSE
DELETE,/documents/businesses/:businessId/instances/:instanceId,/documents/businesses/:param/instances/:param,deleteInstance,DocumentsController,apps/server/src/modules/documents/documents.controller.ts,documents,DocumentsModule,TRUE,AuthGuard BusinessGuard,2,,,FALSE
GET,/documents/businesses/:businessId/health,/documents/businesses/:param/health,getDocumentHealth,DocumentsController,apps/server/src/modules/documents/documents.controller.ts,documents,DocumentsModule,TRUE,AuthGuard BusinessGuard,2,,,FALSE
POST,/documents/businesses/:businessId/detect-impact,/documents/businesses/:param/detect-impact,detectImpact,DocumentsController,apps/server/src/modules/documents/documents.controller.ts,documents,DocumentsModule,TRUE,AuthGuard BusinessGuard,2,,,FALSE
GET,/documents/businesses/:businessId/instances/:instanceId/compare,/documents/businesses/:param/instances/:param/compare,getVersionComparison,DocumentsController,apps/server/src/modules/documents/documents.controller.ts,documents,DocumentsModule,TRUE,AuthGuard BusinessGuard,2,,,FALSE
PATCH,/documents/businesses/:businessId/reviews/:reviewId,/documents/businesses/:param/reviews/:param,resolveReview,DocumentsController,apps/server/src/modules/documents/documents.controller.ts,documents,DocumentsModule,TRUE,AuthGuard BusinessGuard,2,,,FALSE
GET,/documents/businesses/:businessId/standards,/documents/businesses/:param/standards,getOrgStandards,DocumentsController,apps/server/src/modules/documents/documents.controller.ts,documents,DocumentsModule,TRUE,AuthGuard BusinessGuard,2,,,FALSE
POST,/documents/businesses/:businessId/standards,/documents/businesses/:param/standards,upsertOrgStandard,DocumentsController,apps/server/src/modules/documents/documents.controller.ts,documents,DocumentsModule,TRUE,AuthGuard BusinessGuard,2,,,FALSE
DELETE,/documents/businesses/:businessId/standards/:standardId,/documents/businesses/:param/standards/:param,deleteOrgStandard,DocumentsController,apps/server/src/modules/documents/documents.controller.ts,documents,DocumentsModule,TRUE,AuthGuard BusinessGuard,2,,,FALSE
GET,/education/courses,/education/courses,listCourses,EducationController,apps/server/src/modules/education/education.controller.ts,education,EducationModule,TRUE,,0,,,TRUE
GET,/education/courses/:id,/education/courses/:param,getCourse,EducationController,apps/server/src/modules/education/education.controller.ts,education,EducationModule,TRUE,,0,,,TRUE
POST,/businesses/:businessId/education/enroll/:courseId,/businesses/:param/education/enroll/:param,enrollInCourse,EducationController,apps/server/src/modules/education/education.controller.ts,education,EducationModule,TRUE,AuthGuard BusinessGuard,2,,,FALSE
PATCH,/businesses/:businessId/education/progress/:courseId,/businesses/:param/education/progress/:param,updateProgress,EducationController,apps/server/src/modules/education/education.controller.ts,education,EducationModule,TRUE,AuthGuard BusinessGuard,2,,,FALSE
GET,/businesses/:businessId/education/enrollments,/businesses/:param/education/enrollments,getMyEnrollments,EducationController,apps/server/src/modules/education/education.controller.ts,education,EducationModule,TRUE,AuthGuard BusinessGuard,2,,,FALSE
GET,/businesses/:businessId/education/certificate/:courseId,/businesses/:param/education/certificate/:param,getCertificate,EducationController,apps/server/src/modules/education/education.controller.ts,education,EducationModule,TRUE,AuthGuard BusinessGuard,2,,,FALSE
GET,/businesses/:businessId/campaigns,/businesses/:param/campaigns,listCampaigns,EmailMarketingController,apps/server/src/modules/email-marketing/email-marketing.controller.ts,email-marketing,EmailMarketingModule,TRUE,AuthGuard BusinessGuard,2,,,FALSE
GET,/businesses/:businessId/campaigns/:id,/businesses/:param/campaigns/:param,getCampaign,EmailMarketingController,apps/server/src/modules/email-marketing/email-marketing.controller.ts,email-marketing,EmailMarketingModule,TRUE,AuthGuard BusinessGuard,2,,,FALSE
POST,/businesses/:businessId/campaigns,/businesses/:param/campaigns,createCampaign,EmailMarketingController,apps/server/src/modules/email-marketing/email-marketing.controller.ts,email-marketing,EmailMarketingModule,TRUE,AuthGuard BusinessGuard,2,,,FALSE
PATCH,/businesses/:businessId/campaigns/:id,/businesses/:param/campaigns/:param,updateCampaign,EmailMarketingController,apps/server/src/modules/email-marketing/email-marketing.controller.ts,email-marketing,EmailMarketingModule,TRUE,AuthGuard BusinessGuard,2,,,FALSE
DELETE,/businesses/:businessId/campaigns/:id,/businesses/:param/campaigns/:param,deleteCampaign,EmailMarketingController,apps/server/src/modules/email-marketing/email-marketing.controller.ts,email-marketing,EmailMarketingModule,TRUE,AuthGuard BusinessGuard,2,,,FALSE
POST,/businesses/:businessId/campaigns/:id/send,/businesses/:param/campaigns/:param/send,sendCampaign,EmailMarketingController,apps/server/src/modules/email-marketing/email-marketing.controller.ts,email-marketing,EmailMarketingModule,TRUE,AuthGuard BusinessGuard,2,,,FALSE
POST,/businesses/:businessId/campaigns/:id/schedule,/businesses/:param/campaigns/:param/schedule,scheduleCampaign,EmailMarketingController,apps/server/src/modules/email-marketing/email-marketing.controller.ts,email-marketing,EmailMarketingModule,TRUE,AuthGuard BusinessGuard,2,,,FALSE
POST,/businesses/:businessId/campaigns/:id/cancel-schedule,/businesses/:param/campaigns/:param/cancel-schedule,cancelSchedule,EmailMarketingController,apps/server/src/modules/email-marketing/email-marketing.controller.ts,email-marketing,EmailMarketingModule,TRUE,AuthGuard BusinessGuard,2,,,FALSE
GET,/businesses/:businessId/campaigns/:id/stats,/businesses/:param/campaigns/:param/stats,getCampaignStats,EmailMarketingController,apps/server/src/modules/email-marketing/email-marketing.controller.ts,email-marketing,EmailMarketingModule,TRUE,AuthGuard BusinessGuard,2,,,FALSE
GET,/businesses/:businessId/campaigns/:id/recipients,/businesses/:param/campaigns/:param/recipients,getCampaignRecipients,EmailMarketingController,apps/server/src/modules/email-marketing/email-marketing.controller.ts,email-marketing,EmailMarketingModule,TRUE,AuthGuard BusinessGuard,2,,,FALSE
GET,/marketing/track/open/:campaignId/:contactId/:token.gif,/marketing/track/open/:param/:param/:param.gif,trackCampaignOpen,EmailMarketingController,apps/server/src/modules/email-marketing/email-marketing.controller.ts,email-marketing,EmailMarketingModule,TRUE,,0,,,TRUE
GET,/marketing/track/click/:campaignId/:contactId/:token,/marketing/track/click/:param/:param/:param,trackCampaignClick,EmailMarketingController,apps/server/src/modules/email-marketing/email-marketing.controller.ts,email-marketing,EmailMarketingModule,TRUE,,0,,,TRUE
POST,/marketing/businesses/:businessId/unsubscribe/:contactId,/marketing/businesses/:param/unsubscribe/:param,unsubscribeContact,EmailMarketingController,apps/server/src/modules/email-marketing/email-marketing.controller.ts,email-marketing,EmailMarketingModule,TRUE,AuthGuard BusinessGuard,2,,,FALSE
GET,/businesses/:businessId/marketing/stats,/businesses/:param/marketing/stats,getMarketingStats,EmailMarketingController,apps/server/src/modules/email-marketing/email-marketing.controller.ts,email-marketing,EmailMarketingModule,TRUE,AuthGuard BusinessGuard,2,,,FALSE
GET,/businesses/:businessId/suppression-count,/businesses/:param/suppression-count,getSuppressionCount,EmailMarketingController,apps/server/src/modules/email-marketing/email-marketing.controller.ts,email-marketing,EmailMarketingModule,TRUE,AuthGuard BusinessGuard,2,,,FALSE
GET,/businesses/:businessId/campaign-intelligence/briefings,/businesses/:param/campaign-intelligence/briefings,getCampaignBriefings,EmailMarketingController,apps/server/src/modules/email-marketing/email-marketing.controller.ts,email-marketing,EmailMarketingModule,TRUE,AuthGuard BusinessGuard,2,,,FALSE
GET,/businesses/:businessId/campaign-intelligence/briefing/:campaignId,/businesses/:param/campaign-intelligence/briefing/:param,getCampaignBriefing,EmailMarketingController,apps/server/src/modules/email-marketing/email-marketing.controller.ts,email-marketing,EmailMarketingModule,TRUE,AuthGuard BusinessGuard,2,,,FALSE
POST,/businesses/:businessId/campaign-intelligence/pre-send-validation/:campaignId,/businesses/:param/campaign-intelligence/pre-send-validation/:param,preSendValidation,EmailMarketingController,apps/server/src/modules/email-marketing/email-marketing.controller.ts,email-marketing,EmailMarketingModule,TRUE,AuthGuard BusinessGuard,2,,,FALSE
GET,/businesses/:businessId/campaign-intelligence/audience-health,/businesses/:param/campaign-intelligence/audience-health,getAudienceHealth,EmailMarketingController,apps/server/src/modules/email-marketing/email-marketing.controller.ts,email-marketing,EmailMarketingModule,TRUE,AuthGuard BusinessGuard,2,,,FALSE
GET,/businesses/:businessId/campaign-intelligence/send-time-recommendations,/businesses/:param/campaign-intelligence/send-time-recommendations,getSendTimeRecommendations,EmailMarketingController,apps/server/src/modules/email-marketing/email-marketing.controller.ts,email-marketing,EmailMarketingModule,TRUE,AuthGuard BusinessGuard,2,,,FALSE
GET,/marketing/unsubscribe/:token,/marketing/unsubscribe/:param,handlePublicUnsubscribe,EmailMarketingController,apps/server/src/modules/email-marketing/email-marketing.controller.ts,email-marketing,EmailMarketingModule,TRUE,,0,,,TRUE
POST,/marketing/businesses/:businessId/marketing/ai-search,/marketing/businesses/:param/marketing/ai-search,aiSearch,MarketingAiController,apps/server/src/modules/email-marketing/marketing-ai.controller.ts,email-marketing,EmailMarketingModule,TRUE,CrmRateLimitGuard AuthGuard BusinessGuard FeatureFlagGuard,4,,,FALSE
POST,/marketing/businesses/:businessId/marketing/ai-campaign-content,/marketing/businesses/:param/marketing/ai-campaign-content,aiCampaignContent,MarketingAiController,apps/server/src/modules/email-marketing/marketing-ai.controller.ts,email-marketing,EmailMarketingModule,TRUE,CrmRateLimitGuard AuthGuard BusinessGuard FeatureFlagGuard,4,,,FALSE
POST,/marketing/businesses/:businessId/marketing/ai-performance,/marketing/businesses/:param/marketing/ai-performance,aiPerformance,MarketingAiController,apps/server/src/modules/email-marketing/marketing-ai.controller.ts,email-marketing,EmailMarketingModule,TRUE,CrmRateLimitGuard AuthGuard BusinessGuard FeatureFlagGuard,4,,,FALSE
POST,/marketing/businesses/:businessId/marketing/ai-audience,/marketing/businesses/:param/marketing/ai-audience,aiAudience,MarketingAiController,apps/server/src/modules/email-marketing/marketing-ai.controller.ts,email-marketing,EmailMarketingModule,TRUE,CrmRateLimitGuard AuthGuard BusinessGuard FeatureFlagGuard,4,,,FALSE
POST,/marketing/businesses/:businessId/marketing/ai-subject-lines,/marketing/businesses/:param/marketing/ai-subject-lines,aiSubjectLines,MarketingAiController,apps/server/src/modules/email-marketing/marketing-ai.controller.ts,email-marketing,EmailMarketingModule,TRUE,CrmRateLimitGuard AuthGuard BusinessGuard FeatureFlagGuard,4,,,FALSE
POST,/marketing/businesses/:businessId/marketing/ai-form-optimizer,/marketing/businesses/:param/marketing/ai-form-optimizer,aiFormOptimizer,MarketingAiController,apps/server/src/modules/email-marketing/marketing-ai.controller.ts,email-marketing,EmailMarketingModule,TRUE,CrmRateLimitGuard AuthGuard BusinessGuard FeatureFlagGuard,4,,,FALSE
POST,/marketing/businesses/:businessId/marketing/ai-strategy,/marketing/businesses/:param/marketing/ai-strategy,aiStrategy,MarketingAiController,apps/server/src/modules/email-marketing/marketing-ai.controller.ts,email-marketing,EmailMarketingModule,TRUE,CrmRateLimitGuard AuthGuard BusinessGuard FeatureFlagGuard,4,,,FALSE
GET,/marketing/businesses/:businessId/marketing/business-snapshot,/marketing/businesses/:param/marketing/business-snapshot,getBusinessSnapshot,MarketingAiController,apps/server/src/modules/email-marketing/marketing-ai.controller.ts,email-marketing,EmailMarketingModule,TRUE,CrmRateLimitGuard AuthGuard BusinessGuard,3,,,FALSE
POST,/marketing/businesses/:businessId/marketing/submit-brief,/marketing/businesses/:param/marketing/submit-brief,submitMarketingBrief,MarketingAiController,apps/server/src/modules/email-marketing/marketing-ai.controller.ts,email-marketing,EmailMarketingModule,TRUE,CrmRateLimitGuard AuthGuard BusinessGuard,3,,,FALSE
GET,/marketing/businesses/:businessId/lists,/marketing/businesses/:param/lists,lists,MarketingSyncController,apps/server/src/modules/email-marketing/marketing-sync.controller.ts,email-marketing,EmailMarketingModule,TRUE,AuthGuard BusinessGuard,2,,,FALSE
POST,/marketing/businesses/:businessId/lists/push-contacts,/marketing/businesses/:param/lists/push-contacts,pushContacts,MarketingSyncController,apps/server/src/modules/email-marketing/marketing-sync.controller.ts,email-marketing,EmailMarketingModule,TRUE,AuthGuard BusinessGuard,2,,,FALSE
GET,/marketing/businesses/:businessId/lists/campaigns/:provider,/marketing/businesses/:param/lists/campaigns/:param,campaigns,MarketingSyncController,apps/server/src/modules/email-marketing/marketing-sync.controller.ts,email-marketing,EmailMarketingModule,TRUE,AuthGuard BusinessGuard,2,,,FALSE
POST,/marketing/businesses/:businessId/lists/campaigns/:provider/:campaignId/trigger,/marketing/businesses/:param/lists/campaigns/:param/:param/trigger,triggerCampaign,MarketingSyncController,apps/server/src/modules/email-marketing/marketing-sync.controller.ts,email-marketing,EmailMarketingModule,TRUE,AuthGuard BusinessGuard,2,,,FALSE
GET,/businesses/:businessId/events/stream,/businesses/:param/events/stream,streamEvents,EventStreamController,apps/server/src/modules/event-stream/event-stream.controller.ts,event-stream,EventStreamModule,TRUE,AuthGuard BusinessGuard,2,,,FALSE
GET,/businesses/:businessId/events,/businesses/:param/events,listEvents,EventsController,apps/server/src/modules/events/events.controller.ts,events,EventsModule,TRUE,AuthGuard BusinessGuard,2,,,FALSE
POST,/businesses/:businessId/events,/businesses/:param/events,createEvent,EventsController,apps/server/src/modules/events/events.controller.ts,events,EventsModule,TRUE,AuthGuard BusinessGuard,2,,,FALSE
GET,/businesses/:businessId/events/:eventId,/businesses/:param/events/:param,getEvent,EventsController,apps/server/src/modules/events/events.controller.ts,events,EventsModule,TRUE,AuthGuard BusinessGuard,2,,,FALSE
PATCH,/businesses/:businessId/events/:eventId,/businesses/:param/events/:param,updateEvent,EventsController,apps/server/src/modules/events/events.controller.ts,events,EventsModule,TRUE,AuthGuard BusinessGuard,2,,,FALSE
DELETE,/businesses/:businessId/events/:eventId,/businesses/:param/events/:param,deleteEvent,EventsController,apps/server/src/modules/events/events.controller.ts,events,EventsModule,TRUE,AuthGuard BusinessGuard,2,,,FALSE
GET,/businesses/:businessId/events/:eventId/ticket-types,/businesses/:param/events/:param/ticket-types,listTicketTypes,EventsController,apps/server/src/modules/events/events.controller.ts,events,EventsModule,TRUE,AuthGuard BusinessGuard,2,,,FALSE
POST,/businesses/:businessId/events/:eventId/ticket-types,/businesses/:param/events/:param/ticket-types,createTicketType,EventsController,apps/server/src/modules/events/events.controller.ts,events,EventsModule,TRUE,AuthGuard BusinessGuard,2,,,FALSE
PATCH,/businesses/:businessId/events/:eventId/ticket-types/:ticketTypeId,/businesses/:param/events/:param/ticket-types/:param,updateTicketType,EventsController,apps/server/src/modules/events/events.controller.ts,events,EventsModule,TRUE,AuthGuard BusinessGuard,2,,,FALSE
DELETE,/businesses/:businessId/events/:eventId/ticket-types/:ticketTypeId,/businesses/:param/events/:param/ticket-types/:param,deleteTicketType,EventsController,apps/server/src/modules/events/events.controller.ts,events,EventsModule,TRUE,AuthGuard BusinessGuard,2,,,FALSE
GET,/businesses/:businessId/events/:eventId/attendees,/businesses/:param/events/:param/attendees,listAttendees,EventsController,apps/server/src/modules/events/events.controller.ts,events,EventsModule,TRUE,AuthGuard BusinessGuard,2,,,FALSE
POST,/businesses/:businessId/events/:eventId/attendees,/businesses/:param/events/:param/attendees,createAttendee,EventsController,apps/server/src/modules/events/events.controller.ts,events,EventsModule,TRUE,AuthGuard BusinessGuard,2,,,FALSE
PATCH,/businesses/:businessId/events/:eventId/attendees/:attendeeId,/businesses/:param/events/:param/attendees/:param,updateAttendee,EventsController,apps/server/src/modules/events/events.controller.ts,events,EventsModule,TRUE,AuthGuard BusinessGuard,2,,,FALSE
DELETE,/businesses/:businessId/events/:eventId/attendees/:attendeeId,/businesses/:param/events/:param/attendees/:param,deleteAttendee,EventsController,apps/server/src/modules/events/events.controller.ts,events,EventsModule,TRUE,AuthGuard BusinessGuard,2,,,FALSE
POST,/businesses/:businessId/events/:eventId/attendees/:attendeeId/check-in,/businesses/:param/events/:param/attendees/:param/check-in,checkIn,EventsController,apps/server/src/modules/events/events.controller.ts,events,EventsModule,TRUE,AuthGuard BusinessGuard,2,,,FALSE
DELETE,/businesses/:businessId/events/:eventId/attendees/:attendeeId/check-in,/businesses/:param/events/:param/attendees/:param/check-in,undoCheckIn,EventsController,apps/server/src/modules/events/events.controller.ts,events,EventsModule,TRUE,AuthGuard BusinessGuard,2,,,FALSE
POST,/businesses/:businessId/evidence,/businesses/:param/evidence,submit,EvidenceController,apps/server/src/modules/evidence/evidence.controller.ts,evidence,EvidenceModule,TRUE,AuthGuard BusinessGuard RateLimitGuard,3,,,FALSE
GET,/businesses/:businessId/evidence,/businesses/:param/evidence,list,EvidenceController,apps/server/src/modules/evidence/evidence.controller.ts,evidence,EvidenceModule,TRUE,AuthGuard BusinessGuard RateLimitGuard,3,,,FALSE
GET,/evidence/:evidenceId,/evidence/:param,getById,EvidenceController,apps/server/src/modules/evidence/evidence.controller.ts,evidence,EvidenceModule,TRUE,AuthGuard BusinessGuard RateLimitGuard,3,,,FALSE
GET,/businesses/:businessId/evidence/for/:linkedType/:linkedId,/businesses/:param/evidence/for/:param/:param,getForObject,EvidenceController,apps/server/src/modules/evidence/evidence.controller.ts,evidence,EvidenceModule,TRUE,AuthGuard BusinessGuard RateLimitGuard,3,,,FALSE
POST,/evidence/:evidenceId/verify,/evidence/:param/verify,verify,EvidenceController,apps/server/src/modules/evidence/evidence.controller.ts,evidence,EvidenceModule,TRUE,AuthGuard BusinessGuard RateLimitGuard,3,,,FALSE
DELETE,/evidence/:evidenceId,/evidence/:param,delete,EvidenceController,apps/server/src/modules/evidence/evidence.controller.ts,evidence,EvidenceModule,TRUE,AuthGuard BusinessGuard RateLimitGuard,3,,,FALSE
GET,/businesses/:businessId/tasks/:taskType/:taskId/evidence-check,/businesses/:param/tasks/:param/:param/evidence-check,checkTaskEvidence,EvidenceController,apps/server/src/modules/evidence/evidence.controller.ts,evidence,EvidenceModule,TRUE,AuthGuard BusinessGuard RateLimitGuard,3,,,FALSE
POST,/businesses/:businessId/evidence/predict-requirement,/businesses/:param/evidence/predict-requirement,predictRequirement,EvidenceController,apps/server/src/modules/evidence/evidence.controller.ts,evidence,EvidenceModule,TRUE,AuthGuard BusinessGuard RateLimitGuard,3,,,FALSE
GET,/finance/businesses/:businessId/bills,/finance/businesses/:param/bills,listBills,BillsController,apps/server/src/modules/expenses/bills.controller.ts,expenses,ExpensesModule,TRUE,AuthGuard BusinessGuard ModuleScopeGuard,3,"expenses,read",,FALSE
POST,/finance/businesses/:businessId/bills,/finance/businesses/:param/bills,createBill,BillsController,apps/server/src/modules/expenses/bills.controller.ts,expenses,ExpensesModule,TRUE,AuthGuard BusinessGuard ModuleScopeGuard,3,"expenses,write",,FALSE
POST,/finance/businesses/:businessId/bills/:billId/pay,/finance/businesses/:param/bills/:param/pay,payBill,BillsController,apps/server/src/modules/expenses/bills.controller.ts,expenses,ExpensesModule,TRUE,AuthGuard BusinessGuard ModuleScopeGuard,3,"expenses,write",,FALSE
POST,/finance/businesses/:businessId/bills/:billId/void,/finance/businesses/:param/bills/:param/void,voidBill,BillsController,apps/server/src/modules/expenses/bills.controller.ts,expenses,ExpensesModule,TRUE,AuthGuard BusinessGuard ModuleScopeGuard,3,"expenses,write",,FALSE
GET,/finance/businesses/:businessId/payables/aging,/finance/businesses/:param/payables/aging,payablesAging,BillsController,apps/server/src/modules/expenses/bills.controller.ts,expenses,ExpensesModule,TRUE,AuthGuard BusinessGuard ModuleScopeGuard,3,"expenses,read",,FALSE
GET,/finance/businesses/:businessId/vendors/balances,/finance/businesses/:param/vendors/balances,vendorBalances,BillsController,apps/server/src/modules/expenses/bills.controller.ts,expenses,ExpensesModule,TRUE,AuthGuard BusinessGuard ModuleScopeGuard,3,"expenses,read",,FALSE
GET,/finance/businesses/:businessId/vendors/:vendorId/balance,/finance/businesses/:param/vendors/:param/balance,vendorBalance,BillsController,apps/server/src/modules/expenses/bills.controller.ts,expenses,ExpensesModule,TRUE,AuthGuard BusinessGuard ModuleScopeGuard,3,"expenses,read",,FALSE
GET,/expenses/businesses/:businessId/expenses,/expenses/businesses/:param/expenses,listExpenses,ExpensesController,apps/server/src/modules/expenses/expenses.controller.ts,expenses,ExpensesModule,TRUE,AuthGuard BusinessGuard ModuleScopeGuard,3,"expenses,read",,FALSE
GET,/expenses/businesses/:businessId/expenses/summary,/expenses/businesses/:param/expenses/summary,getExpenseSummary,ExpensesController,apps/server/src/modules/expenses/expenses.controller.ts,expenses,ExpensesModule,TRUE,AuthGuard BusinessGuard ModuleScopeGuard,3,"expenses,read",,FALSE
GET,/expenses/businesses/:businessId/expenses/vendors,/expenses/businesses/:param/expenses/vendors,getVendorAnalytics,ExpensesController,apps/server/src/modules/expenses/expenses.controller.ts,expenses,ExpensesModule,TRUE,AuthGuard BusinessGuard ModuleScopeGuard,3,"expenses,read",,FALSE
GET,/expenses/businesses/:businessId/expenses/margin-analysis,/expenses/businesses/:param/expenses/margin-analysis,getMarginAnalysis,ExpensesController,apps/server/src/modules/expenses/expenses.controller.ts,expenses,ExpensesModule,TRUE,AuthGuard BusinessGuard ModuleScopeGuard,3,"expenses,read",,FALSE
GET,/expenses/businesses/:businessId/expenses/by-project/:projectId,/expenses/businesses/:param/expenses/by-project/:param,getExpensesByProject,ExpensesController,apps/server/src/modules/expenses/expenses.controller.ts,expenses,ExpensesModule,TRUE,AuthGuard BusinessGuard ModuleScopeGuard,3,"expenses,read",,FALSE
GET,/expenses/businesses/:businessId/expenses/by-service/:serviceId,/expenses/businesses/:param/expenses/by-service/:param,getExpensesByService,ExpensesController,apps/server/src/modules/expenses/expenses.controller.ts,expenses,ExpensesModule,TRUE,AuthGuard BusinessGuard ModuleScopeGuard,3,"expenses,read",,FALSE
GET,/expenses/businesses/:businessId/expenses/recurring-candidates,/expenses/businesses/:param/expenses/recurring-candidates,getRecurringCandidates,ExpensesController,apps/server/src/modules/expenses/expenses.controller.ts,expenses,ExpensesModule,TRUE,AuthGuard BusinessGuard ModuleScopeGuard,3,"expenses,read",,FALSE
GET,/expenses/businesses/:businessId/expenses/export,/expenses/businesses/:param/expenses/export,exportCSV,ExpensesController,apps/server/src/modules/expenses/expenses.controller.ts,expenses,ExpensesModule,TRUE,AuthGuard BusinessGuard ModuleScopeGuard,3,"expenses,read",,FALSE
GET,/expenses/businesses/:businessId/expenses/:expenseId,/expenses/businesses/:param/expenses/:param,getExpense,ExpensesController,apps/server/src/modules/expenses/expenses.controller.ts,expenses,ExpensesModule,TRUE,AuthGuard BusinessGuard ModuleScopeGuard,3,"expenses,read",,FALSE
POST,/expenses/businesses/:businessId/expenses,/expenses/businesses/:param/expenses,createExpense,ExpensesController,apps/server/src/modules/expenses/expenses.controller.ts,expenses,ExpensesModule,TRUE,AuthGuard BusinessGuard ModuleScopeGuard,3,"expenses,write",,FALSE
PATCH,/expenses/businesses/:businessId/expenses/:expenseId,/expenses/businesses/:param/expenses/:param,updateExpense,ExpensesController,apps/server/src/modules/expenses/expenses.controller.ts,expenses,ExpensesModule,TRUE,AuthGuard BusinessGuard ModuleScopeGuard,3,"expenses,write",,FALSE
DELETE,/expenses/businesses/:businessId/expenses/:expenseId,/expenses/businesses/:param/expenses/:param,deleteExpense,ExpensesController,apps/server/src/modules/expenses/expenses.controller.ts,expenses,ExpensesModule,TRUE,AuthGuard BusinessGuard ModuleScopeGuard,3,"expenses,write",,FALSE
GET,/expenses/businesses/:businessId/expense-categories,/expenses/businesses/:param/expense-categories,listCategories,ExpensesController,apps/server/src/modules/expenses/expenses.controller.ts,expenses,ExpensesModule,TRUE,AuthGuard BusinessGuard ModuleScopeGuard,3,"expenses,read",,FALSE
POST,/expenses/businesses/:businessId/expense-categories,/expenses/businesses/:param/expense-categories,createCategory,ExpensesController,apps/server/src/modules/expenses/expenses.controller.ts,expenses,ExpensesModule,TRUE,AuthGuard BusinessGuard ModuleScopeGuard,3,"expenses,write",,FALSE
DELETE,/expenses/businesses/:businessId/expense-categories/:categoryId,/expenses/businesses/:param/expense-categories/:param,deleteCategory,ExpensesController,apps/server/src/modules/expenses/expenses.controller.ts,expenses,ExpensesModule,TRUE,AuthGuard BusinessGuard ModuleScopeGuard,3,"expenses,write",,FALSE
GET,/expenses/businesses/:businessId/expense-budgets,/expenses/businesses/:param/expense-budgets,listBudgets,ExpensesController,apps/server/src/modules/expenses/expenses.controller.ts,expenses,ExpensesModule,TRUE,AuthGuard BusinessGuard ModuleScopeGuard,3,"expenses,read",,FALSE
POST,/expenses/businesses/:businessId/expense-budgets,/expenses/businesses/:param/expense-budgets,upsertBudget,ExpensesController,apps/server/src/modules/expenses/expenses.controller.ts,expenses,ExpensesModule,TRUE,AuthGuard BusinessGuard ModuleScopeGuard,3,"expenses,write",,FALSE
DELETE,/expenses/businesses/:businessId/expense-budgets/:budgetId,/expenses/businesses/:param/expense-budgets/:param,deleteBudget,ExpensesController,apps/server/src/modules/expenses/expenses.controller.ts,expenses,ExpensesModule,TRUE,AuthGuard BusinessGuard ModuleScopeGuard,3,"expenses,write",,FALSE
POST,/expenses/businesses/:businessId/expenses/extract-receipt,/expenses/businesses/:param/expenses/extract-receipt,extractReceipt,ExpensesController,apps/server/src/modules/expenses/expenses.controller.ts,expenses,ExpensesModule,TRUE,AuthGuard BusinessGuard ModuleScopeGuard,3,"expenses,read",,FALSE
GET,/expenses/businesses/:businessId/recurring,/expenses/businesses/:param/recurring,list,RecurringExpensesController,apps/server/src/modules/expenses/recurring-expenses.controller.ts,expenses,ExpensesModule,TRUE,AuthGuard BusinessGuard ModuleScopeGuard,3,"expenses,read",,FALSE
GET,/expenses/businesses/:businessId/recurring/:id,/expenses/businesses/:param/recurring/:param,get,RecurringExpensesController,apps/server/src/modules/expenses/recurring-expenses.controller.ts,expenses,ExpensesModule,TRUE,AuthGuard BusinessGuard ModuleScopeGuard,3,"expenses,read",,FALSE
POST,/expenses/businesses/:businessId/recurring,/expenses/businesses/:param/recurring,create,RecurringExpensesController,apps/server/src/modules/expenses/recurring-expenses.controller.ts,expenses,ExpensesModule,TRUE,AuthGuard BusinessGuard ModuleScopeGuard,3,"expenses,write",,FALSE
PATCH,/expenses/businesses/:businessId/recurring/:id,/expenses/businesses/:param/recurring/:param,update,RecurringExpensesController,apps/server/src/modules/expenses/recurring-expenses.controller.ts,expenses,ExpensesModule,TRUE,AuthGuard BusinessGuard ModuleScopeGuard,3,"expenses,write",,FALSE
DELETE,/expenses/businesses/:businessId/recurring/:id,/expenses/businesses/:param/recurring/:param,cancel,RecurringExpensesController,apps/server/src/modules/expenses/recurring-expenses.controller.ts,expenses,ExpensesModule,TRUE,AuthGuard BusinessGuard ModuleScopeGuard,3,"expenses,write",,FALSE
POST,/expenses/businesses/:businessId/recurring/:id/run,/expenses/businesses/:param/recurring/:param/run,runNow,RecurringExpensesController,apps/server/src/modules/expenses/recurring-expenses.controller.ts,expenses,ExpensesModule,TRUE,AuthGuard BusinessGuard ModuleScopeGuard,3,"expenses,write",,FALSE
GET,/api/feature-flags,/api/feature-flags,listForUser,FeatureFlagsController,apps/server/src/modules/feature-flags/feature-flags.controller.ts,feature-flags,FeatureFlagsModule,TRUE,AuthGuard,1,,,FALSE
GET,/api/admin/feature-flags,/api/admin/feature-flags,listAll,FeatureFlagsController,apps/server/src/modules/feature-flags/feature-flags.controller.ts,feature-flags,FeatureFlagsModule,TRUE,AuthGuard,1,,,FALSE
PUT,/api/admin/feature-flags/:key,/api/admin/feature-flags/:param,update,FeatureFlagsController,apps/server/src/modules/feature-flags/feature-flags.controller.ts,feature-flags,FeatureFlagsModule,TRUE,AuthGuard,1,,,FALSE
POST,/finance/businesses/:businessId/journal-entries,/finance/businesses/:param/journal-entries,createJournalEntry,FinanceController,apps/server/src/modules/finance/finance.controller.ts,finance,FinanceModule,TRUE,AuthGuard BusinessGuard,2,,,FALSE
GET,/finance/businesses/:businessId/journal-entries,/finance/businesses/:param/journal-entries,listJournalEntries,FinanceController,apps/server/src/modules/finance/finance.controller.ts,finance,FinanceModule,TRUE,AuthGuard BusinessGuard,2,,,FALSE
GET,/finance/businesses/:businessId/general-ledger,/finance/businesses/:param/general-ledger,getGeneralLedger,FinanceController,apps/server/src/modules/finance/finance.controller.ts,finance,FinanceModule,TRUE,AuthGuard BusinessGuard,2,,,FALSE
GET,/finance/businesses/:businessId/trial-balance,/finance/businesses/:param/trial-balance,getTrialBalance,FinanceController,apps/server/src/modules/finance/finance.controller.ts,finance,FinanceModule,TRUE,AuthGuard BusinessGuard,2,,,FALSE
GET,/finance/businesses/:businessId/trial-balance/account/:accountId,/finance/businesses/:param/trial-balance/account/:param,getAccountBalance,FinanceController,apps/server/src/modules/finance/finance.controller.ts,finance,FinanceModule,TRUE,AuthGuard BusinessGuard,2,,,FALSE
GET,/finance/businesses/:businessId/receivables/aging,/finance/businesses/:param/receivables/aging,aging,FinanceController,apps/server/src/modules/finance/finance.controller.ts,finance,FinanceModule,TRUE,AuthGuard BusinessGuard,2,,,FALSE
GET,/finance/businesses/:businessId/customers/:contactId/balance,/finance/businesses/:param/customers/:param/balance,customerBalance,FinanceController,apps/server/src/modules/finance/finance.controller.ts,finance,FinanceModule,TRUE,AuthGuard BusinessGuard,2,,,FALSE
GET,/finance/businesses/:businessId/overview,/finance/businesses/:param/overview,getOverview,FinanceController,apps/server/src/modules/finance/finance.controller.ts,finance,FinanceModule,TRUE,AuthGuard BusinessGuard,2,,,FALSE
GET,/finance/businesses/:businessId/expense-breakdown,/finance/businesses/:param/expense-breakdown,getExpenseBreakdown,FinanceController,apps/server/src/modules/finance/finance.controller.ts,finance,FinanceModule,TRUE,AuthGuard BusinessGuard,2,,,FALSE
GET,/finance/businesses/:businessId/intelligence/actions,/finance/businesses/:param/intelligence/actions,listIntelActions,FinanceController,apps/server/src/modules/finance/finance.controller.ts,finance,FinanceModule,TRUE,AuthGuard BusinessGuard,2,,,FALSE
POST,/finance/businesses/:businessId/intelligence/scan,/finance/businesses/:param/intelligence/scan,runIntelScan,FinanceController,apps/server/src/modules/finance/finance.controller.ts,finance,FinanceModule,TRUE,AuthGuard BusinessGuard,2,,,FALSE
POST,/finance/businesses/:businessId/intelligence/actions/:id/resolve,/finance/businesses/:param/intelligence/actions/:param/resolve,resolveIntelAction,FinanceController,apps/server/src/modules/finance/finance.controller.ts,finance,FinanceModule,TRUE,AuthGuard BusinessGuard,2,,,FALSE
POST,/finance/businesses/:businessId/intelligence/actions/:id/dismiss,/finance/businesses/:param/intelligence/actions/:param/dismiss,dismissIntelAction,FinanceController,apps/server/src/modules/finance/finance.controller.ts,finance,FinanceModule,TRUE,AuthGuard BusinessGuard,2,,,FALSE
GET,/finance/businesses/:businessId/intelligence/insight,/finance/businesses/:param/intelligence/insight,getIntelInsight,FinanceController,apps/server/src/modules/finance/finance.controller.ts,finance,FinanceModule,TRUE,AuthGuard BusinessGuard,2,,,FALSE
GET,/finance/businesses/:businessId/accounts,/finance/businesses/:param/accounts,listAccounts,FinanceController,apps/server/src/modules/finance/finance.controller.ts,finance,FinanceModule,TRUE,AuthGuard BusinessGuard,2,,,FALSE
POST,/finance/businesses/:businessId/accounts,/finance/businesses/:param/accounts,createAccount,FinanceController,apps/server/src/modules/finance/finance.controller.ts,finance,FinanceModule,TRUE,AuthGuard BusinessGuard,2,,,FALSE
PATCH,/finance/businesses/:businessId/accounts/:id,/finance/businesses/:param/accounts/:param,updateAccount,FinanceController,apps/server/src/modules/finance/finance.controller.ts,finance,FinanceModule,TRUE,AuthGuard BusinessGuard,2,,,FALSE
DELETE,/finance/businesses/:businessId/accounts/:id,/finance/businesses/:param/accounts/:param,archiveAccount,FinanceController,apps/server/src/modules/finance/finance.controller.ts,finance,FinanceModule,TRUE,AuthGuard BusinessGuard,2,,,FALSE
GET,/finance/businesses/:businessId/chart-of-accounts,/finance/businesses/:param/chart-of-accounts,listCoa,FinanceController,apps/server/src/modules/finance/finance.controller.ts,finance,FinanceModule,TRUE,AuthGuard BusinessGuard,2,,,FALSE
POST,/finance/businesses/:businessId/chart-of-accounts,/finance/businesses/:param/chart-of-accounts,createCoa,FinanceController,apps/server/src/modules/finance/finance.controller.ts,finance,FinanceModule,TRUE,AuthGuard BusinessGuard,2,,,FALSE
PATCH,/finance/businesses/:businessId/chart-of-accounts/:id,/finance/businesses/:param/chart-of-accounts/:param,updateCoa,FinanceController,apps/server/src/modules/finance/finance.controller.ts,finance,FinanceModule,TRUE,AuthGuard BusinessGuard,2,,,FALSE
DELETE,/finance/businesses/:businessId/chart-of-accounts/:id,/finance/businesses/:param/chart-of-accounts/:param,archiveCoa,FinanceController,apps/server/src/modules/finance/finance.controller.ts,finance,FinanceModule,TRUE,AuthGuard BusinessGuard,2,,,FALSE
GET,/finance/businesses/:businessId/tax-rates,/finance/businesses/:param/tax-rates,listTaxRates,FinanceController,apps/server/src/modules/finance/finance.controller.ts,finance,FinanceModule,TRUE,AuthGuard BusinessGuard,2,,,FALSE
POST,/finance/businesses/:businessId/tax-rates,/finance/businesses/:param/tax-rates,createTaxRate,FinanceController,apps/server/src/modules/finance/finance.controller.ts,finance,FinanceModule,TRUE,AuthGuard BusinessGuard,2,,,FALSE
PATCH,/finance/businesses/:businessId/tax-rates/:id,/finance/businesses/:param/tax-rates/:param,updateTaxRate,FinanceController,apps/server/src/modules/finance/finance.controller.ts,finance,FinanceModule,TRUE,AuthGuard BusinessGuard,2,,,FALSE
DELETE,/finance/businesses/:businessId/tax-rates/:id,/finance/businesses/:param/tax-rates/:param,deleteTaxRate,FinanceController,apps/server/src/modules/finance/finance.controller.ts,finance,FinanceModule,TRUE,AuthGuard BusinessGuard,2,,,FALSE
GET,/finance/businesses/:businessId/settings,/finance/businesses/:param/settings,getSettings,FinanceController,apps/server/src/modules/finance/finance.controller.ts,finance,FinanceModule,TRUE,AuthGuard BusinessGuard,2,,,FALSE
PATCH,/finance/businesses/:businessId/settings,/finance/businesses/:param/settings,patchSettings,FinanceController,apps/server/src/modules/finance/finance.controller.ts,finance,FinanceModule,TRUE,AuthGuard BusinessGuard,2,,,FALSE
GET,/finance/businesses/:businessId/bank-rules,/finance/businesses/:param/bank-rules,listBankRules,FinanceController,apps/server/src/modules/finance/finance.controller.ts,finance,FinanceModule,TRUE,AuthGuard BusinessGuard,2,,,FALSE
POST,/finance/businesses/:businessId/bank-rules,/finance/businesses/:param/bank-rules,createBankRule,FinanceController,apps/server/src/modules/finance/finance.controller.ts,finance,FinanceModule,TRUE,AuthGuard BusinessGuard,2,,,FALSE
GET,/finance/businesses/:businessId/bank-rules/:id,/finance/businesses/:param/bank-rules/:param,getBankRule,FinanceController,apps/server/src/modules/finance/finance.controller.ts,finance,FinanceModule,TRUE,AuthGuard BusinessGuard,2,,,FALSE
PATCH,/finance/businesses/:businessId/bank-rules/:id,/finance/businesses/:param/bank-rules/:param,updateBankRule,FinanceController,apps/server/src/modules/finance/finance.controller.ts,finance,FinanceModule,TRUE,AuthGuard BusinessGuard,2,,,FALSE
DELETE,/finance/businesses/:businessId/bank-rules/:id,/finance/businesses/:param/bank-rules/:param,deleteBankRule,FinanceController,apps/server/src/modules/finance/finance.controller.ts,finance,FinanceModule,TRUE,AuthGuard BusinessGuard,2,,,FALSE
POST,/finance/businesses/:businessId/bank-rules/apply,/finance/businesses/:param/bank-rules/apply,applyBankRules,FinanceController,apps/server/src/modules/finance/finance.controller.ts,finance,FinanceModule,TRUE,AuthGuard BusinessGuard,2,,,FALSE
POST,/finance/businesses/:businessId/accounts/:accountId/bank-rules/apply,/finance/businesses/:param/accounts/:param/bank-rules/apply,applyBankRulesToAccount,FinanceController,apps/server/src/modules/finance/finance.controller.ts,finance,FinanceModule,TRUE,AuthGuard BusinessGuard,2,,,FALSE
GET,/finance/businesses/:businessId/recurring-journal-entries,/finance/businesses/:param/recurring-journal-entries,listRecurringJournals,FinanceController,apps/server/src/modules/finance/finance.controller.ts,finance,FinanceModule,TRUE,AuthGuard BusinessGuard,2,,,FALSE
POST,/finance/businesses/:businessId/recurring-journal-entries,/finance/businesses/:param/recurring-journal-entries,createRecurringJournal,FinanceController,apps/server/src/modules/finance/finance.controller.ts,finance,FinanceModule,TRUE,AuthGuard BusinessGuard,2,,,FALSE
GET,/finance/businesses/:businessId/recurring-journal-entries/:id,/finance/businesses/:param/recurring-journal-entries/:param,getRecurringJournal,FinanceController,apps/server/src/modules/finance/finance.controller.ts,finance,FinanceModule,TRUE,AuthGuard BusinessGuard,2,,,FALSE
PATCH,/finance/businesses/:businessId/recurring-journal-entries/:id,/finance/businesses/:param/recurring-journal-entries/:param,updateRecurringJournal,FinanceController,apps/server/src/modules/finance/finance.controller.ts,finance,FinanceModule,TRUE,AuthGuard BusinessGuard,2,,,FALSE
POST,/finance/businesses/:businessId/recurring-journal-entries/:id/run,/finance/businesses/:param/recurring-journal-entries/:param/run,runRecurringJournal,FinanceController,apps/server/src/modules/finance/finance.controller.ts,finance,FinanceModule,TRUE,AuthGuard BusinessGuard,2,,,FALSE
POST,/finance/businesses/:businessId/recurring-journal-entries/:id/cancel,/finance/businesses/:param/recurring-journal-entries/:param/cancel,cancelRecurringJournal,FinanceController,apps/server/src/modules/finance/finance.controller.ts,finance,FinanceModule,TRUE,AuthGuard BusinessGuard,2,,,FALSE
DELETE,/finance/businesses/:businessId/recurring-journal-entries/:id,/finance/businesses/:param/recurring-journal-entries/:param,deleteRecurringJournal,FinanceController,apps/server/src/modules/finance/finance.controller.ts,finance,FinanceModule,TRUE,AuthGuard BusinessGuard,2,,,FALSE
POST,/finance/businesses/:businessId/accounts/:accountId/bank-transactions/import,/finance/businesses/:param/accounts/:param/bank-transactions/import,importBankCsv,FinanceController,apps/server/src/modules/finance/finance.controller.ts,finance,FinanceModule,TRUE,AuthGuard BusinessGuard,2,,,FALSE
POST,/finance/businesses/:businessId/accounts/:accountId/import-profile,/finance/businesses/:param/accounts/:param/import-profile,saveImportProfile,FinanceController,apps/server/src/modules/finance/finance.controller.ts,finance,FinanceModule,TRUE,AuthGuard BusinessGuard,2,,,FALSE
POST,/finance/businesses/:businessId/accounts/:accountId/statement-sources,/finance/businesses/:param/accounts/:param/statement-sources,setStatementSources,FinanceController,apps/server/src/modules/finance/finance.controller.ts,finance,FinanceModule,TRUE,AuthGuard BusinessGuard,2,,,FALSE
POST,/finance/businesses/:businessId/accounts/:accountId/statement-sources/:source/sweep,/finance/businesses/:param/accounts/:param/statement-sources/:param/sweep,sweepStatementSource,FinanceController,apps/server/src/modules/finance/finance.controller.ts,finance,FinanceModule,TRUE,AuthGuard BusinessGuard,2,,,FALSE
GET,/finance/businesses/:businessId/accounts/:accountId/bank-transactions,/finance/businesses/:param/accounts/:param/bank-transactions,listBankTransactions,FinanceController,apps/server/src/modules/finance/finance.controller.ts,finance,FinanceModule,TRUE,AuthGuard BusinessGuard,2,,,FALSE
POST,/finance/businesses/:businessId/accounts/:accountId/bank-transactions/auto-match,/finance/businesses/:param/accounts/:param/bank-transactions/auto-match,runAutoMatch,FinanceController,apps/server/src/modules/finance/finance.controller.ts,finance,FinanceModule,TRUE,AuthGuard BusinessGuard,2,,,FALSE
POST,/finance/businesses/:businessId/bank-transactions/:bankTransactionId/match,/finance/businesses/:param/bank-transactions/:param/match,manualMatch,FinanceController,apps/server/src/modules/finance/finance.controller.ts,finance,FinanceModule,TRUE,AuthGuard BusinessGuard,2,,,FALSE
POST,/finance/businesses/:businessId/bank-transactions/:bankTransactionId/unmatch,/finance/businesses/:param/bank-transactions/:param/unmatch,unmatch,FinanceController,apps/server/src/modules/finance/finance.controller.ts,finance,FinanceModule,TRUE,AuthGuard BusinessGuard,2,,,FALSE
POST,/finance/businesses/:businessId/bank-transactions/:bankTransactionId/ignore,/finance/businesses/:param/bank-transactions/:param/ignore,ignoreBankRow,FinanceController,apps/server/src/modules/finance/finance.controller.ts,finance,FinanceModule,TRUE,AuthGuard BusinessGuard,2,,,FALSE
GET,/finance/businesses/:businessId/reconciliations,/finance/businesses/:param/reconciliations,listReconciliations,FinanceController,apps/server/src/modules/finance/finance.controller.ts,finance,FinanceModule,TRUE,AuthGuard BusinessGuard,2,,,FALSE
POST,/finance/businesses/:businessId/reconciliations,/finance/businesses/:param/reconciliations,createReconciliation,FinanceController,apps/server/src/modules/finance/finance.controller.ts,finance,FinanceModule,TRUE,AuthGuard BusinessGuard,2,,,FALSE
GET,/finance/businesses/:businessId/reconciliations/:id,/finance/businesses/:param/reconciliations/:param,getReconciliation,FinanceController,apps/server/src/modules/finance/finance.controller.ts,finance,FinanceModule,TRUE,AuthGuard BusinessGuard,2,,,FALSE
POST,/finance/businesses/:businessId/reconciliations/:id/complete,/finance/businesses/:param/reconciliations/:param/complete,completeReconciliation,FinanceController,apps/server/src/modules/finance/finance.controller.ts,finance,FinanceModule,TRUE,AuthGuard BusinessGuard,2,,,FALSE
GET,/finance/businesses/:businessId/reconciliations/:id/report,/finance/businesses/:param/reconciliations/:param/report,reconciliationReport,FinanceController,apps/server/src/modules/finance/finance.controller.ts,finance,FinanceModule,TRUE,AuthGuard BusinessGuard,2,,,FALSE
GET,/finance/businesses/:businessId/reconciliations/:id/report.csv,/finance/businesses/:param/reconciliations/:param/report.csv,reconciliationReportCsv,FinanceController,apps/server/src/modules/finance/finance.controller.ts,finance,FinanceModule,TRUE,AuthGuard BusinessGuard,2,,,FALSE
GET,/finance/businesses/:businessId/tax-liabilities,/finance/businesses/:param/tax-liabilities,listTaxLiabilities,FinanceController,apps/server/src/modules/finance/finance.controller.ts,finance,FinanceModule,TRUE,AuthGuard BusinessGuard,2,,,FALSE
POST,/finance/businesses/:businessId/tax-liabilities/recompute,/finance/businesses/:param/tax-liabilities/recompute,recomputeTaxLiabilities,FinanceController,apps/server/src/modules/finance/finance.controller.ts,finance,FinanceModule,TRUE,AuthGuard BusinessGuard,2,,,FALSE
GET,/finance/businesses/:businessId/tax-liabilities/:id,/finance/businesses/:param/tax-liabilities/:param,getTaxLiability,FinanceController,apps/server/src/modules/finance/finance.controller.ts,finance,FinanceModule,TRUE,AuthGuard BusinessGuard,2,,,FALSE
GET,/finance/businesses/:businessId/tax-liabilities/:id/contributing-invoices,/finance/businesses/:param/tax-liabilities/:param/contributing-invoices,taxContributingInvoices,FinanceController,apps/server/src/modules/finance/finance.controller.ts,finance,FinanceModule,TRUE,AuthGuard BusinessGuard,2,,,FALSE
GET,/finance/businesses/:businessId/tax-calendar,/finance/businesses/:param/tax-calendar,taxCalendar,FinanceController,apps/server/src/modules/finance/finance.controller.ts,finance,FinanceModule,TRUE,AuthGuard BusinessGuard,2,,,FALSE
POST,/finance/businesses/:businessId/tax-liabilities/:id/file,/finance/businesses/:param/tax-liabilities/:param/file,fileTaxLiability,FinanceController,apps/server/src/modules/finance/finance.controller.ts,finance,FinanceModule,TRUE,AuthGuard BusinessGuard,2,,,FALSE
POST,/finance/businesses/:businessId/tax-liabilities/:id/pay,/finance/businesses/:param/tax-liabilities/:param/pay,payTaxLiability,FinanceController,apps/server/src/modules/finance/finance.controller.ts,finance,FinanceModule,TRUE,AuthGuard BusinessGuard,2,,,FALSE
GET,/finance/businesses/:businessId/tax/liabilities,/finance/businesses/:param/tax/liabilities,listTaxLiabilitiesAlias,FinanceController,apps/server/src/modules/finance/finance.controller.ts,finance,FinanceModule,TRUE,AuthGuard BusinessGuard,2,,,FALSE
POST,/finance/businesses/:businessId/tax/liabilities/recompute,/finance/businesses/:param/tax/liabilities/recompute,recomputeTaxLiabilitiesAlias,FinanceController,apps/server/src/modules/finance/finance.controller.ts,finance,FinanceModule,TRUE,AuthGuard BusinessGuard,2,,,FALSE
GET,/finance/businesses/:businessId/tax/liabilities/:id,/finance/businesses/:param/tax/liabilities/:param,getTaxLiabilityAlias,FinanceController,apps/server/src/modules/finance/finance.controller.ts,finance,FinanceModule,TRUE,AuthGuard BusinessGuard,2,,,FALSE
GET,/finance/businesses/:businessId/tax/liabilities/:id/contributing-invoices,/finance/businesses/:param/tax/liabilities/:param/contributing-invoices,taxContributingInvoicesAlias,FinanceController,apps/server/src/modules/finance/finance.controller.ts,finance,FinanceModule,TRUE,AuthGuard BusinessGuard,2,,,FALSE
POST,/finance/businesses/:businessId/tax/liabilities/:id/file,/finance/businesses/:param/tax/liabilities/:param/file,fileTaxLiabilityAlias,FinanceController,apps/server/src/modules/finance/finance.controller.ts,finance,FinanceModule,TRUE,AuthGuard BusinessGuard,2,,,FALSE
POST,/finance/businesses/:businessId/tax/liabilities/:id/pay,/finance/businesses/:param/tax/liabilities/:param/pay,payTaxLiabilityAlias,FinanceController,apps/server/src/modules/finance/finance.controller.ts,finance,FinanceModule,TRUE,AuthGuard BusinessGuard,2,,,FALSE
GET,/finance/businesses/:businessId/accountant-export.zip,/finance/businesses/:param/accountant-export.zip,accountantExportStream,FinanceController,apps/server/src/modules/finance/finance.controller.ts,finance,FinanceModule,TRUE,AuthGuard BusinessGuard,2,,,FALSE
POST,/finance/businesses/:businessId/accountant-export,/finance/businesses/:param/accountant-export,accountantExportSigned,FinanceController,apps/server/src/modules/finance/finance.controller.ts,finance,FinanceModule,TRUE,AuthGuard BusinessGuard,2,,,FALSE
GET,/finance/businesses/:businessId/safe-to-spend,/finance/businesses/:param/safe-to-spend,getSafeToSpend,FinanceController,apps/server/src/modules/finance/finance.controller.ts,finance,FinanceModule,TRUE,AuthGuard BusinessGuard,2,,,FALSE
GET,/finance/businesses/:businessId/cashflow-forecast,/finance/businesses/:param/cashflow-forecast,getCashflowForecast,FinanceController,apps/server/src/modules/finance/finance.controller.ts,finance,FinanceModule,TRUE,AuthGuard BusinessGuard,2,,,FALSE
GET,/finance/businesses/:businessId/money-moves,/finance/businesses/:param/money-moves,getMoneyMoves,FinanceController,apps/server/src/modules/finance/finance.controller.ts,finance,FinanceModule,TRUE,AuthGuard BusinessGuard,2,,,FALSE
POST,/finance/businesses/:businessId/accountant-export/email,/finance/businesses/:param/accountant-export/email,accountantExportEmailSend,FinanceController,apps/server/src/modules/finance/finance.controller.ts,finance,FinanceModule,TRUE,AuthGuard BusinessGuard,2,,,FALSE
GET,/finance/businesses/:businessId/reserves,/finance/businesses/:param/reserves,listReserves,FinanceController,apps/server/src/modules/finance/finance.controller.ts,finance,FinanceModule,TRUE,AuthGuard BusinessGuard,2,,,FALSE
POST,/finance/businesses/:businessId/reserves,/finance/businesses/:param/reserves,createReserve,FinanceController,apps/server/src/modules/finance/finance.controller.ts,finance,FinanceModule,TRUE,AuthGuard BusinessGuard,2,,,FALSE
PATCH,/finance/businesses/:businessId/reserves/:id,/finance/businesses/:param/reserves/:param,updateReserve,FinanceController,apps/server/src/modules/finance/finance.controller.ts,finance,FinanceModule,TRUE,AuthGuard BusinessGuard,2,,,FALSE
DELETE,/finance/businesses/:businessId/reserves/:id,/finance/businesses/:param/reserves/:param,deleteReserve,FinanceController,apps/server/src/modules/finance/finance.controller.ts,finance,FinanceModule,TRUE,AuthGuard BusinessGuard,2,,,FALSE
GET,/finance/businesses/:businessId/credit-notes,/finance/businesses/:param/credit-notes,listCreditNotes,FinanceController,apps/server/src/modules/finance/finance.controller.ts,finance,FinanceModule,TRUE,AuthGuard BusinessGuard,2,,,FALSE
POST,/finance/businesses/:businessId/credit-notes,/finance/businesses/:param/credit-notes,createCreditNote,FinanceController,apps/server/src/modules/finance/finance.controller.ts,finance,FinanceModule,TRUE,AuthGuard BusinessGuard,2,,,FALSE
GET,/finance/businesses/:businessId/credit-notes/:id,/finance/businesses/:param/credit-notes/:param,getCreditNote,FinanceController,apps/server/src/modules/finance/finance.controller.ts,finance,FinanceModule,TRUE,AuthGuard BusinessGuard,2,,,FALSE
PATCH,/finance/businesses/:businessId/credit-notes/:id,/finance/businesses/:param/credit-notes/:param,updateCreditNote,FinanceController,apps/server/src/modules/finance/finance.controller.ts,finance,FinanceModule,TRUE,AuthGuard BusinessGuard,2,,,FALSE
POST,/finance/businesses/:businessId/credit-notes/:id/apply,/finance/businesses/:param/credit-notes/:param/apply,applyCreditNote,FinanceController,apps/server/src/modules/finance/finance.controller.ts,finance,FinanceModule,TRUE,AuthGuard BusinessGuard,2,,,FALSE
POST,/finance/businesses/:businessId/credit-notes/:id/void,/finance/businesses/:param/credit-notes/:param/void,voidCreditNote,FinanceController,apps/server/src/modules/finance/finance.controller.ts,finance,FinanceModule,TRUE,AuthGuard BusinessGuard,2,,,FALSE
DELETE,/finance/businesses/:businessId/credit-notes/:id,/finance/businesses/:param/credit-notes/:param,deleteCreditNote,FinanceController,apps/server/src/modules/finance/finance.controller.ts,finance,FinanceModule,TRUE,AuthGuard BusinessGuard,2,,,FALSE
GET,/finance/businesses/:businessId/accounting-periods,/finance/businesses/:param/accounting-periods,listAccountingPeriods,FinanceController,apps/server/src/modules/finance/finance.controller.ts,finance,FinanceModule,TRUE,AuthGuard BusinessGuard,2,,,FALSE
POST,/finance/businesses/:businessId/accounting-periods,/finance/businesses/:param/accounting-periods,createAccountingPeriod,FinanceController,apps/server/src/modules/finance/finance.controller.ts,finance,FinanceModule,TRUE,AuthGuard BusinessGuard,2,,,FALSE
GET,/finance/businesses/:businessId/accounting-periods/:id,/finance/businesses/:param/accounting-periods/:param,getAccountingPeriod,FinanceController,apps/server/src/modules/finance/finance.controller.ts,finance,FinanceModule,TRUE,AuthGuard BusinessGuard,2,,,FALSE
PATCH,/finance/businesses/:businessId/accounting-periods/:id,/finance/businesses/:param/accounting-periods/:param,updateAccountingPeriod,FinanceController,apps/server/src/modules/finance/finance.controller.ts,finance,FinanceModule,TRUE,AuthGuard BusinessGuard,2,,,FALSE
POST,/finance/businesses/:businessId/accounting-periods/:id/close,/finance/businesses/:param/accounting-periods/:param/close,closeAccountingPeriod,FinanceController,apps/server/src/modules/finance/finance.controller.ts,finance,FinanceModule,TRUE,AuthGuard BusinessGuard,2,,,FALSE
POST,/finance/businesses/:businessId/accounting-periods/:id/reopen,/finance/businesses/:param/accounting-periods/:param/reopen,reopenAccountingPeriod,FinanceController,apps/server/src/modules/finance/finance.controller.ts,finance,FinanceModule,TRUE,AuthGuard BusinessGuard,2,,,FALSE
DELETE,/finance/businesses/:businessId/accounting-periods/:id,/finance/businesses/:param/accounting-periods/:param,deleteAccountingPeriod,FinanceController,apps/server/src/modules/finance/finance.controller.ts,finance,FinanceModule,TRUE,AuthGuard BusinessGuard,2,,,FALSE
GET,/finance/businesses/:businessId/bank-connections,/finance/businesses/:param/bank-connections,listBankConnections,FinanceController,apps/server/src/modules/finance/finance.controller.ts,finance,FinanceModule,TRUE,AuthGuard BusinessGuard,2,,,FALSE
POST,/finance/businesses/:businessId/bank-connections,/finance/businesses/:param/bank-connections,createBankConnection,FinanceController,apps/server/src/modules/finance/finance.controller.ts,finance,FinanceModule,TRUE,AuthGuard BusinessGuard,2,,,FALSE
GET,/finance/businesses/:businessId/bank-connections/:id,/finance/businesses/:param/bank-connections/:param,getBankConnection,FinanceController,apps/server/src/modules/finance/finance.controller.ts,finance,FinanceModule,TRUE,AuthGuard BusinessGuard,2,,,FALSE
PATCH,/finance/businesses/:businessId/bank-connections/:id,/finance/businesses/:param/bank-connections/:param,updateBankConnection,FinanceController,apps/server/src/modules/finance/finance.controller.ts,finance,FinanceModule,TRUE,AuthGuard BusinessGuard,2,,,FALSE
POST,/finance/businesses/:businessId/bank-connections/:id/sync,/finance/businesses/:param/bank-connections/:param/sync,syncBankConnection,FinanceController,apps/server/src/modules/finance/finance.controller.ts,finance,FinanceModule,TRUE,AuthGuard BusinessGuard,2,,,FALSE
DELETE,/finance/businesses/:businessId/bank-connections/:id,/finance/businesses/:param/bank-connections/:param,deleteBankConnection,FinanceController,apps/server/src/modules/finance/finance.controller.ts,finance,FinanceModule,TRUE,AuthGuard BusinessGuard,2,,,FALSE
GET,/finance/businesses/:businessId/exchange-rates,/finance/businesses/:param/exchange-rates,listExchangeRates,FinanceController,apps/server/src/modules/finance/finance.controller.ts,finance,FinanceModule,TRUE,AuthGuard BusinessGuard,2,,,FALSE
POST,/finance/businesses/:businessId/exchange-rates,/finance/businesses/:param/exchange-rates,createExchangeRate,FinanceController,apps/server/src/modules/finance/finance.controller.ts,finance,FinanceModule,TRUE,AuthGuard BusinessGuard,2,,,FALSE
POST,/finance/businesses/:businessId/exchange-rates/bulk,/finance/businesses/:param/exchange-rates/bulk,bulkCreateExchangeRates,FinanceController,apps/server/src/modules/finance/finance.controller.ts,finance,FinanceModule,TRUE,AuthGuard BusinessGuard,2,,,FALSE
GET,/finance/businesses/:businessId/exchange-rates/latest,/finance/businesses/:param/exchange-rates/latest,getLatestExchangeRate,FinanceController,apps/server/src/modules/finance/finance.controller.ts,finance,FinanceModule,TRUE,AuthGuard BusinessGuard,2,,,FALSE
DELETE,/finance/businesses/:businessId/exchange-rates/:id,/finance/businesses/:param/exchange-rates/:param,deleteExchangeRate,FinanceController,apps/server/src/modules/finance/finance.controller.ts,finance,FinanceModule,TRUE,AuthGuard BusinessGuard,2,,,FALSE
GET,/finance/businesses/:businessId/fixed-assets,/finance/businesses/:param/fixed-assets,listFixedAssets,FinanceController,apps/server/src/modules/finance/finance.controller.ts,finance,FinanceModule,TRUE,AuthGuard BusinessGuard,2,,,FALSE
POST,/finance/businesses/:businessId/fixed-assets,/finance/businesses/:param/fixed-assets,createFixedAsset,FinanceController,apps/server/src/modules/finance/finance.controller.ts,finance,FinanceModule,TRUE,AuthGuard BusinessGuard,2,,,FALSE
GET,/finance/businesses/:businessId/fixed-assets/:id,/finance/businesses/:param/fixed-assets/:param,getFixedAsset,FinanceController,apps/server/src/modules/finance/finance.controller.ts,finance,FinanceModule,TRUE,AuthGuard BusinessGuard,2,,,FALSE
PATCH,/finance/businesses/:businessId/fixed-assets/:id,/finance/businesses/:param/fixed-assets/:param,updateFixedAsset,FinanceController,apps/server/src/modules/finance/finance.controller.ts,finance,FinanceModule,TRUE,AuthGuard BusinessGuard,2,,,FALSE
POST,/finance/businesses/:businessId/fixed-assets/:id/depreciate,/finance/businesses/:param/fixed-assets/:param/depreciate,depreciateFixedAsset,FinanceController,apps/server/src/modules/finance/finance.controller.ts,finance,FinanceModule,TRUE,AuthGuard BusinessGuard,2,,,FALSE
GET,/finance/businesses/:businessId/fixed-assets/:id/depreciation,/finance/businesses/:param/fixed-assets/:param/depreciation,calculateDepreciation,FinanceController,apps/server/src/modules/finance/finance.controller.ts,finance,FinanceModule,TRUE,AuthGuard BusinessGuard,2,,,FALSE
POST,/finance/businesses/:businessId/fixed-assets/:id/dispose,/finance/businesses/:param/fixed-assets/:param/dispose,disposeFixedAsset,FinanceController,apps/server/src/modules/finance/finance.controller.ts,finance,FinanceModule,TRUE,AuthGuard BusinessGuard,2,,,FALSE
DELETE,/finance/businesses/:businessId/fixed-assets/:id,/finance/businesses/:param/fixed-assets/:param,deleteFixedAsset,FinanceController,apps/server/src/modules/finance/finance.controller.ts,finance,FinanceModule,TRUE,AuthGuard BusinessGuard,2,,,FALSE
GET,/flow-signals/roles,/flow-signals/roles,getRoles,FlowSignalRoleController,apps/server/src/modules/flow-signal/flow-signal-role.controller.ts,flow-signal,FlowSignalModule,TRUE,,0,,,TRUE
GET,/flow-signals/businesses/:businessId/roles,/flow-signals/businesses/:param/roles,getBusinessRoles,FlowSignalRoleController,apps/server/src/modules/flow-signal/flow-signal-role.controller.ts,flow-signal,FlowSignalModule,TRUE,AuthGuard BusinessGuard,2,,,FALSE
GET,/flow-signals/businesses/:businessId,/flow-signals/businesses/:param,list,FlowSignalController,apps/server/src/modules/flow-signal/flow-signal.controller.ts,flow-signal,FlowSignalModule,TRUE,AuthGuard BusinessGuard,2,,,FALSE
GET,/flow-signals/businesses/:businessId/role/:roleKey,/flow-signals/businesses/:param/role/:param,getRoleQueue,FlowSignalController,apps/server/src/modules/flow-signal/flow-signal.controller.ts,flow-signal,FlowSignalModule,TRUE,AuthGuard BusinessGuard,2,,,FALSE
POST,/flow-signals/businesses/:businessId/:id/resolve,/flow-signals/businesses/:param/:param/resolve,resolve,FlowSignalController,apps/server/src/modules/flow-signal/flow-signal.controller.ts,flow-signal,FlowSignalModule,TRUE,AuthGuard BusinessGuard,2,,,FALSE
POST,/flow-signals/businesses/:businessId/:id/action-required,/flow-signals/businesses/:param/:param/action-required,actionRequired,FlowSignalController,apps/server/src/modules/flow-signal/flow-signal.controller.ts,flow-signal,FlowSignalModule,TRUE,AuthGuard BusinessGuard,2,,,FALSE
POST,/flow-signals/businesses/:businessId/:id/snooze,/flow-signals/businesses/:param/:param/snooze,snooze,FlowSignalController,apps/server/src/modules/flow-signal/flow-signal.controller.ts,flow-signal,FlowSignalModule,TRUE,AuthGuard BusinessGuard,2,,,FALSE
GET,/api/flows/health,/api/flows/health,health,FlowController,apps/server/src/modules/flow/flow.controller.ts,flow,FlowModule,TRUE,,0,,,TRUE
GET,/api/flows/businesses/:businessId/cockpit,/api/flows/businesses/:param/cockpit,getCockpitSummary,FlowController,apps/server/src/modules/flow/flow.controller.ts,flow,FlowModule,TRUE,AuthGuard BusinessGuard,2,,,FALSE
GET,/api/flows/businesses/:businessId/activity,/api/flows/businesses/:param/activity,getActivityFeed,FlowController,apps/server/src/modules/flow/flow.controller.ts,flow,FlowModule,TRUE,AuthGuard BusinessGuard,2,,,FALSE
GET,/api/flows/businesses/:businessId/cross-module-workflows,/api/flows/businesses/:param/cross-module-workflows,listCrossModuleWorkflows,FlowController,apps/server/src/modules/flow/flow.controller.ts,flow,FlowModule,TRUE,AuthGuard BusinessGuard,2,,,FALSE
PATCH,/api/flows/businesses/:businessId/cross-module-workflows/:workflowKey,/api/flows/businesses/:param/cross-module-workflows/:param,updateCrossModuleWorkflow,FlowController,apps/server/src/modules/flow/flow.controller.ts,flow,FlowModule,TRUE,AuthGuard BusinessGuard,2,,,FALSE
GET,/api/flows/businesses/:businessId/search,/api/flows/businesses/:param/search,universalSearch,FlowController,apps/server/src/modules/flow/flow.controller.ts,flow,FlowModule,TRUE,AuthGuard BusinessGuard,2,,,FALSE
GET,/api/flows/businesses/:businessId/templates,/api/flows/businesses/:param/templates,listTemplates,FlowController,apps/server/src/modules/flow/flow.controller.ts,flow,FlowModule,TRUE,BusinessGuard ModuleScopeGuard,2,"automations,read",,FALSE
POST,/api/flows/businesses/:businessId/templates/:templateId/clone,/api/flows/businesses/:param/templates/:param/clone,cloneTemplate,FlowController,apps/server/src/modules/flow/flow.controller.ts,flow,FlowModule,TRUE,BusinessGuard ModuleScopeGuard,2,"automations,write",,FALSE
GET,/api/flows/businesses/:businessId/flows,/api/flows/businesses/:param/flows,listFlows,FlowController,apps/server/src/modules/flow/flow.controller.ts,flow,FlowModule,TRUE,BusinessGuard ModuleScopeGuard,2,"automations,read",,FALSE
POST,/api/flows/businesses/:businessId/flows,/api/flows/businesses/:param/flows,createFlow,FlowController,apps/server/src/modules/flow/flow.controller.ts,flow,FlowModule,TRUE,BusinessGuard ModuleScopeGuard,2,"automations,write",,FALSE
GET,/api/flows/businesses/:businessId/flows/:flowId,/api/flows/businesses/:param/flows/:param,getFlow,FlowController,apps/server/src/modules/flow/flow.controller.ts,flow,FlowModule,TRUE,BusinessGuard ModuleScopeGuard,2,"automations,read",,FALSE
GET,/api/flows/businesses/:businessId/flows/:flowId/versions,/api/flows/businesses/:param/flows/:param/versions,getFlowVersions,FlowController,apps/server/src/modules/flow/flow.controller.ts,flow,FlowModule,TRUE,BusinessGuard ModuleScopeGuard,2,"automations,read",,FALSE
PATCH,/api/flows/businesses/:businessId/flows/:flowId,/api/flows/businesses/:param/flows/:param,updateFlow,FlowController,apps/server/src/modules/flow/flow.controller.ts,flow,FlowModule,TRUE,BusinessGuard ModuleScopeGuard,2,"automations,write",,FALSE
POST,/api/flows/businesses/:businessId/flows/:flowId/publish,/api/flows/businesses/:param/flows/:param/publish,publishFlow,FlowController,apps/server/src/modules/flow/flow.controller.ts,flow,FlowModule,TRUE,BusinessGuard ModuleScopeGuard,2,"automations,write",,FALSE
POST,/api/flows/businesses/:businessId/flows/:flowId/test,/api/flows/businesses/:param/flows/:param/test,testFlow,FlowController,apps/server/src/modules/flow/flow.controller.ts,flow,FlowModule,TRUE,BusinessGuard ModuleScopeGuard,2,"automations,write",,FALSE
GET,/api/flows/businesses/:businessId/flows/:flowId/runs,/api/flows/businesses/:param/flows/:param/runs,listRuns,FlowController,apps/server/src/modules/flow/flow.controller.ts,flow,FlowModule,TRUE,BusinessGuard ModuleScopeGuard,2,"automations,read",,FALSE
GET,/api/flows/businesses/:businessId/flows/:flowId/runs/:runId/steps,/api/flows/businesses/:param/flows/:param/runs/:param/steps,getRunSteps,FlowController,apps/server/src/modules/flow/flow.controller.ts,flow,FlowModule,TRUE,BusinessGuard ModuleScopeGuard,2,"automations,read",,FALSE
DELETE,/api/flows/businesses/:businessId/flows/:flowId,/api/flows/businesses/:param/flows/:param,deleteFlow,FlowController,apps/server/src/modules/flow/flow.controller.ts,flow,FlowModule,TRUE,BusinessGuard ModuleScopeGuard,2,"automations,write",,FALSE
GET,/gamification/health,/gamification/health,health,GamificationController,apps/server/src/modules/gamification/gamification.controller.ts,gamification,GamificationModule,FALSE,,0,,,TRUE
GET,/gamification/businesses/:businessId/stats,/gamification/businesses/:param/stats,getStats,GamificationController,apps/server/src/modules/gamification/gamification.controller.ts,gamification,GamificationModule,FALSE,AuthGuard BusinessGuard,2,,,FALSE
POST,/gamification/businesses/:businessId/streak,/gamification/businesses/:param/streak,updateStreak,GamificationController,apps/server/src/modules/gamification/gamification.controller.ts,gamification,GamificationModule,FALSE,AuthGuard BusinessGuard,2,,,FALSE
GET,/drive/businesses/:businessId/auth-url,/drive/businesses/:param/auth-url,getAuthUrl,GoogleDriveController,apps/server/src/modules/google-drive/google-drive.controller.ts,google-drive,GoogleDriveModule,TRUE,AuthGuard BusinessGuard,2,,,FALSE
GET,/drive/callback,/drive/callback,handleCallback,GoogleDriveController,apps/server/src/modules/google-drive/google-drive.controller.ts,google-drive,GoogleDriveModule,TRUE,,0,,,TRUE
GET,/drive/businesses/:businessId/status,/drive/businesses/:param/status,getStatus,GoogleDriveController,apps/server/src/modules/google-drive/google-drive.controller.ts,google-drive,GoogleDriveModule,TRUE,AuthGuard BusinessGuard,2,,,FALSE
DELETE,/drive/businesses/:businessId/disconnect,/drive/businesses/:param/disconnect,disconnect,GoogleDriveController,apps/server/src/modules/google-drive/google-drive.controller.ts,google-drive,GoogleDriveModule,TRUE,AuthGuard BusinessGuard,2,,,FALSE
GET,/drive/businesses/:businessId/files,/drive/businesses/:param/files,listFiles,GoogleDriveController,apps/server/src/modules/google-drive/google-drive.controller.ts,google-drive,GoogleDriveModule,TRUE,AuthGuard BusinessGuard,2,,,FALSE
GET,/drive/businesses/:businessId/files/:fileId,/drive/businesses/:param/files/:param,getFile,GoogleDriveController,apps/server/src/modules/google-drive/google-drive.controller.ts,google-drive,GoogleDriveModule,TRUE,AuthGuard BusinessGuard,2,,,FALSE
PATCH,/drive/businesses/:businessId/files/:fileId/rename,/drive/businesses/:param/files/:param/rename,rename,GoogleDriveController,apps/server/src/modules/google-drive/google-drive.controller.ts,google-drive,GoogleDriveModule,TRUE,AuthGuard BusinessGuard,2,,,FALSE
PATCH,/drive/businesses/:businessId/files/:fileId/move,/drive/businesses/:param/files/:param/move,move,GoogleDriveController,apps/server/src/modules/google-drive/google-drive.controller.ts,google-drive,GoogleDriveModule,TRUE,AuthGuard BusinessGuard,2,,,FALSE
PATCH,/drive/businesses/:businessId/files/:fileId/trash,/drive/businesses/:param/files/:param/trash,trash,GoogleDriveController,apps/server/src/modules/google-drive/google-drive.controller.ts,google-drive,GoogleDriveModule,TRUE,AuthGuard BusinessGuard,2,,,FALSE
PATCH,/drive/businesses/:businessId/files/:fileId/untrash,/drive/businesses/:param/files/:param/untrash,untrash,GoogleDriveController,apps/server/src/modules/google-drive/google-drive.controller.ts,google-drive,GoogleDriveModule,TRUE,AuthGuard BusinessGuard,2,,,FALSE
DELETE,/drive/businesses/:businessId/files/:fileId,/drive/businesses/:param/files/:param,deleteFile,GoogleDriveController,apps/server/src/modules/google-drive/google-drive.controller.ts,google-drive,GoogleDriveModule,TRUE,AuthGuard BusinessGuard,2,,,FALSE
POST,/drive/businesses/:businessId/files/:fileId/share,/drive/businesses/:param/files/:param/share,share,GoogleDriveController,apps/server/src/modules/google-drive/google-drive.controller.ts,google-drive,GoogleDriveModule,TRUE,AuthGuard BusinessGuard,2,,,FALSE
POST,/drive/businesses/:businessId/docs,/drive/businesses/:param/docs,createDoc,GoogleDriveController,apps/server/src/modules/google-drive/google-drive.controller.ts,google-drive,GoogleDriveModule,TRUE,AuthGuard BusinessGuard,2,,,FALSE
POST,/drive/businesses/:businessId/sheets,/drive/businesses/:param/sheets,createSheet,GoogleDriveController,apps/server/src/modules/google-drive/google-drive.controller.ts,google-drive,GoogleDriveModule,TRUE,AuthGuard BusinessGuard,2,,,FALSE
POST,/drive/businesses/:businessId/folders,/drive/businesses/:param/folders,createFolder,GoogleDriveController,apps/server/src/modules/google-drive/google-drive.controller.ts,google-drive,GoogleDriveModule,TRUE,AuthGuard BusinessGuard,2,,,FALSE
GET,/drive/businesses/:businessId/files/:fileId/content,/drive/businesses/:param/files/:param/content,getFileContent,GoogleDriveController,apps/server/src/modules/google-drive/google-drive.controller.ts,google-drive,GoogleDriveModule,TRUE,AuthGuard BusinessGuard,2,,,FALSE
PATCH,/drive/businesses/:businessId/files/:fileId/content,/drive/businesses/:param/files/:param/content,updateFileContent,GoogleDriveController,apps/server/src/modules/google-drive/google-drive.controller.ts,google-drive,GoogleDriveModule,TRUE,AuthGuard BusinessGuard,2,,,FALSE
GET,/drive/businesses/:businessId/files/:fileId/embed-url,/drive/businesses/:param/files/:param/embed-url,getEmbedUrl,GoogleDriveController,apps/server/src/modules/google-drive/google-drive.controller.ts,google-drive,GoogleDriveModule,TRUE,AuthGuard BusinessGuard,2,,,FALSE
POST,/drive/businesses/:businessId/save-document,/drive/businesses/:param/save-document,saveDocument,GoogleDriveController,apps/server/src/modules/google-drive/google-drive.controller.ts,google-drive,GoogleDriveModule,TRUE,AuthGuard BusinessGuard,2,,,FALSE
POST,/drive/businesses/:businessId/export-html,/drive/businesses/:param/export-html,exportHtml,GoogleDriveController,apps/server/src/modules/google-drive/google-drive.controller.ts,google-drive,GoogleDriveModule,TRUE,AuthGuard BusinessGuard,2,,,FALSE
GET,/drive/businesses/:businessId/inventory-sheet/status,/drive/businesses/:param/inventory-sheet/status,getInventorySheetStatus,GoogleDriveController,apps/server/src/modules/google-drive/google-drive.controller.ts,google-drive,GoogleDriveModule,TRUE,AuthGuard BusinessGuard,2,,,FALSE
POST,/drive/businesses/:businessId/inventory-sheet/create,/drive/businesses/:param/inventory-sheet/create,createInventorySheet,GoogleDriveController,apps/server/src/modules/google-drive/google-drive.controller.ts,google-drive,GoogleDriveModule,TRUE,AuthGuard BusinessGuard,2,,,FALSE
POST,/drive/businesses/:businessId/inventory-sheet/link,/drive/businesses/:param/inventory-sheet/link,linkInventorySheet,GoogleDriveController,apps/server/src/modules/google-drive/google-drive.controller.ts,google-drive,GoogleDriveModule,TRUE,AuthGuard BusinessGuard,2,,,FALSE
DELETE,/drive/businesses/:businessId/inventory-sheet/unlink,/drive/businesses/:param/inventory-sheet/unlink,unlinkInventorySheet,GoogleDriveController,apps/server/src/modules/google-drive/google-drive.controller.ts,google-drive,GoogleDriveModule,TRUE,AuthGuard BusinessGuard,2,,,FALSE
POST,/drive/businesses/:businessId/inventory-sheet/push,/drive/businesses/:param/inventory-sheet/push,pushInventoryToSheet,GoogleDriveController,apps/server/src/modules/google-drive/google-drive.controller.ts,google-drive,GoogleDriveModule,TRUE,AuthGuard BusinessGuard,2,,,FALSE
GET,/drive/businesses/:businessId/inventory-sheet/pull,/drive/businesses/:param/inventory-sheet/pull,pullInventoryFromSheet,GoogleDriveController,apps/server/src/modules/google-drive/google-drive.controller.ts,google-drive,GoogleDriveModule,TRUE,AuthGuard BusinessGuard,2,,,FALSE
POST,/drive/businesses/:businessId/inventory-sheet/apply,/drive/businesses/:param/inventory-sheet/apply,applyPulledInventory,GoogleDriveController,apps/server/src/modules/google-drive/google-drive.controller.ts,google-drive,GoogleDriveModule,TRUE,AuthGuard BusinessGuard,2,,,FALSE
GET,/drive/businesses/:businessId/inventory-sheet/diff,/drive/businesses/:param/inventory-sheet/diff,generateInventorySheetDiff,GoogleDriveController,apps/server/src/modules/google-drive/google-drive.controller.ts,google-drive,GoogleDriveModule,TRUE,AuthGuard BusinessGuard,2,,,FALSE
POST,/drive/businesses/:businessId/generated-documents,/drive/businesses/:param/generated-documents,uploadGeneratedDocument,GoogleDriveController,apps/server/src/modules/google-drive/google-drive.controller.ts,google-drive,GoogleDriveModule,TRUE,AuthGuard BusinessGuard,2,,,FALSE
GET,/drive/businesses/:businessId/generated-documents,/drive/businesses/:param/generated-documents,listGeneratedDocuments,GoogleDriveController,apps/server/src/modules/google-drive/google-drive.controller.ts,google-drive,GoogleDriveModule,TRUE,AuthGuard BusinessGuard,2,,,FALSE
POST,/drive/businesses/:businessId/email-content,/drive/businesses/:param/email-content,emailContent,GoogleDriveController,apps/server/src/modules/google-drive/google-drive.controller.ts,google-drive,GoogleDriveModule,TRUE,AuthGuard BusinessGuard,2,,,FALSE
POST,/governance/businesses/:businessId/risks,/governance/businesses/:param/risks,createRisk,GovernanceController,apps/server/src/modules/governance/governance.controller.ts,governance,GovernanceModule,TRUE,AuthGuard BusinessGuard,2,,,FALSE
GET,/governance/businesses/:businessId/risks,/governance/businesses/:param/risks,listRisks,GovernanceController,apps/server/src/modules/governance/governance.controller.ts,governance,GovernanceModule,TRUE,AuthGuard BusinessGuard,2,,,FALSE
GET,/governance/businesses/:businessId/risks/:id,/governance/businesses/:param/risks/:param,getRisk,GovernanceController,apps/server/src/modules/governance/governance.controller.ts,governance,GovernanceModule,TRUE,AuthGuard BusinessGuard,2,,,FALSE
PATCH,/governance/businesses/:businessId/risks/:id,/governance/businesses/:param/risks/:param,updateRisk,GovernanceController,apps/server/src/modules/governance/governance.controller.ts,governance,GovernanceModule,TRUE,AuthGuard BusinessGuard,2,,,FALSE
DELETE,/governance/businesses/:businessId/risks/:id,/governance/businesses/:param/risks/:param,deleteRisk,GovernanceController,apps/server/src/modules/governance/governance.controller.ts,governance,GovernanceModule,TRUE,AuthGuard BusinessGuard,2,,,FALSE
GET,/governance/businesses/:businessId/summary,/governance/businesses/:param/summary,summary,GovernanceController,apps/server/src/modules/governance/governance.controller.ts,governance,GovernanceModule,TRUE,AuthGuard BusinessGuard,2,,,FALSE
GET,/growth-intelligence/businesses/:businessId/dashboard,/growth-intelligence/businesses/:param/dashboard,getDashboard,GrowthIntelligenceController,apps/server/src/modules/growth-intelligence/growth-intelligence.controller.ts,growth-intelligence,GrowthIntelligenceModule,TRUE,AuthGuard BusinessGuard,2,,,FALSE
GET,/growth-intelligence/businesses/:businessId/journeys,/growth-intelligence/businesses/:param/journeys,listJourneys,GrowthIntelligenceController,apps/server/src/modules/growth-intelligence/growth-intelligence.controller.ts,growth-intelligence,GrowthIntelligenceModule,TRUE,AuthGuard BusinessGuard,2,,,FALSE
GET,/growth-intelligence/businesses/:businessId/journeys/:contactId,/growth-intelligence/businesses/:param/journeys/:param,getJourney,GrowthIntelligenceController,apps/server/src/modules/growth-intelligence/growth-intelligence.controller.ts,growth-intelligence,GrowthIntelligenceModule,TRUE,AuthGuard BusinessGuard,2,,,FALSE
POST,/growth-intelligence/businesses/:businessId/journeys/backfill,/growth-intelligence/businesses/:param/journeys/backfill,backfill,GrowthIntelligenceController,apps/server/src/modules/growth-intelligence/growth-intelligence.controller.ts,growth-intelligence,GrowthIntelligenceModule,TRUE,AuthGuard BusinessGuard,2,,,FALSE
GET,/growth-intelligence/businesses/:businessId/attribution,/growth-intelligence/businesses/:param/attribution,getAttribution,GrowthIntelligenceController,apps/server/src/modules/growth-intelligence/growth-intelligence.controller.ts,growth-intelligence,GrowthIntelligenceModule,TRUE,AuthGuard BusinessGuard,2,,,FALSE
POST,/growth-intelligence/businesses/:businessId/attribution/recompute,/growth-intelligence/businesses/:param/attribution/recompute,recomputeAttribution,GrowthIntelligenceController,apps/server/src/modules/growth-intelligence/growth-intelligence.controller.ts,growth-intelligence,GrowthIntelligenceModule,TRUE,AuthGuard BusinessGuard,2,,,FALSE
GET,/growth-intelligence/businesses/:businessId/insights,/growth-intelligence/businesses/:param/insights,listInsights,GrowthIntelligenceController,apps/server/src/modules/growth-intelligence/growth-intelligence.controller.ts,growth-intelligence,GrowthIntelligenceModule,TRUE,AuthGuard BusinessGuard,2,,,FALSE
POST,/growth-intelligence/businesses/:businessId/insights/regenerate,/growth-intelligence/businesses/:param/insights/regenerate,regenerate,GrowthIntelligenceController,apps/server/src/modules/growth-intelligence/growth-intelligence.controller.ts,growth-intelligence,GrowthIntelligenceModule,TRUE,AuthGuard BusinessGuard,2,,,FALSE
POST,/growth-intelligence/businesses/:businessId/insights/:insightId/status,/growth-intelligence/businesses/:param/insights/:param/status,updateInsight,GrowthIntelligenceController,apps/server/src/modules/growth-intelligence/growth-intelligence.controller.ts,growth-intelligence,GrowthIntelligenceModule,TRUE,AuthGuard BusinessGuard,2,,,FALSE
GET,/helpdesk/businesses/:businessId/tickets,/helpdesk/businesses/:param/tickets,listTickets,HelpdeskController,apps/server/src/modules/helpdesk/helpdesk.controller.ts,helpdesk,HelpdeskModule,TRUE,AuthGuard BusinessGuard,2,,,FALSE
GET,/helpdesk/businesses/:businessId/tickets/:ticketId,/helpdesk/businesses/:param/tickets/:param,getTicket,HelpdeskController,apps/server/src/modules/helpdesk/helpdesk.controller.ts,helpdesk,HelpdeskModule,TRUE,AuthGuard BusinessGuard,2,,,FALSE
POST,/helpdesk/businesses/:businessId/tickets,/helpdesk/businesses/:param/tickets,createTicket,HelpdeskController,apps/server/src/modules/helpdesk/helpdesk.controller.ts,helpdesk,HelpdeskModule,TRUE,AuthGuard BusinessGuard,2,,,FALSE
PATCH,/helpdesk/businesses/:businessId/tickets/:ticketId,/helpdesk/businesses/:param/tickets/:param,updateTicket,HelpdeskController,apps/server/src/modules/helpdesk/helpdesk.controller.ts,helpdesk,HelpdeskModule,TRUE,AuthGuard BusinessGuard,2,,,FALSE
DELETE,/helpdesk/businesses/:businessId/tickets/:ticketId,/helpdesk/businesses/:param/tickets/:param,deleteTicket,HelpdeskController,apps/server/src/modules/helpdesk/helpdesk.controller.ts,helpdesk,HelpdeskModule,TRUE,AuthGuard BusinessGuard,2,,,FALSE
GET,/identity/admin/auth-audit,/identity/admin/auth-audit,getAuthAudit,IdentityController,apps/server/src/modules/identity/identity.controller.ts,identity,IdentityModule,TRUE,AuthGuard,1,,,FALSE
POST,/identity/signup,/identity/signup,signup,IdentityController,apps/server/src/modules/identity/identity.controller.ts,identity,IdentityModule,TRUE,,0,,,TRUE
POST,/identity/login,/identity/login,login,IdentityController,apps/server/src/modules/identity/identity.controller.ts,identity,IdentityModule,TRUE,,0,,,TRUE
POST,/identity/resend-verification,/identity/resend-verification,resendVerification,IdentityController,apps/server/src/modules/identity/identity.controller.ts,identity,IdentityModule,TRUE,,0,,,TRUE
POST,/identity/change-password,/identity/change-password,changePassword,IdentityController,apps/server/src/modules/identity/identity.controller.ts,identity,IdentityModule,TRUE,AuthGuard,1,,,FALSE
POST,/identity/refresh,/identity/refresh,refresh,IdentityController,apps/server/src/modules/identity/identity.controller.ts,identity,IdentityModule,TRUE,,0,,,TRUE
POST,/identity/forgot-password,/identity/forgot-password,forgotPassword,IdentityController,apps/server/src/modules/identity/identity.controller.ts,identity,IdentityModule,TRUE,,0,,,TRUE
POST,/identity/reset-password,/identity/reset-password,resetPassword,IdentityController,apps/server/src/modules/identity/identity.controller.ts,identity,IdentityModule,TRUE,,0,,,TRUE
POST,/identity/logout,/identity/logout,logout,IdentityController,apps/server/src/modules/identity/identity.controller.ts,identity,IdentityModule,TRUE,AuthGuard,1,,,FALSE
GET,/identity/me,/identity/me,getMe,IdentityController,apps/server/src/modules/identity/identity.controller.ts,identity,IdentityModule,TRUE,AuthGuard,1,,,FALSE
PATCH,/identity/me,/identity/me,updateMe,IdentityController,apps/server/src/modules/identity/identity.controller.ts,identity,IdentityModule,TRUE,AuthGuard,1,,,FALSE
GET,/identity/businesses,/identity/businesses,listBusinesses,IdentityController,apps/server/src/modules/identity/identity.controller.ts,identity,IdentityModule,TRUE,AuthGuard,1,,,FALSE
GET,/identity/businesses/:businessId,/identity/businesses/:param,getBusiness,IdentityController,apps/server/src/modules/identity/identity.controller.ts,identity,IdentityModule,TRUE,AuthGuard BusinessGuard,2,,,FALSE
GET,/identity/businesses/slug/:slug,/identity/businesses/slug/:param,getBusinessBySlug,IdentityController,apps/server/src/modules/identity/identity.controller.ts,identity,IdentityModule,TRUE,,0,,TRUE,FALSE
GET,/identity/businesses/slug-check/:slug,/identity/businesses/slug-check/:param,checkSlugAvailability,IdentityController,apps/server/src/modules/identity/identity.controller.ts,identity,IdentityModule,TRUE,OptionalAuthGuard,1,,,FALSE
GET,/identity/check-username,/identity/check-username,checkUsernameAvailability,IdentityController,apps/server/src/modules/identity/identity.controller.ts,identity,IdentityModule,TRUE,,0,,,TRUE
GET,/identity/businesses/public/:businessId,/identity/businesses/public/:param,getPublicBusiness,IdentityController,apps/server/src/modules/identity/identity.controller.ts,identity,IdentityModule,TRUE,,0,,TRUE,FALSE
POST,/identity/businesses,/identity/businesses,createBusiness,IdentityController,apps/server/src/modules/identity/identity.controller.ts,identity,IdentityModule,TRUE,AuthGuard,1,,,FALSE
PATCH,/identity/businesses/:businessId,/identity/businesses/:param,updateBusiness,IdentityController,apps/server/src/modules/identity/identity.controller.ts,identity,IdentityModule,TRUE,AuthGuard BusinessGuard,2,,,FALSE
POST,/identity/businesses/:businessId/ai-generate-field,/identity/businesses/:param/ai-generate-field,generateField,IdentityController,apps/server/src/modules/identity/identity.controller.ts,identity,IdentityModule,TRUE,AuthGuard BusinessGuard,2,,,FALSE
GET,/identity/businesses/:businessId/ai-context,/identity/businesses/:param/ai-context,getBusinessContext,IdentityController,apps/server/src/modules/identity/identity.controller.ts,identity,IdentityModule,TRUE,AuthGuard BusinessGuard,2,,,FALSE
POST,/identity/businesses/:businessId/generate-profile,/identity/businesses/:param/generate-profile,generateProfile,IdentityController,apps/server/src/modules/identity/identity.controller.ts,identity,IdentityModule,TRUE,AuthGuard BusinessGuard,2,,,FALSE
GET,/identity/businesses/:businessId/document-guidance,/identity/businesses/:param/document-guidance,getDocumentGuidance,IdentityController,apps/server/src/modules/identity/identity.controller.ts,identity,IdentityModule,TRUE,AuthGuard BusinessGuard,2,,,FALSE
GET,/identity/businesses/community-profile/:businessId,/identity/businesses/community-profile/:param,getCommunityProfile,IdentityController,apps/server/src/modules/identity/identity.controller.ts,identity,IdentityModule,TRUE,,0,,,TRUE
GET,/identity/profile-completeness-fields,/identity/profile-completeness-fields,getProfileCompletenessFields,IdentityController,apps/server/src/modules/identity/identity.controller.ts,identity,IdentityModule,TRUE,,0,,,TRUE
GET,/identity/completeness-tiers,/identity/completeness-tiers,getCompletenessTiers,IdentityController,apps/server/src/modules/identity/identity.controller.ts,identity,IdentityModule,TRUE,,0,,,TRUE
GET,/identity/businesses/:businessId/tiered-completeness,/identity/businesses/:param/tiered-completeness,getTieredCompleteness,IdentityController,apps/server/src/modules/identity/identity.controller.ts,identity,IdentityModule,TRUE,AuthGuard BusinessGuard,2,,,FALSE
GET,/identity/businesses/:businessId/progressive-prompts,/identity/businesses/:param/progressive-prompts,getProgressivePrompts,IdentityController,apps/server/src/modules/identity/identity.controller.ts,identity,IdentityModule,TRUE,AuthGuard BusinessGuard,2,,,FALSE
GET,/identity/businesses/:businessId/guidance/:subProfile,/identity/businesses/:param/guidance/:param,getGuidanceSubProfile,IdentityController,apps/server/src/modules/identity/identity.controller.ts,identity,IdentityModule,TRUE,AuthGuard BusinessGuard,2,,,FALSE
PATCH,/identity/businesses/:businessId/guidance/:subProfile,/identity/businesses/:param/guidance/:param,upsertGuidanceSubProfile,IdentityController,apps/server/src/modules/identity/identity.controller.ts,identity,IdentityModule,TRUE,AuthGuard BusinessGuard,2,,,FALSE
GET,/identity/businesses/:businessId/team,/identity/businesses/:param/team,listTeamMembers,IdentityController,apps/server/src/modules/identity/identity.controller.ts,identity,IdentityModule,TRUE,AuthGuard BusinessGuard ModuleScopeGuard,3,"team,read",,FALSE
POST,/identity/businesses/:businessId/team,/identity/businesses/:param/team,inviteTeamMember,IdentityController,apps/server/src/modules/identity/identity.controller.ts,identity,IdentityModule,TRUE,AuthGuard BusinessGuard ModuleScopeGuard,3,"team,write",,FALSE
PATCH,/identity/businesses/:businessId/team/:membershipId,/identity/businesses/:param/team/:param,updateMemberRole,IdentityController,apps/server/src/modules/identity/identity.controller.ts,identity,IdentityModule,TRUE,AuthGuard BusinessGuard ModuleScopeGuard,3,"team,write",,FALSE
PATCH,/identity/businesses/:businessId/team/:membershipId/permissions,/identity/businesses/:param/team/:param/permissions,updateMemberPermissions,IdentityController,apps/server/src/modules/identity/identity.controller.ts,identity,IdentityModule,TRUE,AuthGuard BusinessGuard ModuleScopeGuard,3,"team,admin",,FALSE
DELETE,/identity/businesses/:businessId/team/:membershipId,/identity/businesses/:param/team/:param,removeTeamMember,IdentityController,apps/server/src/modules/identity/identity.controller.ts,identity,IdentityModule,TRUE,AuthGuard BusinessGuard ModuleScopeGuard,3,"team,write",,FALSE
GET,/identity/businesses/:businessId/team/dashboard,/identity/businesses/:param/team/dashboard,getTeamDashboard,IdentityController,apps/server/src/modules/identity/identity.controller.ts,identity,IdentityModule,TRUE,AuthGuard BusinessGuard ModuleScopeGuard,3,"team,read",,FALSE
GET,/identity/businesses/:businessId/team/activity,/identity/businesses/:param/team/activity,getTeamActivity,IdentityController,apps/server/src/modules/identity/identity.controller.ts,identity,IdentityModule,TRUE,AuthGuard BusinessGuard ModuleScopeGuard,3,"team,read",,FALSE
POST,/identity/bootstrap,/identity/bootstrap,bootstrap,IdentityController,apps/server/src/modules/identity/identity.controller.ts,identity,IdentityModule,TRUE,AuthGuard,1,,,FALSE
GET,/identity/referral,/identity/referral,getReferral,IdentityController,apps/server/src/modules/identity/identity.controller.ts,identity,IdentityModule,TRUE,AuthGuard,1,,,FALSE
GET,/data-inbox/businesses/:businessId/items,/data-inbox/businesses/:param/items,listItems,DataInboxController,apps/server/src/modules/ingestion/data-inbox.controller.ts,ingestion,IngestionModule,TRUE,AuthGuard BusinessGuard ModuleScopeGuard,3,operations,,FALSE
GET,/data-inbox/businesses/:businessId/items/:itemId,/data-inbox/businesses/:param/items/:param,getItem,DataInboxController,apps/server/src/modules/ingestion/data-inbox.controller.ts,ingestion,IngestionModule,TRUE,AuthGuard BusinessGuard ModuleScopeGuard,3,operations,,FALSE
POST,/data-inbox/businesses/:businessId/items/:itemId/approve,/data-inbox/businesses/:param/items/:param/approve,approve,DataInboxController,apps/server/src/modules/ingestion/data-inbox.controller.ts,ingestion,IngestionModule,TRUE,AuthGuard BusinessGuard ModuleScopeGuard,3,"operations,write",,FALSE
POST,/data-inbox/businesses/:businessId/items/:itemId/reject,/data-inbox/businesses/:param/items/:param/reject,reject,DataInboxController,apps/server/src/modules/ingestion/data-inbox.controller.ts,ingestion,IngestionModule,TRUE,AuthGuard BusinessGuard ModuleScopeGuard,3,"operations,write",,FALSE
POST,/data-inbox/businesses/:businessId/items/:itemId/correct,/data-inbox/businesses/:param/items/:param/correct,correct,DataInboxController,apps/server/src/modules/ingestion/data-inbox.controller.ts,ingestion,IngestionModule,TRUE,AuthGuard BusinessGuard ModuleScopeGuard,3,"operations,write",,FALSE
GET,/integration-hub/businesses/:businessId/providers,/integration-hub/businesses/:param/providers,listProviders,IntegrationHubController,apps/server/src/modules/integration-hub/integration-hub.controller.ts,integration-hub,IntegrationHubModule,TRUE,AuthGuard BusinessGuard ModuleScopeGuard,3,"connect,read",,FALSE
POST,/integration-hub/businesses/:businessId/providers/seed,/integration-hub/businesses/:param/providers/seed,seedProviders,IntegrationHubController,apps/server/src/modules/integration-hub/integration-hub.controller.ts,integration-hub,IntegrationHubModule,TRUE,AuthGuard BusinessGuard ModuleScopeGuard,3,"connect,write",,FALSE
GET,/integration-hub/businesses/:businessId/dashboard,/integration-hub/businesses/:param/dashboard,getDashboard,IntegrationHubController,apps/server/src/modules/integration-hub/integration-hub.controller.ts,integration-hub,IntegrationHubModule,TRUE,AuthGuard BusinessGuard ModuleScopeGuard,3,"connect,read",,FALSE
POST,/integration-hub/businesses/:businessId/connections/:providerKey,/integration-hub/businesses/:param/connections/:param,connect,IntegrationHubController,apps/server/src/modules/integration-hub/integration-hub.controller.ts,integration-hub,IntegrationHubModule,TRUE,AuthGuard BusinessGuard ModuleScopeGuard,3,"connect,write",,FALSE
DELETE,/integration-hub/businesses/:businessId/connections/:providerKey,/integration-hub/businesses/:param/connections/:param,disconnect,IntegrationHubController,apps/server/src/modules/integration-hub/integration-hub.controller.ts,integration-hub,IntegrationHubModule,TRUE,AuthGuard BusinessGuard ModuleScopeGuard,3,"connect,write",,FALSE
GET,/integration-hub/businesses/:businessId/sync-runs,/integration-hub/businesses/:param/sync-runs,listSyncRuns,IntegrationHubController,apps/server/src/modules/integration-hub/integration-hub.controller.ts,integration-hub,IntegrationHubModule,TRUE,AuthGuard BusinessGuard ModuleScopeGuard,3,"connect,read",,FALSE
POST,/integration-hub/businesses/:businessId/sync-runs/:providerKey,/integration-hub/businesses/:param/sync-runs/:param,recordSync,IntegrationHubController,apps/server/src/modules/integration-hub/integration-hub.controller.ts,integration-hub,IntegrationHubModule,TRUE,AuthGuard BusinessGuard ModuleScopeGuard,3,"connect,write",,FALSE
GET,/intelligence/businesses/:businessId/executive-brief,/intelligence/businesses/:param/executive-brief,executiveBrief,BusinessIntelligenceController,apps/server/src/modules/intelligence/business-intelligence.controller.ts,intelligence,IntelligenceModule,TRUE,AuthGuard BusinessGuard ModuleScopeGuard,3,,,FALSE
GET,/intelligence/businesses/:businessId/rules,/intelligence/businesses/:param/rules,listRules,IntelligenceController,apps/server/src/modules/intelligence/intelligence.controller.ts,intelligence,IntelligenceModule,TRUE,AuthGuard BusinessGuard ModuleScopeGuard,3,"settings,read",,FALSE
POST,/intelligence/businesses/:businessId/rules,/intelligence/businesses/:param/rules,createRule,IntelligenceController,apps/server/src/modules/intelligence/intelligence.controller.ts,intelligence,IntelligenceModule,TRUE,AuthGuard BusinessGuard ModuleScopeGuard,3,"settings,write",,FALSE
PATCH,/intelligence/businesses/:businessId/rules/:id,/intelligence/businesses/:param/rules/:param,updateRule,IntelligenceController,apps/server/src/modules/intelligence/intelligence.controller.ts,intelligence,IntelligenceModule,TRUE,AuthGuard BusinessGuard ModuleScopeGuard,3,"settings,write",,FALSE
DELETE,/intelligence/businesses/:businessId/rules/:id,/intelligence/businesses/:param/rules/:param,deleteRule,IntelligenceController,apps/server/src/modules/intelligence/intelligence.controller.ts,intelligence,IntelligenceModule,TRUE,AuthGuard BusinessGuard ModuleScopeGuard,3,"settings,write",,FALSE
POST,/intelligence/businesses/:businessId/rules/seed,/intelligence/businesses/:param/rules/seed,seedRules,IntelligenceController,apps/server/src/modules/intelligence/intelligence.controller.ts,intelligence,IntelligenceModule,TRUE,AuthGuard BusinessGuard ModuleScopeGuard,3,"settings,write",,FALSE
GET,/intelligence/businesses/:businessId/signals,/intelligence/businesses/:param/signals,listSignals,IntelligenceController,apps/server/src/modules/intelligence/intelligence.controller.ts,intelligence,IntelligenceModule,TRUE,AuthGuard BusinessGuard ModuleScopeGuard,3,"settings,read",,FALSE
POST,/intelligence/businesses/:businessId/signals/:id/resolve,/intelligence/businesses/:param/signals/:param/resolve,resolveSignal,IntelligenceController,apps/server/src/modules/intelligence/intelligence.controller.ts,intelligence,IntelligenceModule,TRUE,AuthGuard BusinessGuard ModuleScopeGuard,3,"settings,write",,FALSE
POST,/intelligence/businesses/:businessId/signals/:id/dismiss,/intelligence/businesses/:param/signals/:param/dismiss,dismissSignal,IntelligenceController,apps/server/src/modules/intelligence/intelligence.controller.ts,intelligence,IntelligenceModule,TRUE,AuthGuard BusinessGuard ModuleScopeGuard,3,"settings,write",,FALSE
GET,/intelligence/businesses/:businessId/health,/intelligence/businesses/:param/health,getHealth,IntelligenceController,apps/server/src/modules/intelligence/intelligence.controller.ts,intelligence,IntelligenceModule,TRUE,AuthGuard BusinessGuard ModuleScopeGuard,3,"settings,read",,FALSE
POST,/intelligence/businesses/:businessId/health/refresh,/intelligence/businesses/:param/health/refresh,refreshHealth,IntelligenceController,apps/server/src/modules/intelligence/intelligence.controller.ts,intelligence,IntelligenceModule,TRUE,AuthGuard BusinessGuard ModuleScopeGuard,3,"settings,write",,FALSE
GET,/intelligence/businesses/:businessId/entities/resolve,/intelligence/businesses/:param/entities/resolve,resolveEntities,IntelligenceController,apps/server/src/modules/intelligence/intelligence.controller.ts,intelligence,IntelligenceModule,TRUE,AuthGuard BusinessGuard ModuleScopeGuard,3,"settings,read",,FALSE
POST,/intelligence/businesses/:businessId/entities/resolve-many,/intelligence/businesses/:param/entities/resolve-many,resolveEntitiesMany,IntelligenceController,apps/server/src/modules/intelligence/intelligence.controller.ts,intelligence,IntelligenceModule,TRUE,AuthGuard BusinessGuard ModuleScopeGuard,3,"settings,read",,FALSE
POST,/intelligence/businesses/:businessId/scan,/intelligence/businesses/:param/scan,runScan,IntelligenceController,apps/server/src/modules/intelligence/intelligence.controller.ts,intelligence,IntelligenceModule,TRUE,AuthGuard BusinessGuard ModuleScopeGuard,3,"settings,write",,FALSE
GET,/intelligence/businesses/:businessId/key-modes,/intelligence/businesses/:param/key-modes,listModes,KeyExecutiveModeController,apps/server/src/modules/intelligence/key-executive-mode.controller.ts,intelligence,IntelligenceModule,TRUE,AuthGuard BusinessGuard ModuleScopeGuard,3,,,FALSE
GET,/intelligence/businesses/:businessId/key-modes/:mode,/intelligence/businesses/:param/key-modes/:param,modeBrief,KeyExecutiveModeController,apps/server/src/modules/intelligence/key-executive-mode.controller.ts,intelligence,IntelligenceModule,TRUE,AuthGuard BusinessGuard ModuleScopeGuard,3,,,FALSE
GET,/key-autonomy/businesses/:businessId/actions/proposals,/key-autonomy/businesses/:param/actions/proposals,list,KeyActionProposalController,apps/server/src/modules/key-autonomy/key-action-proposal.controller.ts,key-autonomy,KeyAutonomyModule,TRUE,AuthGuard BusinessGuard ModuleScopeGuard,3,,,FALSE
POST,/key-autonomy/businesses/:businessId/actions/proposals,/key-autonomy/businesses/:param/actions/proposals,create,KeyActionProposalController,apps/server/src/modules/key-autonomy/key-action-proposal.controller.ts,key-autonomy,KeyAutonomyModule,TRUE,AuthGuard BusinessGuard ModuleScopeGuard,3,,,FALSE
GET,/key-autonomy/businesses/:businessId/actions/proposals/:proposalId,/key-autonomy/businesses/:param/actions/proposals/:param,get,KeyActionProposalController,apps/server/src/modules/key-autonomy/key-action-proposal.controller.ts,key-autonomy,KeyAutonomyModule,TRUE,AuthGuard BusinessGuard ModuleScopeGuard,3,,,FALSE
POST,/key-autonomy/businesses/:businessId/actions/proposals/:proposalId/approve,/key-autonomy/businesses/:param/actions/proposals/:param/approve,approve,KeyActionProposalController,apps/server/src/modules/key-autonomy/key-action-proposal.controller.ts,key-autonomy,KeyAutonomyModule,TRUE,AuthGuard BusinessGuard ModuleScopeGuard,3,,,FALSE
POST,/key-autonomy/businesses/:businessId/actions/proposals/:proposalId/reject,/key-autonomy/businesses/:param/actions/proposals/:param/reject,reject,KeyActionProposalController,apps/server/src/modules/key-autonomy/key-action-proposal.controller.ts,key-autonomy,KeyAutonomyModule,TRUE,AuthGuard BusinessGuard ModuleScopeGuard,3,,,FALSE
POST,/key-autonomy/businesses/:businessId/actions/proposals/:proposalId/cancel,/key-autonomy/businesses/:param/actions/proposals/:param/cancel,cancel,KeyActionProposalController,apps/server/src/modules/key-autonomy/key-action-proposal.controller.ts,key-autonomy,KeyAutonomyModule,TRUE,AuthGuard BusinessGuard ModuleScopeGuard,3,,,FALSE
POST,/key-autonomy/businesses/:businessId/actions/proposals/:proposalId/execute,/key-autonomy/businesses/:param/actions/proposals/:param/execute,execute,KeyActionProposalController,apps/server/src/modules/key-autonomy/key-action-proposal.controller.ts,key-autonomy,KeyAutonomyModule,TRUE,AuthGuard BusinessGuard ModuleScopeGuard,3,,,FALSE
GET,/business-genome/businesses/:businessId/key-genome/recommendations/:recommendationId/action-preview,/business-genome/businesses/:param/key-genome/recommendations/:param/action-preview,previewRecommendationAction,KeyGenomeBridgeController,apps/server/src/modules/key-autonomy/key-genome-bridge.controller.ts,key-autonomy,KeyAutonomyModule,TRUE,AuthGuard BusinessGuard,2,,,FALSE
POST,/business-genome/businesses/:businessId/key-genome/recommendations/:recommendationId/bridge-action,/business-genome/businesses/:param/key-genome/recommendations/:param/bridge-action,bridgeRecommendationAction,KeyGenomeBridgeController,apps/server/src/modules/key-autonomy/key-genome-bridge.controller.ts,key-autonomy,KeyAutonomyModule,TRUE,AuthGuard BusinessGuard,2,,,FALSE
GET,/key-connector/providers,/key-connector/providers,getProviders,KeyConnectorController,apps/server/src/modules/key-connector/key-connector.controller.ts,key-connector,KeyConnectorModule,TRUE,AuthGuard BusinessGuard,2,,,FALSE
GET,/key-connector/providers/:key,/key-connector/providers/:param,getProviderDetail,KeyConnectorController,apps/server/src/modules/key-connector/key-connector.controller.ts,key-connector,KeyConnectorModule,TRUE,AuthGuard BusinessGuard,2,,,FALSE
POST,/key-connector/providers/:key/connect,/key-connector/providers/:param/connect,connectProvider,KeyConnectorController,apps/server/src/modules/key-connector/key-connector.controller.ts,key-connector,KeyConnectorModule,TRUE,AuthGuard BusinessGuard,2,,,FALSE
DELETE,/key-connector/connections/:id,/key-connector/connections/:param,disconnectProvider,KeyConnectorController,apps/server/src/modules/key-connector/key-connector.controller.ts,key-connector,KeyConnectorModule,TRUE,AuthGuard BusinessGuard,2,,,FALSE
GET,/key-connector/connections,/key-connector/connections,getConnections,KeyConnectorController,apps/server/src/modules/key-connector/key-connector.controller.ts,key-connector,KeyConnectorModule,TRUE,AuthGuard BusinessGuard,2,,,FALSE
GET,/key-connector/health,/key-connector/health,getHealth,KeyConnectorController,apps/server/src/modules/key-connector/key-connector.controller.ts,key-connector,KeyConnectorModule,TRUE,AuthGuard BusinessGuard,2,,,FALSE
POST,/key-connector/sync/:id/trigger,/key-connector/sync/:param/trigger,triggerSync,KeyConnectorController,apps/server/src/modules/key-connector/key-connector.controller.ts,key-connector,KeyConnectorModule,TRUE,AuthGuard BusinessGuard,2,,,FALSE
GET,/key-connector/sync,/key-connector/sync,getSyncHistory,KeyConnectorController,apps/server/src/modules/key-connector/key-connector.controller.ts,key-connector,KeyConnectorModule,TRUE,AuthGuard BusinessGuard,2,,,FALSE
POST,/key-connector/ai/command,/key-connector/ai/command,executeAiCommand,KeyConnectorController,apps/server/src/modules/key-connector/key-connector.controller.ts,key-connector,KeyConnectorModule,TRUE,AuthGuard BusinessGuard,2,,,FALSE
GET,/key-connector/audit,/key-connector/audit,getAuditLog,KeyConnectorController,apps/server/src/modules/key-connector/key-connector.controller.ts,key-connector,KeyConnectorModule,TRUE,AuthGuard BusinessGuard,2,,,FALSE
GET,/api/v1/cortex/eval/suites,/api/v1/cortex/eval/suites,evalSuiteNames,KeyCortexAuditController,apps/server/src/modules/key-cortex/key-cortex-audit.controller.ts,key-cortex,KeyCortexModule,TRUE,AuthGuard BusinessGuard,2,,,FALSE
POST,/api/v1/cortex/eval/run,/api/v1/cortex/eval/run,runEval,KeyCortexAuditController,apps/server/src/modules/key-cortex/key-cortex-audit.controller.ts,key-cortex,KeyCortexModule,TRUE,AuthGuard BusinessGuard,2,,,FALSE
GET,/api/v1/cortex/audit/decisions,/api/v1/cortex/audit/decisions,auditDecisions,KeyCortexAuditController,apps/server/src/modules/key-cortex/key-cortex-audit.controller.ts,key-cortex,KeyCortexModule,TRUE,AuthGuard BusinessGuard,2,,,FALSE
GET,/api/v1/cortex/audit/values,/api/v1/cortex/audit/values,auditValues,KeyCortexAuditController,apps/server/src/modules/key-cortex/key-cortex-audit.controller.ts,key-cortex,KeyCortexModule,TRUE,AuthGuard BusinessGuard,2,,,FALSE
GET,/api/v1/cortex/audit/assessment,/api/v1/cortex/audit/assessment,auditAssessment,KeyCortexAuditController,apps/server/src/modules/key-cortex/key-cortex-audit.controller.ts,key-cortex,KeyCortexModule,TRUE,AuthGuard BusinessGuard,2,,,FALSE
GET,/api/v1/cortex/audit/acceptance,/api/v1/cortex/audit/acceptance,auditAcceptance,KeyCortexAuditController,apps/server/src/modules/key-cortex/key-cortex-audit.controller.ts,key-cortex,KeyCortexModule,TRUE,AuthGuard BusinessGuard,2,,,FALSE
POST,/api/v1/cortex/goals,/api/v1/cortex/goals,createGoal,KeyCortexGoalsController,apps/server/src/modules/key-cortex/key-cortex-goals.controller.ts,key-cortex,KeyCortexModule,TRUE,AuthGuard BusinessGuard,2,,,FALSE
GET,/api/v1/cortex/goals,/api/v1/cortex/goals,listGoals,KeyCortexGoalsController,apps/server/src/modules/key-cortex/key-cortex-goals.controller.ts,key-cortex,KeyCortexModule,TRUE,AuthGuard BusinessGuard,2,,,FALSE
GET,/api/v1/cortex/goals/:goalId,/api/v1/cortex/goals/:param,getGoal,KeyCortexGoalsController,apps/server/src/modules/key-cortex/key-cortex-goals.controller.ts,key-cortex,KeyCortexModule,TRUE,AuthGuard BusinessGuard,2,,,FALSE
POST,/api/v1/cortex/goals/:goalId/plans,/api/v1/cortex/goals/:param/plans,createPlanFromGoal,KeyCortexGoalsController,apps/server/src/modules/key-cortex/key-cortex-goals.controller.ts,key-cortex,KeyCortexModule,TRUE,AuthGuard BusinessGuard,2,,,FALSE
POST,/api/v1/cortex/plans,/api/v1/cortex/plans,createPlanFromCommand,KeyCortexGoalsController,apps/server/src/modules/key-cortex/key-cortex-goals.controller.ts,key-cortex,KeyCortexModule,TRUE,AuthGuard BusinessGuard,2,,,FALSE
GET,/api/v1/cortex/plans/:planId,/api/v1/cortex/plans/:param,getPlan,KeyCortexGoalsController,apps/server/src/modules/key-cortex/key-cortex-goals.controller.ts,key-cortex,KeyCortexModule,TRUE,AuthGuard BusinessGuard,2,,,FALSE
POST,/api/v1/cortex/plans/:planId/execute,/api/v1/cortex/plans/:param/execute,executePlan,KeyCortexGoalsController,apps/server/src/modules/key-cortex/key-cortex-goals.controller.ts,key-cortex,KeyCortexModule,TRUE,AuthGuard BusinessGuard,2,,,FALSE
DELETE,/api/v1/cortex/goals/:goalId,/api/v1/cortex/goals/:param,deleteGoal,KeyCortexGoalsController,apps/server/src/modules/key-cortex/key-cortex-goals.controller.ts,key-cortex,KeyCortexModule,TRUE,AuthGuard BusinessGuard,2,,,FALSE
GET,/api/v1/cortex/triggers,/api/v1/cortex/triggers,listTriggerRules,KeyCortexGoalsController,apps/server/src/modules/key-cortex/key-cortex-goals.controller.ts,key-cortex,KeyCortexModule,TRUE,AuthGuard BusinessGuard,2,,,FALSE
POST,/api/v1/cortex/triggers,/api/v1/cortex/triggers,createTriggerRule,KeyCortexGoalsController,apps/server/src/modules/key-cortex/key-cortex-goals.controller.ts,key-cortex,KeyCortexModule,TRUE,AuthGuard BusinessGuard,2,,,FALSE
PATCH,/api/v1/cortex/triggers/:id,/api/v1/cortex/triggers/:param,updateTriggerRule,KeyCortexGoalsController,apps/server/src/modules/key-cortex/key-cortex-goals.controller.ts,key-cortex,KeyCortexModule,TRUE,AuthGuard BusinessGuard,2,,,FALSE
POST,/api/v1/cortex/sessions,/api/v1/cortex/sessions,createSession,KeyCortexController,apps/server/src/modules/key-cortex/key-cortex.controller.ts,key-cortex,KeyCortexModule,TRUE,AuthGuard BusinessGuard,2,,,FALSE
GET,/api/v1/cortex/sessions,/api/v1/cortex/sessions,listSessions,KeyCortexController,apps/server/src/modules/key-cortex/key-cortex.controller.ts,key-cortex,KeyCortexModule,TRUE,AuthGuard BusinessGuard,2,,,FALSE
GET,/api/v1/cortex/sessions/:id,/api/v1/cortex/sessions/:param,getSession,KeyCortexController,apps/server/src/modules/key-cortex/key-cortex.controller.ts,key-cortex,KeyCortexModule,TRUE,AuthGuard BusinessGuard,2,,,FALSE
PATCH,/api/v1/cortex/sessions/:id,/api/v1/cortex/sessions/:param,updateSession,KeyCortexController,apps/server/src/modules/key-cortex/key-cortex.controller.ts,key-cortex,KeyCortexModule,TRUE,AuthGuard BusinessGuard,2,,,FALSE
DELETE,/api/v1/cortex/sessions/:id,/api/v1/cortex/sessions/:param,deleteSession,KeyCortexController,apps/server/src/modules/key-cortex/key-cortex.controller.ts,key-cortex,KeyCortexModule,TRUE,AuthGuard BusinessGuard,2,,,FALSE
POST,/api/v1/cortex/chat,/api/v1/cortex/chat,chat,KeyCortexController,apps/server/src/modules/key-cortex/key-cortex.controller.ts,key-cortex,KeyCortexModule,TRUE,AuthGuard BusinessGuard,2,,,FALSE
GET,/api/v1/cortex/chat/stream,/api/v1/cortex/chat/stream,streamChat,KeyCortexController,apps/server/src/modules/key-cortex/key-cortex.controller.ts,key-cortex,KeyCortexModule,TRUE,AuthGuard BusinessGuard,2,,,FALSE
GET,/api/v1/cortex/messages,/api/v1/cortex/messages,getMessages,KeyCortexController,apps/server/src/modules/key-cortex/key-cortex.controller.ts,key-cortex,KeyCortexModule,TRUE,AuthGuard BusinessGuard,2,,,FALSE
GET,/api/v1/cortex/stream,/api/v1/cortex/stream,streamEvents,KeyCortexController,apps/server/src/modules/key-cortex/key-cortex.controller.ts,key-cortex,KeyCortexModule,TRUE,AuthGuard BusinessGuard,2,,,FALSE
GET,/api/v1/cortex/autonomy-profile,/api/v1/cortex/autonomy-profile,getAutonomyProfile,KeyCortexController,apps/server/src/modules/key-cortex/key-cortex.controller.ts,key-cortex,KeyCortexModule,TRUE,AuthGuard BusinessGuard,2,,,FALSE
PATCH,/api/v1/cortex/autonomy-profile,/api/v1/cortex/autonomy-profile,updateAutonomyProfile,KeyCortexController,apps/server/src/modules/key-cortex/key-cortex.controller.ts,key-cortex,KeyCortexModule,TRUE,AuthGuard BusinessGuard,2,,,FALSE
POST,/api/v1/cortex/feedback,/api/v1/cortex/feedback,recordFeedback,KeyCortexController,apps/server/src/modules/key-cortex/key-cortex.controller.ts,key-cortex,KeyCortexModule,TRUE,AuthGuard BusinessGuard,2,,,FALSE
POST,/api/v1/cortex/voice/speak,/api/v1/cortex/voice/speak,speak,KeyCortexController,apps/server/src/modules/key-cortex/key-cortex.controller.ts,key-cortex,KeyCortexModule,TRUE,AuthGuard BusinessGuard,2,,,FALSE
POST,/api/v1/cortex/voice/listen,/api/v1/cortex/voice/listen,listen,KeyCortexController,apps/server/src/modules/key-cortex/key-cortex.controller.ts,key-cortex,KeyCortexModule,TRUE,AuthGuard BusinessGuard,2,,,FALSE
GET,/api/v1/cortex/voice/voices,/api/v1/cortex/voice/voices,listVoices,KeyCortexController,apps/server/src/modules/key-cortex/key-cortex.controller.ts,key-cortex,KeyCortexModule,TRUE,AuthGuard BusinessGuard,2,,,FALSE
GET,/api/v1/cortex/personalities,/api/v1/cortex/personalities,listPersonalities,KeyCortexController,apps/server/src/modules/key-cortex/key-cortex.controller.ts,key-cortex,KeyCortexModule,TRUE,AuthGuard BusinessGuard,2,,,FALSE
POST,/api/v1/cortex/personalities/switch,/api/v1/cortex/personalities/switch,switchPersonality,KeyCortexController,apps/server/src/modules/key-cortex/key-cortex.controller.ts,key-cortex,KeyCortexModule,TRUE,AuthGuard BusinessGuard,2,,,FALSE
GET,/api/v1/cortex/actions/tools,/api/v1/cortex/actions/tools,listTools,KeyCortexController,apps/server/src/modules/key-cortex/key-cortex.controller.ts,key-cortex,KeyCortexModule,TRUE,AuthGuard BusinessGuard,2,,,FALSE
POST,/api/v1/cortex/actions/approve,/api/v1/cortex/actions/approve,approveAction,KeyCortexController,apps/server/src/modules/key-cortex/key-cortex.controller.ts,key-cortex,KeyCortexModule,TRUE,AuthGuard BusinessGuard,2,,,FALSE
POST,/api/v1/cortex/execute,/api/v1/cortex/execute,executeCommand,KeyCortexController,apps/server/src/modules/key-cortex/key-cortex.controller.ts,key-cortex,KeyCortexModule,TRUE,AuthGuard BusinessGuard,2,,,FALSE
POST,/api/v1/cortex/query,/api/v1/cortex/query,queryModule,KeyCortexController,apps/server/src/modules/key-cortex/key-cortex.controller.ts,key-cortex,KeyCortexModule,TRUE,AuthGuard BusinessGuard,2,,,FALSE
GET,/api/v1/cortex/capabilities,/api/v1/cortex/capabilities,getCapabilities,KeyCortexController,apps/server/src/modules/key-cortex/key-cortex.controller.ts,key-cortex,KeyCortexModule,TRUE,AuthGuard BusinessGuard,2,,,FALSE
GET,/api/v1/cortex/context,/api/v1/cortex/context,getContext,KeyCortexController,apps/server/src/modules/key-cortex/key-cortex.controller.ts,key-cortex,KeyCortexModule,TRUE,AuthGuard BusinessGuard,2,,,FALSE
POST,/api/v1/cortex/insights,/api/v1/cortex/insights,generateInsights,KeyCortexController,apps/server/src/modules/key-cortex/key-cortex.controller.ts,key-cortex,KeyCortexModule,TRUE,AuthGuard BusinessGuard,2,,,FALSE
GET,/api/v1/cortex/insights/profit,/api/v1/cortex/insights/profit,getProfitOpportunities,KeyCortexController,apps/server/src/modules/key-cortex/key-cortex.controller.ts,key-cortex,KeyCortexModule,TRUE,AuthGuard BusinessGuard,2,,,FALSE
GET,/api/v1/cortex/insights/revenue,/api/v1/cortex/insights/revenue,analyzeRevenue,KeyCortexController,apps/server/src/modules/key-cortex/key-cortex.controller.ts,key-cortex,KeyCortexModule,TRUE,AuthGuard BusinessGuard,2,,,FALSE
GET,/api/v1/cortex/insights/churn,/api/v1/cortex/insights/churn,analyzeChurnRisk,KeyCortexController,apps/server/src/modules/key-cortex/key-cortex.controller.ts,key-cortex,KeyCortexModule,TRUE,AuthGuard BusinessGuard,2,,,FALSE
GET,/api/v1/cortex/insights/pipeline,/api/v1/cortex/insights/pipeline,analyzePipeline,KeyCortexController,apps/server/src/modules/key-cortex/key-cortex.controller.ts,key-cortex,KeyCortexModule,TRUE,AuthGuard BusinessGuard,2,,,FALSE
POST,/api/v1/cortex/monitors,/api/v1/cortex/monitors,createMonitor,KeyCortexController,apps/server/src/modules/key-cortex/key-cortex.controller.ts,key-cortex,KeyCortexModule,TRUE,AuthGuard BusinessGuard,2,,,FALSE
GET,/api/v1/cortex/monitors,/api/v1/cortex/monitors,getMonitors,KeyCortexController,apps/server/src/modules/key-cortex/key-cortex.controller.ts,key-cortex,KeyCortexModule,TRUE,AuthGuard BusinessGuard,2,,,FALSE
PATCH,/api/v1/cortex/monitors/:id,/api/v1/cortex/monitors/:param,updateMonitor,KeyCortexController,apps/server/src/modules/key-cortex/key-cortex.controller.ts,key-cortex,KeyCortexModule,TRUE,AuthGuard BusinessGuard,2,,,FALSE
POST,/api/v1/cortex/monitors/:id/toggle,/api/v1/cortex/monitors/:param/toggle,toggleMonitor,KeyCortexController,apps/server/src/modules/key-cortex/key-cortex.controller.ts,key-cortex,KeyCortexModule,TRUE,AuthGuard BusinessGuard,2,,,FALSE
GET,/api/v1/cortex/alerts,/api/v1/cortex/alerts,getAlerts,KeyCortexController,apps/server/src/modules/key-cortex/key-cortex.controller.ts,key-cortex,KeyCortexModule,TRUE,AuthGuard BusinessGuard,2,,,FALSE
POST,/api/v1/cortex/batch,/api/v1/cortex/batch,executeBatch,KeyCortexController,apps/server/src/modules/key-cortex/key-cortex.controller.ts,key-cortex,KeyCortexModule,TRUE,AuthGuard BusinessGuard,2,,,FALSE
POST,/api/v1/cortex/rollback,/api/v1/cortex/rollback,rollback,KeyCortexController,apps/server/src/modules/key-cortex/key-cortex.controller.ts,key-cortex,KeyCortexModule,TRUE,AuthGuard BusinessGuard,2,,,FALSE
GET,/api/v1/cortex/report,/api/v1/cortex/report,getBusinessReport,KeyCortexController,apps/server/src/modules/key-cortex/key-cortex.controller.ts,key-cortex,KeyCortexModule,TRUE,AuthGuard BusinessGuard,2,,,FALSE
GET,/api/v1/cortex/recommendations,/api/v1/cortex/recommendations,getRecommendations,KeyCortexController,apps/server/src/modules/key-cortex/key-cortex.controller.ts,key-cortex,KeyCortexModule,TRUE,AuthGuard BusinessGuard,2,,,FALSE
POST,/api/v1/cortex/profit-opportunities,/api/v1/cortex/profit-opportunities,findProfitOpportunities,KeyCortexController,apps/server/src/modules/key-cortex/key-cortex.controller.ts,key-cortex,KeyCortexModule,TRUE,AuthGuard BusinessGuard,2,,,FALSE
POST,/api/v1/cortex/sandbox/generate,/api/v1/cortex/sandbox/generate,sandboxGenerate,KeyCortexController,apps/server/src/modules/key-cortex/key-cortex.controller.ts,key-cortex,KeyCortexModule,TRUE,AuthGuard BusinessGuard,2,,,FALSE
POST,/api/v1/cortex/sandbox/execute,/api/v1/cortex/sandbox/execute,sandboxExecute,KeyCortexController,apps/server/src/modules/key-cortex/key-cortex.controller.ts,key-cortex,KeyCortexModule,TRUE,AuthGuard BusinessGuard,2,,,FALSE
POST,/api/v1/cortex/sandbox/auto,/api/v1/cortex/sandbox/auto,sandboxAuto,KeyCortexController,apps/server/src/modules/key-cortex/key-cortex.controller.ts,key-cortex,KeyCortexModule,TRUE,AuthGuard BusinessGuard,2,,,FALSE
GET,/api/v1/cortex/sandbox/templates,/api/v1/cortex/sandbox/templates,sandboxTemplates,KeyCortexController,apps/server/src/modules/key-cortex/key-cortex.controller.ts,key-cortex,KeyCortexModule,TRUE,AuthGuard BusinessGuard,2,,,FALSE
POST,/api/v1/cortex/sandbox/apply,/api/v1/cortex/sandbox/apply,sandboxApply,KeyCortexController,apps/server/src/modules/key-cortex/key-cortex.controller.ts,key-cortex,KeyCortexModule,TRUE,AuthGuard BusinessGuard,2,,,FALSE
POST,/api/v1/cortex/sandbox/explain,/api/v1/cortex/sandbox/explain,sandboxExplain,KeyCortexController,apps/server/src/modules/key-cortex/key-cortex.controller.ts,key-cortex,KeyCortexModule,TRUE,AuthGuard BusinessGuard,2,,,FALSE
POST,/api/v1/cortex/flows/generate,/api/v1/cortex/flows/generate,flowGenerate,KeyCortexController,apps/server/src/modules/key-cortex/key-cortex.controller.ts,key-cortex,KeyCortexModule,TRUE,AuthGuard BusinessGuard,2,,,FALSE
POST,/api/v1/cortex/flows,/api/v1/cortex/flows,flowCreate,KeyCortexController,apps/server/src/modules/key-cortex/key-cortex.controller.ts,key-cortex,KeyCortexModule,TRUE,AuthGuard BusinessGuard,2,,,FALSE
GET,/api/v1/cortex/flows,/api/v1/cortex/flows,flowList,KeyCortexController,apps/server/src/modules/key-cortex/key-cortex.controller.ts,key-cortex,KeyCortexModule,TRUE,AuthGuard BusinessGuard,2,,,FALSE
GET,/api/v1/cortex/flows/:id,/api/v1/cortex/flows/:param,flowGet,KeyCortexController,apps/server/src/modules/key-cortex/key-cortex.controller.ts,key-cortex,KeyCortexModule,TRUE,AuthGuard BusinessGuard,2,,,FALSE
PUT,/api/v1/cortex/flows/:id,/api/v1/cortex/flows/:param,flowUpdate,KeyCortexController,apps/server/src/modules/key-cortex/key-cortex.controller.ts,key-cortex,KeyCortexModule,TRUE,AuthGuard BusinessGuard,2,,,FALSE
DELETE,/api/v1/cortex/flows/:id,/api/v1/cortex/flows/:param,flowDelete,KeyCortexController,apps/server/src/modules/key-cortex/key-cortex.controller.ts,key-cortex,KeyCortexModule,TRUE,AuthGuard BusinessGuard,2,,,FALSE
POST,/api/v1/cortex/flows/:id/execute,/api/v1/cortex/flows/:param/execute,flowExecute,KeyCortexController,apps/server/src/modules/key-cortex/key-cortex.controller.ts,key-cortex,KeyCortexModule,TRUE,AuthGuard BusinessGuard,2,,,FALSE
POST,/api/v1/cortex/flows/:id/toggle,/api/v1/cortex/flows/:param/toggle,flowToggle,KeyCortexController,apps/server/src/modules/key-cortex/key-cortex.controller.ts,key-cortex,KeyCortexModule,TRUE,AuthGuard BusinessGuard,2,,,FALSE
GET,/api/v1/cortex/flows/templates,/api/v1/cortex/flows/templates,flowTemplates,KeyCortexController,apps/server/src/modules/key-cortex/key-cortex.controller.ts,key-cortex,KeyCortexModule,TRUE,AuthGuard BusinessGuard,2,,,FALSE
POST,/api/v1/cortex/flows/apply-template,/api/v1/cortex/flows/apply-template,flowApplyTemplate,KeyCortexController,apps/server/src/modules/key-cortex/key-cortex.controller.ts,key-cortex,KeyCortexModule,TRUE,AuthGuard BusinessGuard,2,,,FALSE
GET,/api/v1/cortex/flows/nodes,/api/v1/cortex/flows/nodes,flowNodes,KeyCortexController,apps/server/src/modules/key-cortex/key-cortex.controller.ts,key-cortex,KeyCortexModule,TRUE,AuthGuard BusinessGuard,2,,,FALSE
POST,/api/v1/cortex/phone/call,/api/v1/cortex/phone/call,phoneCall,KeyCortexController,apps/server/src/modules/key-cortex/key-cortex.controller.ts,key-cortex,KeyCortexModule,TRUE,AuthGuard BusinessGuard,2,,,FALSE
GET,/api/v1/cortex/phone/history,/api/v1/cortex/phone/history,phoneHistory,KeyCortexController,apps/server/src/modules/key-cortex/key-cortex.controller.ts,key-cortex,KeyCortexModule,TRUE,AuthGuard BusinessGuard,2,,,FALSE
POST,/api/v1/cortex/phone/script,/api/v1/cortex/phone/script,phoneScript,KeyCortexController,apps/server/src/modules/key-cortex/key-cortex.controller.ts,key-cortex,KeyCortexModule,TRUE,AuthGuard BusinessGuard,2,,,FALSE
POST,/api/v1/cortex/phone/analyze,/api/v1/cortex/phone/analyze,phoneAnalyze,KeyCortexController,apps/server/src/modules/key-cortex/key-cortex.controller.ts,key-cortex,KeyCortexModule,TRUE,AuthGuard BusinessGuard,2,,,FALSE
GET,/api/v1/cortex/phone/status,/api/v1/cortex/phone/status,phoneStatus,KeyCortexController,apps/server/src/modules/key-cortex/key-cortex.controller.ts,key-cortex,KeyCortexModule,TRUE,AuthGuard BusinessGuard,2,,,FALSE
POST,/api/v1/cortex/documents,/api/v1/cortex/documents,documentUpload,KeyCortexController,apps/server/src/modules/key-cortex/key-cortex.controller.ts,key-cortex,KeyCortexModule,TRUE,AuthGuard BusinessGuard,2,,,FALSE
GET,/api/v1/cortex/documents,/api/v1/cortex/documents,documentList,KeyCortexController,apps/server/src/modules/key-cortex/key-cortex.controller.ts,key-cortex,KeyCortexModule,TRUE,AuthGuard BusinessGuard,2,,,FALSE
GET,/api/v1/cortex/documents/:id,/api/v1/cortex/documents/:param,documentGet,KeyCortexController,apps/server/src/modules/key-cortex/key-cortex.controller.ts,key-cortex,KeyCortexModule,TRUE,AuthGuard BusinessGuard,2,,,FALSE
DELETE,/api/v1/cortex/documents/:id,/api/v1/cortex/documents/:param,documentDelete,KeyCortexController,apps/server/src/modules/key-cortex/key-cortex.controller.ts,key-cortex,KeyCortexModule,TRUE,AuthGuard BusinessGuard,2,,,FALSE
POST,/api/v1/cortex/documents/ask,/api/v1/cortex/documents/ask,documentAsk,KeyCortexController,apps/server/src/modules/key-cortex/key-cortex.controller.ts,key-cortex,KeyCortexModule,TRUE,AuthGuard BusinessGuard,2,,,FALSE
POST,/api/v1/cortex/documents/extract,/api/v1/cortex/documents/extract,documentExtract,KeyCortexController,apps/server/src/modules/key-cortex/key-cortex.controller.ts,key-cortex,KeyCortexModule,TRUE,AuthGuard BusinessGuard,2,,,FALSE
POST,/api/v1/cortex/documents/compare,/api/v1/cortex/documents/compare,documentCompare,KeyCortexController,apps/server/src/modules/key-cortex/key-cortex.controller.ts,key-cortex,KeyCortexModule,TRUE,AuthGuard BusinessGuard,2,,,FALSE
GET,/api/v1/cortex/evolution/profile,/api/v1/cortex/evolution/profile,evolutionProfile,KeyCortexController,apps/server/src/modules/key-cortex/key-cortex.controller.ts,key-cortex,KeyCortexModule,TRUE,AuthGuard BusinessGuard,2,,,FALSE
GET,/api/v1/cortex/evolution/patterns,/api/v1/cortex/evolution/patterns,evolutionPatterns,KeyCortexController,apps/server/src/modules/key-cortex/key-cortex.controller.ts,key-cortex,KeyCortexModule,TRUE,AuthGuard BusinessGuard,2,,,FALSE
POST,/api/v1/cortex/evolution/tune,/api/v1/cortex/evolution/tune,evolutionTune,KeyCortexController,apps/server/src/modules/key-cortex/key-cortex.controller.ts,key-cortex,KeyCortexModule,TRUE,AuthGuard BusinessGuard,2,,,FALSE
GET,/api/v1/cortex/evolution/report,/api/v1/cortex/evolution/report,evolutionReport,KeyCortexController,apps/server/src/modules/key-cortex/key-cortex.controller.ts,key-cortex,KeyCortexModule,TRUE,AuthGuard BusinessGuard,2,,,FALSE
GET,/api/v1/cortex/evolution/decision,/api/v1/cortex/evolution/decision,evolutionExplainDecision,KeyCortexController,apps/server/src/modules/key-cortex/key-cortex.controller.ts,key-cortex,KeyCortexModule,TRUE,AuthGuard BusinessGuard,2,,,FALSE
POST,/api/v1/cortex/conscious/chat,/api/v1/cortex/conscious/chat,consciousChat,KeyCortexController,apps/server/src/modules/key-cortex/key-cortex.controller.ts,key-cortex,KeyCortexModule,TRUE,AuthGuard BusinessGuard,2,,,FALSE
GET,/api/v1/cortex/conscious/stream,/api/v1/cortex/conscious/stream,consciousStream,KeyCortexController,apps/server/src/modules/key-cortex/key-cortex.controller.ts,key-cortex,KeyCortexModule,TRUE,AuthGuard BusinessGuard,2,,,FALSE
GET,/api/v1/cortex/awareness,/api/v1/cortex/awareness,getAwareness,KeyCortexController,apps/server/src/modules/key-cortex/key-cortex.controller.ts,key-cortex,KeyCortexModule,TRUE,AuthGuard BusinessGuard,2,,,FALSE
GET,/key-inbox/businesses/:businessId/threads,/key-inbox/businesses/:param/threads,listThreads,KeyInboxController,apps/server/src/modules/key-inbox/key-inbox.controller.ts,key-inbox,KeyInboxModule,TRUE,AuthGuard BusinessGuard ModuleScopeGuard,3,operations,,FALSE
GET,/key-inbox/businesses/:businessId/threads/:threadId,/key-inbox/businesses/:param/threads/:param,getThread,KeyInboxController,apps/server/src/modules/key-inbox/key-inbox.controller.ts,key-inbox,KeyInboxModule,TRUE,AuthGuard BusinessGuard ModuleScopeGuard,3,operations,,FALSE
POST,/key-inbox/businesses/:businessId/threads/:threadId/analyze,/key-inbox/businesses/:param/threads/:param/analyze,analyzeThread,KeyInboxController,apps/server/src/modules/key-inbox/key-inbox.controller.ts,key-inbox,KeyInboxModule,TRUE,AuthGuard BusinessGuard ModuleScopeGuard,3,"operations,write",,FALSE
GET,/key-inbox/businesses/:businessId/brief,/key-inbox/businesses/:param/brief,getBrief,KeyInboxController,apps/server/src/modules/key-inbox/key-inbox.controller.ts,key-inbox,KeyInboxModule,TRUE,AuthGuard BusinessGuard ModuleScopeGuard,3,operations,,FALSE
POST,/key-inbox/businesses/:businessId/brief/generate,/key-inbox/businesses/:param/brief/generate,generateBrief,KeyInboxController,apps/server/src/modules/key-inbox/key-inbox.controller.ts,key-inbox,KeyInboxModule,TRUE,AuthGuard BusinessGuard ModuleScopeGuard,3,"operations,write",,FALSE
POST,/key-inbox/businesses/:businessId/intelligence/generate,/key-inbox/businesses/:param/intelligence/generate,generateIntelligence,KeyInboxController,apps/server/src/modules/key-inbox/key-inbox.controller.ts,key-inbox,KeyInboxModule,TRUE,AuthGuard BusinessGuard ModuleScopeGuard,3,"operations,write",,FALSE
GET,/key-inbox/businesses/:businessId/intelligence/latest,/key-inbox/businesses/:param/intelligence/latest,getLatestIntelligence,KeyInboxController,apps/server/src/modules/key-inbox/key-inbox.controller.ts,key-inbox,KeyInboxModule,TRUE,AuthGuard BusinessGuard ModuleScopeGuard,3,operations,,FALSE
GET,/key-inbox/businesses/:businessId/intelligence,/key-inbox/businesses/:param/intelligence,listIntelligence,KeyInboxController,apps/server/src/modules/key-inbox/key-inbox.controller.ts,key-inbox,KeyInboxModule,TRUE,AuthGuard BusinessGuard ModuleScopeGuard,3,operations,,FALSE
GET,/key-inbox/businesses/:businessId/intelligence/:insightId,/key-inbox/businesses/:param/intelligence/:param,getIntelligence,KeyInboxController,apps/server/src/modules/key-inbox/key-inbox.controller.ts,key-inbox,KeyInboxModule,TRUE,AuthGuard BusinessGuard ModuleScopeGuard,3,operations,,FALSE
PATCH,/key-inbox/businesses/:businessId/threads/:threadId,/key-inbox/businesses/:param/threads/:param,updateThread,KeyInboxController,apps/server/src/modules/key-inbox/key-inbox.controller.ts,key-inbox,KeyInboxModule,TRUE,AuthGuard BusinessGuard ModuleScopeGuard,3,"operations,write",,FALSE
POST,/key-inbox/businesses/:businessId/threads/:threadId/reply,/key-inbox/businesses/:param/threads/:param/reply,reply,KeyInboxController,apps/server/src/modules/key-inbox/key-inbox.controller.ts,key-inbox,KeyInboxModule,TRUE,AuthGuard BusinessGuard ModuleScopeGuard,3,"operations,write",,FALSE
POST,/key-inbox/businesses/:businessId/threads/:threadId/actions/:actionIndex/execute,/key-inbox/businesses/:param/threads/:param/actions/:param/execute,executeAction,KeyInboxController,apps/server/src/modules/key-inbox/key-inbox.controller.ts,key-inbox,KeyInboxModule,TRUE,AuthGuard BusinessGuard ModuleScopeGuard,3,"operations,write",,FALSE
GET,/key-inbox/businesses/:businessId/threads/:threadId/timeline,/key-inbox/businesses/:param/threads/:param/timeline,getTimeline,KeyInboxController,apps/server/src/modules/key-inbox/key-inbox.controller.ts,key-inbox,KeyInboxModule,TRUE,AuthGuard BusinessGuard ModuleScopeGuard,3,operations,,FALSE
POST,/key-inbox/businesses/:businessId/ingest,/key-inbox/businesses/:param/ingest,ingest,KeyInboxController,apps/server/src/modules/key-inbox/key-inbox.controller.ts,key-inbox,KeyInboxModule,TRUE,AuthGuard BusinessGuard ModuleScopeGuard,3,"operations,write",,FALSE
GET,/keyflow/businesses/:businessId/events,/keyflow/businesses/:param/events,listEvents,KeyflowCommandController,apps/server/src/modules/keyflow-command/keyflow-command.controller.ts,keyflow-command,KeyflowCommandModule,TRUE,AuthGuard BusinessGuard,2,,,FALSE
GET,/keyflow/businesses/:businessId/notes,/keyflow/businesses/:param/notes,listNotes,KeyflowCommandController,apps/server/src/modules/keyflow-command/keyflow-command.controller.ts,keyflow-command,KeyflowCommandModule,TRUE,AuthGuard BusinessGuard,2,,,FALSE
POST,/keyflow/businesses/:businessId/notes,/keyflow/businesses/:param/notes,createNote,KeyflowCommandController,apps/server/src/modules/keyflow-command/keyflow-command.controller.ts,keyflow-command,KeyflowCommandModule,TRUE,AuthGuard BusinessGuard,2,,,FALSE
PUT,/keyflow/businesses/:businessId/notes/:noteId,/keyflow/businesses/:param/notes/:param,updateNote,KeyflowCommandController,apps/server/src/modules/keyflow-command/keyflow-command.controller.ts,keyflow-command,KeyflowCommandModule,TRUE,AuthGuard BusinessGuard,2,,,FALSE
DELETE,/keyflow/businesses/:businessId/notes/:noteId,/keyflow/businesses/:param/notes/:param,deleteNote,KeyflowCommandController,apps/server/src/modules/keyflow-command/keyflow-command.controller.ts,keyflow-command,KeyflowCommandModule,TRUE,AuthGuard BusinessGuard,2,,,FALSE
POST,/keyflow/businesses/:businessId/notes/:noteId/brief,/keyflow/businesses/:param/notes/:param/brief,generateBrief,KeyflowCommandController,apps/server/src/modules/keyflow-command/keyflow-command.controller.ts,keyflow-command,KeyflowCommandModule,TRUE,AuthGuard BusinessGuard,2,,,FALSE
POST,/keyflow/businesses/:businessId/voice/tts,/keyflow/businesses/:param/voice/tts,tts,KeyflowCommandController,apps/server/src/modules/keyflow-command/keyflow-command.controller.ts,keyflow-command,KeyflowCommandModule,TRUE,AuthGuard BusinessGuard,2,,,FALSE
POST,/keyflow/businesses/:businessId/voice/transcribe,/keyflow/businesses/:param/voice/transcribe,transcribe,KeyflowCommandController,apps/server/src/modules/keyflow-command/keyflow-command.controller.ts,keyflow-command,KeyflowCommandModule,TRUE,AuthGuard BusinessGuard,2,,,FALSE
GET,/keystore/admin/stats,/keystore/admin/stats,getStats,KeystoreAdminController,apps/server/src/modules/keystore/keystore-admin.controller.ts,keystore,KeystoreModule,TRUE,AuthGuard BusinessGuard,2,,,FALSE
GET,/keystore/admin/orders,/keystore/admin/orders,getAllOrders,KeystoreAdminController,apps/server/src/modules/keystore/keystore-admin.controller.ts,keystore,KeystoreModule,TRUE,AuthGuard BusinessGuard,2,,,FALSE
GET,/keystore/admin/orders/:id,/keystore/admin/orders/:param,getOrder,KeystoreAdminController,apps/server/src/modules/keystore/keystore-admin.controller.ts,keystore,KeystoreModule,TRUE,AuthGuard BusinessGuard,2,,,FALSE
PATCH,/keystore/admin/orders/:id/status,/keystore/admin/orders/:param/status,updateOrderStatus,KeystoreAdminController,apps/server/src/modules/keystore/keystore-admin.controller.ts,keystore,KeystoreModule,TRUE,AuthGuard BusinessGuard,2,,,FALSE
POST,/keystore/admin/orders/:id/messages,/keystore/admin/orders/:param/messages,sendMessage,KeystoreAdminController,apps/server/src/modules/keystore/keystore-admin.controller.ts,keystore,KeystoreModule,TRUE,AuthGuard BusinessGuard,2,,,FALSE
POST,/keystore/admin/orders/:id/deliver,/keystore/admin/orders/:param/deliver,deliverFiles,KeystoreAdminController,apps/server/src/modules/keystore/keystore-admin.controller.ts,keystore,KeystoreModule,TRUE,AuthGuard BusinessGuard,2,,,FALSE
POST,/keystore/admin/listings,/keystore/admin/listings,createListing,KeystoreAdminController,apps/server/src/modules/keystore/keystore-admin.controller.ts,keystore,KeystoreModule,TRUE,AuthGuard BusinessGuard,2,,,FALSE
PATCH,/keystore/admin/listings/:id,/keystore/admin/listings/:param,updateListing,KeystoreAdminController,apps/server/src/modules/keystore/keystore-admin.controller.ts,keystore,KeystoreModule,TRUE,AuthGuard BusinessGuard,2,,,FALSE
DELETE,/keystore/admin/listings/:id/archive,/keystore/admin/listings/:param/archive,archiveListing,KeystoreAdminController,apps/server/src/modules/keystore/keystore-admin.controller.ts,keystore,KeystoreModule,TRUE,AuthGuard BusinessGuard,2,,,FALSE
POST,/keystore/admin/listings/:id/pause,/keystore/admin/listings/:param/pause,pauseListing,KeystoreAdminController,apps/server/src/modules/keystore/keystore-admin.controller.ts,keystore,KeystoreModule,TRUE,AuthGuard BusinessGuard,2,,,FALSE
POST,/keystore/admin/listings/:id/activate,/keystore/admin/listings/:param/activate,activateListing,KeystoreAdminController,apps/server/src/modules/keystore/keystore-admin.controller.ts,keystore,KeystoreModule,TRUE,AuthGuard BusinessGuard,2,,,FALSE
GET,/keystore/categories,/keystore/categories,getCategories,KeystoreController,apps/server/src/modules/keystore/keystore.controller.ts,keystore,KeystoreModule,TRUE,AuthGuard BusinessGuard,2,,,FALSE
GET,/keystore/listings,/keystore/listings,getListings,KeystoreController,apps/server/src/modules/keystore/keystore.controller.ts,keystore,KeystoreModule,TRUE,AuthGuard BusinessGuard,2,,,FALSE
GET,/keystore/listings/:slug,/keystore/listings/:param,getListingBySlug,KeystoreController,apps/server/src/modules/keystore/keystore.controller.ts,keystore,KeystoreModule,TRUE,AuthGuard BusinessGuard,2,,,FALSE
POST,/keystore/orders,/keystore/orders,createOrder,KeystoreController,apps/server/src/modules/keystore/keystore.controller.ts,keystore,KeystoreModule,TRUE,AuthGuard BusinessGuard,2,,,FALSE
GET,/keystore/orders,/keystore/orders,getMyOrders,KeystoreController,apps/server/src/modules/keystore/keystore.controller.ts,keystore,KeystoreModule,TRUE,AuthGuard BusinessGuard,2,,,FALSE
GET,/keystore/orders/:id,/keystore/orders/:param,getOrder,KeystoreController,apps/server/src/modules/keystore/keystore.controller.ts,keystore,KeystoreModule,TRUE,AuthGuard BusinessGuard,2,,,FALSE
POST,/keystore/orders/:id/messages,/keystore/orders/:param/messages,sendMessage,KeystoreController,apps/server/src/modules/keystore/keystore.controller.ts,keystore,KeystoreModule,TRUE,AuthGuard BusinessGuard,2,,,FALSE
POST,/keystore/orders/:id/accept-quote,/keystore/orders/:param/accept-quote,acceptQuote,KeystoreController,apps/server/src/modules/keystore/keystore.controller.ts,keystore,KeystoreModule,TRUE,AuthGuard BusinessGuard,2,,,FALSE
POST,/keystore/orders/:id/cancel,/keystore/orders/:param/cancel,cancelOrder,KeystoreController,apps/server/src/modules/keystore/keystore.controller.ts,keystore,KeystoreModule,TRUE,AuthGuard BusinessGuard,2,,,FALSE
POST,/keystore/orders/:id/rate,/keystore/orders/:param/rate,rateOrder,KeystoreController,apps/server/src/modules/keystore/keystore.controller.ts,keystore,KeystoreModule,TRUE,AuthGuard BusinessGuard,2,,,FALSE
GET,/businesses/:businessId/lead-forms,/businesses/:param/lead-forms,listForms,LeadFormsController,apps/server/src/modules/lead-forms/lead-forms.controller.ts,lead-forms,LeadFormsModule,TRUE,AuthGuard BusinessGuard,2,,,FALSE
GET,/businesses/:businessId/lead-forms/:id,/businesses/:param/lead-forms/:param,getForm,LeadFormsController,apps/server/src/modules/lead-forms/lead-forms.controller.ts,lead-forms,LeadFormsModule,TRUE,AuthGuard BusinessGuard,2,,,FALSE
POST,/businesses/:businessId/lead-forms,/businesses/:param/lead-forms,createForm,LeadFormsController,apps/server/src/modules/lead-forms/lead-forms.controller.ts,lead-forms,LeadFormsModule,TRUE,AuthGuard BusinessGuard,2,,,FALSE
PATCH,/businesses/:businessId/lead-forms/:id,/businesses/:param/lead-forms/:param,updateForm,LeadFormsController,apps/server/src/modules/lead-forms/lead-forms.controller.ts,lead-forms,LeadFormsModule,TRUE,AuthGuard BusinessGuard,2,,,FALSE
DELETE,/businesses/:businessId/lead-forms/:id,/businesses/:param/lead-forms/:param,deleteForm,LeadFormsController,apps/server/src/modules/lead-forms/lead-forms.controller.ts,lead-forms,LeadFormsModule,TRUE,AuthGuard BusinessGuard,2,,,FALSE
POST,/businesses/:businessId/lead-forms/:id/toggle,/businesses/:param/lead-forms/:param/toggle,toggleActive,LeadFormsController,apps/server/src/modules/lead-forms/lead-forms.controller.ts,lead-forms,LeadFormsModule,TRUE,AuthGuard BusinessGuard,2,,,FALSE
POST,/public/lead-forms/:formId/submit,/public/lead-forms/:param/submit,submitForm,LeadFormsController,apps/server/src/modules/lead-forms/lead-forms.controller.ts,lead-forms,LeadFormsModule,TRUE,PublicRateLimitGuard HoneypotGuard,2,,,FALSE
GET,/businesses/:businessId/lead-forms/:formId/submissions,/businesses/:param/lead-forms/:param/submissions,listSubmissions,LeadFormsController,apps/server/src/modules/lead-forms/lead-forms.controller.ts,lead-forms,LeadFormsModule,TRUE,AuthGuard BusinessGuard,2,,,FALSE
POST,/livekit/businesses/:businessId/voice-session,/livekit/businesses/:param/voice-session,createVoiceSession,LivekitController,apps/server/src/modules/livekit/livekit.controller.ts,livekit,LivekitModule,TRUE,AuthGuard BusinessGuard,2,,,FALSE
GET,/livekit/businesses/:businessId/rooms,/livekit/businesses/:param/rooms,listRooms,LivekitController,apps/server/src/modules/livekit/livekit.controller.ts,livekit,LivekitModule,TRUE,AuthGuard BusinessGuard,2,,,FALSE
GET,/livekit/businesses/:businessId/rooms/:roomName/participants,/livekit/businesses/:param/rooms/:param/participants,listParticipants,LivekitController,apps/server/src/modules/livekit/livekit.controller.ts,livekit,LivekitModule,TRUE,AuthGuard BusinessGuard,2,,,FALSE
POST,/livekit/businesses/:businessId/voice-session/:sessionId/end,/livekit/businesses/:param/voice-session/:param/end,endVoiceSession,LivekitController,apps/server/src/modules/livekit/livekit.controller.ts,livekit,LivekitModule,TRUE,AuthGuard BusinessGuard,2,,,FALSE
POST,/livekit/webhook,/livekit/webhook,webhook,LivekitController,apps/server/src/modules/livekit/livekit.controller.ts,livekit,LivekitModule,TRUE,,0,,TRUE,FALSE
GET,/marketing/businesses/:businessId/campaigns,/marketing/businesses/:param/campaigns,listCampaigns,MarketingController,apps/server/src/modules/marketing/marketing.controller.ts,marketing,MarketingModule,TRUE,AuthGuard BusinessGuard,2,,,FALSE
POST,/marketing/businesses/:businessId/campaigns,/marketing/businesses/:param/campaigns,createCampaign,MarketingController,apps/server/src/modules/marketing/marketing.controller.ts,marketing,MarketingModule,TRUE,AuthGuard BusinessGuard,2,,,FALSE
PATCH,/marketing/businesses/:businessId/campaigns/:id,/marketing/businesses/:param/campaigns/:param,updateCampaign,MarketingController,apps/server/src/modules/marketing/marketing.controller.ts,marketing,MarketingModule,TRUE,AuthGuard BusinessGuard,2,,,FALSE
DELETE,/marketing/businesses/:businessId/campaigns/:id,/marketing/businesses/:param/campaigns/:param,deleteCampaign,MarketingController,apps/server/src/modules/marketing/marketing.controller.ts,marketing,MarketingModule,TRUE,AuthGuard BusinessGuard,2,,,FALSE
GET,/marketplace/order-status/:token,/marketplace/order-status/:param,getPublicOrderStatus,MarketplacePublicController,apps/server/src/modules/marketplace/marketplace-public.controller.ts,marketplace,MarketplaceModule,TRUE,,0,,,TRUE
GET,/marketplace/businesses/:businessId/dashboard,/marketplace/businesses/:param/dashboard,getDashboard,MarketplaceController,apps/server/src/modules/marketplace/marketplace.controller.ts,marketplace,MarketplaceModule,TRUE,AuthGuard BusinessGuard CrmRateLimitGuard,3,,,FALSE
GET,/marketplace/businesses/:businessId/listings,/marketplace/businesses/:param/listings,getListings,MarketplaceController,apps/server/src/modules/marketplace/marketplace.controller.ts,marketplace,MarketplaceModule,TRUE,AuthGuard BusinessGuard CrmRateLimitGuard,3,,,FALSE
POST,/marketplace/businesses/:businessId/listings,/marketplace/businesses/:param/listings,createListing,MarketplaceController,apps/server/src/modules/marketplace/marketplace.controller.ts,marketplace,MarketplaceModule,TRUE,AuthGuard BusinessGuard CrmRateLimitGuard,3,,,FALSE
PATCH,/marketplace/businesses/:businessId/listings/:listingId,/marketplace/businesses/:param/listings/:param,updateListing,MarketplaceController,apps/server/src/modules/marketplace/marketplace.controller.ts,marketplace,MarketplaceModule,TRUE,AuthGuard BusinessGuard CrmRateLimitGuard,3,,,FALSE
DELETE,/marketplace/businesses/:businessId/listings/:listingId,/marketplace/businesses/:param/listings/:param,deleteListing,MarketplaceController,apps/server/src/modules/marketplace/marketplace.controller.ts,marketplace,MarketplaceModule,TRUE,AuthGuard BusinessGuard CrmRateLimitGuard,3,,,FALSE
GET,/marketplace/businesses/:businessId/shipping-zones,/marketplace/businesses/:param/shipping-zones,getShippingZones,MarketplaceController,apps/server/src/modules/marketplace/marketplace.controller.ts,marketplace,MarketplaceModule,TRUE,AuthGuard BusinessGuard CrmRateLimitGuard,3,,,FALSE
POST,/marketplace/businesses/:businessId/shipping-zones,/marketplace/businesses/:param/shipping-zones,createShippingZone,MarketplaceController,apps/server/src/modules/marketplace/marketplace.controller.ts,marketplace,MarketplaceModule,TRUE,AuthGuard BusinessGuard CrmRateLimitGuard,3,,,FALSE
PATCH,/marketplace/businesses/:businessId/shipping-zones/:zoneId,/marketplace/businesses/:param/shipping-zones/:param,updateShippingZone,MarketplaceController,apps/server/src/modules/marketplace/marketplace.controller.ts,marketplace,MarketplaceModule,TRUE,AuthGuard BusinessGuard CrmRateLimitGuard,3,,,FALSE
DELETE,/marketplace/businesses/:businessId/shipping-zones/:zoneId,/marketplace/businesses/:param/shipping-zones/:param,deleteShippingZone,MarketplaceController,apps/server/src/modules/marketplace/marketplace.controller.ts,marketplace,MarketplaceModule,TRUE,AuthGuard BusinessGuard CrmRateLimitGuard,3,,,FALSE
GET,/marketplace/businesses/:businessId/warehouses,/marketplace/businesses/:param/warehouses,getWarehouses,MarketplaceController,apps/server/src/modules/marketplace/marketplace.controller.ts,marketplace,MarketplaceModule,TRUE,AuthGuard BusinessGuard CrmRateLimitGuard,3,,,FALSE
POST,/marketplace/businesses/:businessId/warehouses,/marketplace/businesses/:param/warehouses,createWarehouse,MarketplaceController,apps/server/src/modules/marketplace/marketplace.controller.ts,marketplace,MarketplaceModule,TRUE,AuthGuard BusinessGuard CrmRateLimitGuard,3,,,FALSE
PATCH,/marketplace/businesses/:businessId/warehouses/:warehouseId,/marketplace/businesses/:param/warehouses/:param,updateWarehouse,MarketplaceController,apps/server/src/modules/marketplace/marketplace.controller.ts,marketplace,MarketplaceModule,TRUE,AuthGuard BusinessGuard CrmRateLimitGuard,3,,,FALSE
DELETE,/marketplace/businesses/:businessId/warehouses/:warehouseId,/marketplace/businesses/:param/warehouses/:param,deleteWarehouse,MarketplaceController,apps/server/src/modules/marketplace/marketplace.controller.ts,marketplace,MarketplaceModule,TRUE,AuthGuard BusinessGuard CrmRateLimitGuard,3,,,FALSE
GET,/marketplace/businesses/:businessId/inventory,/marketplace/businesses/:param/inventory,getInventory,MarketplaceController,apps/server/src/modules/marketplace/marketplace.controller.ts,marketplace,MarketplaceModule,TRUE,AuthGuard BusinessGuard CrmRateLimitGuard,3,,,FALSE
POST,/marketplace/businesses/:businessId/inventory,/marketplace/businesses/:param/inventory,upsertInventory,MarketplaceController,apps/server/src/modules/marketplace/marketplace.controller.ts,marketplace,MarketplaceModule,TRUE,AuthGuard BusinessGuard CrmRateLimitGuard,3,,,FALSE
GET,/marketplace/businesses/:businessId/orders,/marketplace/businesses/:param/orders,getOrders,MarketplaceController,apps/server/src/modules/marketplace/marketplace.controller.ts,marketplace,MarketplaceModule,TRUE,AuthGuard BusinessGuard CrmRateLimitGuard,3,,,FALSE
GET,/marketplace/businesses/:businessId/orders/:orderId,/marketplace/businesses/:param/orders/:param,getOrder,MarketplaceController,apps/server/src/modules/marketplace/marketplace.controller.ts,marketplace,MarketplaceModule,TRUE,AuthGuard BusinessGuard CrmRateLimitGuard,3,,,FALSE
POST,/marketplace/businesses/:businessId/orders,/marketplace/businesses/:param/orders,createOrder,MarketplaceController,apps/server/src/modules/marketplace/marketplace.controller.ts,marketplace,MarketplaceModule,TRUE,AuthGuard BusinessGuard CrmRateLimitGuard,3,,,FALSE
PATCH,/marketplace/businesses/:businessId/orders/:orderId/status,/marketplace/businesses/:param/orders/:param/status,updateOrderStatus,MarketplaceController,apps/server/src/modules/marketplace/marketplace.controller.ts,marketplace,MarketplaceModule,TRUE,AuthGuard BusinessGuard CrmRateLimitGuard,3,,,FALSE
GET,/marketplace/businesses/:businessId/shipments,/marketplace/businesses/:param/shipments,getShipments,MarketplaceController,apps/server/src/modules/marketplace/marketplace.controller.ts,marketplace,MarketplaceModule,TRUE,AuthGuard BusinessGuard CrmRateLimitGuard,3,,,FALSE
POST,/marketplace/businesses/:businessId/shipments,/marketplace/businesses/:param/shipments,createShipment,MarketplaceController,apps/server/src/modules/marketplace/marketplace.controller.ts,marketplace,MarketplaceModule,TRUE,AuthGuard BusinessGuard CrmRateLimitGuard,3,,,FALSE
PATCH,/marketplace/businesses/:businessId/shipments/:shipmentId,/marketplace/businesses/:param/shipments/:param,updateShipment,MarketplaceController,apps/server/src/modules/marketplace/marketplace.controller.ts,marketplace,MarketplaceModule,TRUE,AuthGuard BusinessGuard CrmRateLimitGuard,3,,,FALSE
GET,/marketplace/businesses/:businessId/customs,/marketplace/businesses/:param/customs,getCustomsDeclarations,MarketplaceController,apps/server/src/modules/marketplace/marketplace.controller.ts,marketplace,MarketplaceModule,TRUE,AuthGuard BusinessGuard CrmRateLimitGuard,3,,,FALSE
POST,/marketplace/businesses/:businessId/customs,/marketplace/businesses/:param/customs,createCustomsDeclaration,MarketplaceController,apps/server/src/modules/marketplace/marketplace.controller.ts,marketplace,MarketplaceModule,TRUE,AuthGuard BusinessGuard CrmRateLimitGuard,3,,,FALSE
PATCH,/marketplace/businesses/:businessId/customs/:declId,/marketplace/businesses/:param/customs/:param,updateCustomsDeclaration,MarketplaceController,apps/server/src/modules/marketplace/marketplace.controller.ts,marketplace,MarketplaceModule,TRUE,AuthGuard BusinessGuard CrmRateLimitGuard,3,,,FALSE
GET,/marketplace/businesses/:businessId/pre-orders,/marketplace/businesses/:param/pre-orders,getPreOrders,MarketplaceController,apps/server/src/modules/marketplace/marketplace.controller.ts,marketplace,MarketplaceModule,TRUE,AuthGuard BusinessGuard CrmRateLimitGuard,3,,,FALSE
POST,/marketplace/businesses/:businessId/pre-orders,/marketplace/businesses/:param/pre-orders,createPreOrder,MarketplaceController,apps/server/src/modules/marketplace/marketplace.controller.ts,marketplace,MarketplaceModule,TRUE,AuthGuard BusinessGuard CrmRateLimitGuard,3,,,FALSE
PATCH,/marketplace/businesses/:businessId/pre-orders/:preOrderId,/marketplace/businesses/:param/pre-orders/:param,updatePreOrder,MarketplaceController,apps/server/src/modules/marketplace/marketplace.controller.ts,marketplace,MarketplaceModule,TRUE,AuthGuard BusinessGuard CrmRateLimitGuard,3,,,FALSE
GET,/marketplace/businesses/:businessId/purchase-orders,/marketplace/businesses/:param/purchase-orders,getPurchaseOrders,MarketplaceController,apps/server/src/modules/marketplace/marketplace.controller.ts,marketplace,MarketplaceModule,TRUE,AuthGuard BusinessGuard CrmRateLimitGuard,3,,,FALSE
POST,/marketplace/businesses/:businessId/purchase-orders,/marketplace/businesses/:param/purchase-orders,createPurchaseOrder,MarketplaceController,apps/server/src/modules/marketplace/marketplace.controller.ts,marketplace,MarketplaceModule,TRUE,AuthGuard BusinessGuard CrmRateLimitGuard,3,,,FALSE
PATCH,/marketplace/businesses/:businessId/purchase-orders/:poId,/marketplace/businesses/:param/purchase-orders/:param,updatePurchaseOrder,MarketplaceController,apps/server/src/modules/marketplace/marketplace.controller.ts,marketplace,MarketplaceModule,TRUE,AuthGuard BusinessGuard CrmRateLimitGuard,3,,,FALSE
POST,/marketplace/businesses/:businessId/orders/:orderId/fulfill,/marketplace/businesses/:param/orders/:param/fulfill,fulfillOrder,MarketplaceController,apps/server/src/modules/marketplace/marketplace.controller.ts,marketplace,MarketplaceModule,TRUE,AuthGuard BusinessGuard CrmRateLimitGuard,3,,,FALSE
POST,/marketplace/businesses/:businessId/orders/:orderId/route,/marketplace/businesses/:param/orders/:param/route,routeOrder,MarketplaceController,apps/server/src/modules/marketplace/marketplace.controller.ts,marketplace,MarketplaceModule,TRUE,AuthGuard BusinessGuard CrmRateLimitGuard,3,,,FALSE
GET,/marketplace/businesses/:businessId/orders/:orderId/routes,/marketplace/businesses/:param/orders/:param/routes,getFulfillmentRoutes,MarketplaceController,apps/server/src/modules/marketplace/marketplace.controller.ts,marketplace,MarketplaceModule,TRUE,AuthGuard BusinessGuard CrmRateLimitGuard,3,,,FALSE
PATCH,/marketplace/businesses/:businessId/fulfillment-routes/:routeId,/marketplace/businesses/:param/fulfillment-routes/:param,updateFulfillmentRoute,MarketplaceController,apps/server/src/modules/marketplace/marketplace.controller.ts,marketplace,MarketplaceModule,TRUE,AuthGuard BusinessGuard CrmRateLimitGuard,3,,,FALSE
GET,/marketplace/businesses/:businessId/inventory/alerts,/marketplace/businesses/:param/inventory/alerts,getInventoryAlerts,MarketplaceController,apps/server/src/modules/marketplace/marketplace.controller.ts,marketplace,MarketplaceModule,TRUE,AuthGuard BusinessGuard CrmRateLimitGuard,3,,,FALSE
POST,/marketplace/businesses/:businessId/purchase-orders/:poId/advance,/marketplace/businesses/:param/purchase-orders/:param/advance,advancePurchaseOrderStatus,MarketplaceController,apps/server/src/modules/marketplace/marketplace.controller.ts,marketplace,MarketplaceModule,TRUE,AuthGuard BusinessGuard CrmRateLimitGuard,3,,,FALSE
POST,/marketplace/businesses/:businessId/fulfillment-routes/:routeId/activate-preorder,/marketplace/businesses/:param/fulfillment-routes/:param/activate-preorder,activatePreorderRoute,MarketplaceController,apps/server/src/modules/marketplace/marketplace.controller.ts,marketplace,MarketplaceModule,TRUE,AuthGuard BusinessGuard CrmRateLimitGuard,3,,,FALSE
GET,/marketplace/businesses/:businessId/orders/:orderId/token,/marketplace/businesses/:param/orders/:param/token,getOrderToken,MarketplaceController,apps/server/src/modules/marketplace/marketplace.controller.ts,marketplace,MarketplaceModule,TRUE,AuthGuard BusinessGuard CrmRateLimitGuard,3,,,FALSE
GET,/marketplace/businesses/:businessId/delivery-config,/marketplace/businesses/:param/delivery-config,getDeliveryConfig,MarketplaceController,apps/server/src/modules/marketplace/marketplace.controller.ts,marketplace,MarketplaceModule,TRUE,AuthGuard BusinessGuard CrmRateLimitGuard,3,,,FALSE
PUT,/marketplace/businesses/:businessId/delivery-config,/marketplace/businesses/:param/delivery-config,updateDeliveryConfig,MarketplaceController,apps/server/src/modules/marketplace/marketplace.controller.ts,marketplace,MarketplaceModule,TRUE,AuthGuard BusinessGuard CrmRateLimitGuard,3,,,FALSE
GET,/marketplace/businesses/:businessId/orders/:orderId/cross-links,/marketplace/businesses/:param/orders/:param/cross-links,getOrderCrossLinks,MarketplaceController,apps/server/src/modules/marketplace/marketplace.controller.ts,marketplace,MarketplaceModule,TRUE,AuthGuard BusinessGuard CrmRateLimitGuard,3,,,FALSE
GET,/marketplace/businesses/:businessId/contacts/:contactId/order-history,/marketplace/businesses/:param/contacts/:param/order-history,getContactOrderHistory,MarketplaceController,apps/server/src/modules/marketplace/marketplace.controller.ts,marketplace,MarketplaceModule,TRUE,AuthGuard BusinessGuard CrmRateLimitGuard,3,,,FALSE
POST,/marketplace/businesses/:businessId/products/:productId/promote,/marketplace/businesses/:param/products/:param/promote,promoteProductToContent,MarketplaceController,apps/server/src/modules/marketplace/marketplace.controller.ts,marketplace,MarketplaceModule,TRUE,AuthGuard BusinessGuard CrmRateLimitGuard,3,,,FALSE
POST,/marketplace/businesses/:businessId/orders/:orderId/create-project,/marketplace/businesses/:param/orders/:param/create-project,createProjectForBundleOrder,MarketplaceController,apps/server/src/modules/marketplace/marketplace.controller.ts,marketplace,MarketplaceModule,TRUE,AuthGuard BusinessGuard CrmRateLimitGuard,3,,,FALSE
POST,/marketplace/businesses/:businessId/post-purchase/process,/marketplace/businesses/:param/post-purchase/process,processPostPurchaseJobs,MarketplaceController,apps/server/src/modules/marketplace/marketplace.controller.ts,marketplace,MarketplaceModule,TRUE,AuthGuard BusinessGuard CrmRateLimitGuard,3,,,FALSE
GET,/marketplace/businesses/:businessId/inventory/summary,/marketplace/businesses/:param/inventory/summary,getInventorySummary,MarketplaceController,apps/server/src/modules/marketplace/marketplace.controller.ts,marketplace,MarketplaceModule,TRUE,AuthGuard BusinessGuard CrmRateLimitGuard,3,,,FALSE
GET,/marketplace/businesses/:businessId/inventory/movements,/marketplace/businesses/:param/inventory/movements,getInventoryMovements,MarketplaceController,apps/server/src/modules/marketplace/marketplace.controller.ts,marketplace,MarketplaceModule,TRUE,AuthGuard BusinessGuard CrmRateLimitGuard,3,,,FALSE
POST,/marketplace/businesses/:businessId/inventory/adjust,/marketplace/businesses/:param/inventory/adjust,adjustInventory,MarketplaceController,apps/server/src/modules/marketplace/marketplace.controller.ts,marketplace,MarketplaceModule,TRUE,AuthGuard BusinessGuard CrmRateLimitGuard,3,,,FALSE
POST,/marketplace/businesses/:businessId/inventory/transfer,/marketplace/businesses/:param/inventory/transfer,transferInventory,MarketplaceController,apps/server/src/modules/marketplace/marketplace.controller.ts,marketplace,MarketplaceModule,TRUE,AuthGuard BusinessGuard CrmRateLimitGuard,3,,,FALSE
GET,/marketplace/businesses/:businessId/inventory/export-excel,/marketplace/businesses/:param/inventory/export-excel,exportInventoryExcel,MarketplaceController,apps/server/src/modules/marketplace/marketplace.controller.ts,marketplace,MarketplaceModule,TRUE,AuthGuard BusinessGuard CrmRateLimitGuard,3,,,FALSE
GET,/marketplace/businesses/:businessId/inventory/template-excel,/marketplace/businesses/:param/inventory/template-excel,getInventoryTemplate,MarketplaceController,apps/server/src/modules/marketplace/marketplace.controller.ts,marketplace,MarketplaceModule,TRUE,AuthGuard BusinessGuard CrmRateLimitGuard,3,,,FALSE
POST,/marketplace/businesses/:businessId/inventory/import-excel,/marketplace/businesses/:param/inventory/import-excel,importInventoryExcel,MarketplaceController,apps/server/src/modules/marketplace/marketplace.controller.ts,marketplace,MarketplaceModule,TRUE,AuthGuard BusinessGuard CrmRateLimitGuard,3,,,FALSE
GET,/momentum/businesses/:businessId/recommendations,/momentum/businesses/:param/recommendations,getDailyRecommendations,MomentumController,apps/server/src/modules/momentum/momentum.controller.ts,momentum,MomentumModule,TRUE,AuthGuard BusinessGuard,2,,,FALSE
POST,/momentum/businesses/:businessId/recommendations/:id/action,/momentum/businesses/:param/recommendations/:param/action,actionRecommendation,MomentumController,apps/server/src/modules/momentum/momentum.controller.ts,momentum,MomentumModule,TRUE,AuthGuard BusinessGuard,2,,,FALSE
POST,/momentum/businesses/:businessId/recommendations/:id/snooze,/momentum/businesses/:param/recommendations/:param/snooze,snoozeRecommendation,MomentumController,apps/server/src/modules/momentum/momentum.controller.ts,momentum,MomentumModule,TRUE,AuthGuard BusinessGuard,2,,,FALSE
POST,/momentum/businesses/:businessId/recommendations/:id/dismiss,/momentum/businesses/:param/recommendations/:param/dismiss,dismissRecommendation,MomentumController,apps/server/src/modules/momentum/momentum.controller.ts,momentum,MomentumModule,TRUE,AuthGuard BusinessGuard,2,,,FALSE
POST,/momentum/businesses/:businessId/recommendations/:id/draft,/momentum/businesses/:param/recommendations/:param/draft,generateDraft,MomentumController,apps/server/src/modules/momentum/momentum.controller.ts,momentum,MomentumModule,TRUE,AuthGuard BusinessGuard,2,,,FALSE
GET,/momentum/businesses/:businessId/contacts/:contactId,/momentum/businesses/:param/contacts/:param,getContactMomentum,MomentumController,apps/server/src/modules/momentum/momentum.controller.ts,momentum,MomentumModule,TRUE,AuthGuard BusinessGuard,2,,,FALSE
GET,/momentum/businesses/:businessId/contacts/:contactId/history,/momentum/businesses/:param/contacts/:param/history,getContactMomentumHistory,MomentumController,apps/server/src/modules/momentum/momentum.controller.ts,momentum,MomentumModule,TRUE,AuthGuard BusinessGuard,2,,,FALSE
GET,/momentum/businesses/:businessId/summary,/momentum/businesses/:param/summary,getMomentumSummary,MomentumController,apps/server/src/modules/momentum/momentum.controller.ts,momentum,MomentumModule,TRUE,AuthGuard BusinessGuard,2,,,FALSE
POST,/momentum/businesses/:businessId/sweep,/momentum/businesses/:param/sweep,runDailySweep,MomentumController,apps/server/src/modules/momentum/momentum.controller.ts,momentum,MomentumModule,TRUE,AuthGuard BusinessGuard,2,,,FALSE
GET,/notifications/businesses/:businessId,/notifications/businesses/:param,list,NotificationsController,apps/server/src/modules/notifications/notifications.controller.ts,notifications,NotificationsModule,TRUE,AuthGuard BusinessGuard,2,,,FALSE
GET,/notifications/businesses/:businessId/unread-count,/notifications/businesses/:param/unread-count,unreadCount,NotificationsController,apps/server/src/modules/notifications/notifications.controller.ts,notifications,NotificationsModule,TRUE,AuthGuard BusinessGuard,2,,,FALSE
PATCH,/notifications/businesses/:businessId/:id/read,/notifications/businesses/:param/:param/read,markRead,NotificationsController,apps/server/src/modules/notifications/notifications.controller.ts,notifications,NotificationsModule,TRUE,AuthGuard BusinessGuard,2,,,FALSE
PATCH,/notifications/businesses/:businessId/read-all,/notifications/businesses/:param/read-all,markAllRead,NotificationsController,apps/server/src/modules/notifications/notifications.controller.ts,notifications,NotificationsModule,TRUE,AuthGuard BusinessGuard,2,,,FALSE
GET,/notifications/businesses/:businessId/customer-preferences,/notifications/businesses/:param/customer-preferences,getPreferences,NotificationsController,apps/server/src/modules/notifications/notifications.controller.ts,notifications,NotificationsModule,TRUE,AuthGuard BusinessGuard,2,,,FALSE
PATCH,/notifications/businesses/:businessId/customer-preferences,/notifications/businesses/:param/customer-preferences,updatePreferences,NotificationsController,apps/server/src/modules/notifications/notifications.controller.ts,notifications,NotificationsModule,TRUE,AuthGuard BusinessGuard,2,,,FALSE
GET,/notifications/businesses/:businessId/customer-log,/notifications/businesses/:param/customer-log,getCustomerLog,NotificationsController,apps/server/src/modules/notifications/notifications.controller.ts,notifications,NotificationsModule,TRUE,AuthGuard BusinessGuard,2,,,FALSE
GET,/onboarding-concierge/businesses/:businessId/status,/onboarding-concierge/businesses/:param/status,getSetupStatus,OnboardingConciergeController,apps/server/src/modules/onboarding-concierge/onboarding-concierge.controller.ts,onboarding-concierge,OnboardingConciergeModule,TRUE,AuthGuard BusinessGuard,2,,,FALSE
GET,/onboarding-concierge/businesses/:businessId/state,/onboarding-concierge/businesses/:param/state,getConciergeState,OnboardingConciergeController,apps/server/src/modules/onboarding-concierge/onboarding-concierge.controller.ts,onboarding-concierge,OnboardingConciergeModule,TRUE,AuthGuard BusinessGuard,2,,,FALSE
GET,/onboarding-concierge/businesses/:businessId/onboarding-state,/onboarding-concierge/businesses/:param/onboarding-state,getOnboardingState,OnboardingConciergeController,apps/server/src/modules/onboarding-concierge/onboarding-concierge.controller.ts,onboarding-concierge,OnboardingConciergeModule,TRUE,AuthGuard BusinessGuard,2,,,FALSE
POST,/onboarding-concierge/businesses/:businessId/onboarding-step,/onboarding-concierge/businesses/:param/onboarding-step,saveOnboardingStep,OnboardingConciergeController,apps/server/src/modules/onboarding-concierge/onboarding-concierge.controller.ts,onboarding-concierge,OnboardingConciergeModule,TRUE,AuthGuard BusinessGuard,2,,,FALSE
POST,/onboarding-concierge/businesses/:businessId/seed-demo,/onboarding-concierge/businesses/:param/seed-demo,seedDemoData,OnboardingConciergeController,apps/server/src/modules/onboarding-concierge/onboarding-concierge.controller.ts,onboarding-concierge,OnboardingConciergeModule,TRUE,AuthGuard BusinessGuard,2,,,FALSE
GET,/onboarding-concierge/businesses/:businessId/welcome,/onboarding-concierge/businesses/:param/welcome,getWelcomeMessage,OnboardingConciergeController,apps/server/src/modules/onboarding-concierge/onboarding-concierge.controller.ts,onboarding-concierge,OnboardingConciergeModule,TRUE,AuthGuard BusinessGuard,2,,,FALSE
GET,/onboarding-concierge/businesses/:businessId/templates,/onboarding-concierge/businesses/:param/templates,getTemplates,OnboardingConciergeController,apps/server/src/modules/onboarding-concierge/onboarding-concierge.controller.ts,onboarding-concierge,OnboardingConciergeModule,TRUE,AuthGuard BusinessGuard,2,,,FALSE
GET,/onboarding-concierge/businesses/:businessId/templates/:templateId,/onboarding-concierge/businesses/:param/templates/:param,getTemplatePreview,OnboardingConciergeController,apps/server/src/modules/onboarding-concierge/onboarding-concierge.controller.ts,onboarding-concierge,OnboardingConciergeModule,TRUE,AuthGuard BusinessGuard,2,,,FALSE
POST,/onboarding-concierge/businesses/:businessId/chat,/onboarding-concierge/businesses/:param/chat,chat,OnboardingConciergeController,apps/server/src/modules/onboarding-concierge/onboarding-concierge.controller.ts,onboarding-concierge,OnboardingConciergeModule,TRUE,AuthGuard BusinessGuard,2,,,FALSE
POST,/onboarding-concierge/businesses/:businessId/auto-configure,/onboarding-concierge/businesses/:param/auto-configure,autoConfigure,OnboardingConciergeController,apps/server/src/modules/onboarding-concierge/onboarding-concierge.controller.ts,onboarding-concierge,OnboardingConciergeModule,TRUE,AuthGuard BusinessGuard,2,,,FALSE
POST,/onboarding-concierge/businesses/:businessId/detect-type,/onboarding-concierge/businesses/:param/detect-type,detectBusinessType,OnboardingConciergeController,apps/server/src/modules/onboarding-concierge/onboarding-concierge.controller.ts,onboarding-concierge,OnboardingConciergeModule,TRUE,AuthGuard BusinessGuard,2,,,FALSE
GET,/onboarding-concierge/businesses/:businessId/nudges,/onboarding-concierge/businesses/:param/nudges,getNudges,OnboardingConciergeController,apps/server/src/modules/onboarding-concierge/onboarding-concierge.controller.ts,onboarding-concierge,OnboardingConciergeModule,TRUE,AuthGuard BusinessGuard,2,,,FALSE
POST,/onboarding-concierge/businesses/:businessId/nudges/:nudgeId/snooze,/onboarding-concierge/businesses/:param/nudges/:param/snooze,snoozeNudge,OnboardingConciergeController,apps/server/src/modules/onboarding-concierge/onboarding-concierge.controller.ts,onboarding-concierge,OnboardingConciergeModule,TRUE,AuthGuard BusinessGuard,2,,,FALSE
POST,/onboarding-concierge/businesses/:businessId/dismiss,/onboarding-concierge/businesses/:param/dismiss,dismiss,OnboardingConciergeController,apps/server/src/modules/onboarding-concierge/onboarding-concierge.controller.ts,onboarding-concierge,OnboardingConciergeModule,TRUE,AuthGuard BusinessGuard,2,,,FALSE
POST,/onboarding-concierge/businesses/:businessId/resume,/onboarding-concierge/businesses/:param/resume,resume,OnboardingConciergeController,apps/server/src/modules/onboarding-concierge/onboarding-concierge.controller.ts,onboarding-concierge,OnboardingConciergeModule,TRUE,AuthGuard BusinessGuard,2,,,FALSE
POST,/onboarding-concierge/businesses/:businessId/complete,/onboarding-concierge/businesses/:param/complete,markComplete,OnboardingConciergeController,apps/server/src/modules/onboarding-concierge/onboarding-concierge.controller.ts,onboarding-concierge,OnboardingConciergeModule,TRUE,AuthGuard BusinessGuard,2,,,FALSE
GET,/os/businesses/:businessId/command-center,/os/businesses/:param/command-center,commandCenter,OsController,apps/server/src/modules/os/os.controller.ts,os,OsModule,TRUE,AuthGuard BusinessGuard,2,,,FALSE
GET,/payments/businesses/:businessId/gateways,/payments/businesses/:param/gateways,getGateways,PaymentsOpsController,apps/server/src/modules/payments/payments-ops.controller.ts,payments,PaymentsModule,TRUE,AuthGuard BusinessGuard ModuleScopeGuard,3,"revenue,read",,FALSE
GET,/payments/businesses/:businessId/gateways/payables,/payments/businesses/:param/gateways/payables,listOpenPayables,PaymentsOpsController,apps/server/src/modules/payments/payments-ops.controller.ts,payments,PaymentsModule,TRUE,AuthGuard BusinessGuard ModuleScopeGuard,3,"revenue,read",,FALSE
GET,/payments/businesses/:businessId/transactions,/payments/businesses/:param/transactions,listTransactions,PaymentsOpsController,apps/server/src/modules/payments/payments-ops.controller.ts,payments,PaymentsModule,TRUE,AuthGuard BusinessGuard ModuleScopeGuard,3,"revenue,read",,FALSE
GET,/payments/businesses/:businessId/links,/payments/businesses/:param/links,listLinks,PaymentsOpsController,apps/server/src/modules/payments/payments-ops.controller.ts,payments,PaymentsModule,TRUE,AuthGuard BusinessGuard ModuleScopeGuard,3,"revenue,read",,FALSE
POST,/payments/businesses/:businessId/links,/payments/businesses/:param/links,createLink,PaymentsOpsController,apps/server/src/modules/payments/payments-ops.controller.ts,payments,PaymentsModule,TRUE,AuthGuard BusinessGuard ModuleScopeGuard,3,"revenue,write",,FALSE
DELETE,/payments/businesses/:businessId/links/:gateway/:linkId,/payments/businesses/:param/links/:param/:param,revokeLink,PaymentsOpsController,apps/server/src/modules/payments/payments-ops.controller.ts,payments,PaymentsModule,TRUE,AuthGuard BusinessGuard ModuleScopeGuard,3,"revenue,write",,FALSE
DELETE,/payments/businesses/:businessId/links/:linkId,/payments/businesses/:param/links/:param,revokeLinkByIdOnly,PaymentsOpsController,apps/server/src/modules/payments/payments-ops.controller.ts,payments,PaymentsModule,TRUE,AuthGuard BusinessGuard ModuleScopeGuard,3,"revenue,write",,FALSE
POST,/payments/businesses/:businessId/refunds,/payments/businesses/:param/refunds,refund,PaymentsOpsController,apps/server/src/modules/payments/payments-ops.controller.ts,payments,PaymentsModule,TRUE,AuthGuard BusinessGuard ModuleScopeGuard,3,"revenue,write",,FALSE
GET,/payments/businesses/:businessId/transactions/:transactionId/link,/payments/businesses/:param/transactions/:param/link,resolveTransactionLink,PaymentsOpsController,apps/server/src/modules/payments/payments-ops.controller.ts,payments,PaymentsModule,TRUE,AuthGuard BusinessGuard ModuleScopeGuard,3,"revenue,read",,FALSE
GET,/payments/invoice/:invoiceId/gateways,/payments/invoice/:param/gateways,getGateways,PaymentsController,apps/server/src/modules/payments/payments.controller.ts,payments,PaymentsModule,TRUE,PublicRateLimitGuard,1,,,FALSE
POST,/payments/invoice/:invoiceId/wipay,/payments/invoice/:param/wipay,createWipayCheckout,PaymentsController,apps/server/src/modules/payments/payments.controller.ts,payments,PaymentsModule,TRUE,PublicRateLimitGuard,1,,,FALSE
GET,/payments/wipay/callback,/payments/wipay/callback,handleWipayCallback,PaymentsController,apps/server/src/modules/payments/payments.controller.ts,payments,PaymentsModule,TRUE,PublicRateLimitGuard,1,,,FALSE
POST,/payments/invoice/:invoiceId/paypal/create-order,/payments/invoice/:param/paypal/create-order,createPaypalOrder,PaymentsController,apps/server/src/modules/payments/payments.controller.ts,payments,PaymentsModule,TRUE,PublicRateLimitGuard,1,,,FALSE
POST,/payments/paypal/capture/:orderId,/payments/paypal/capture/:param,capturePaypalOrder,PaymentsController,apps/server/src/modules/payments/payments.controller.ts,payments,PaymentsModule,TRUE,PublicRateLimitGuard,1,,,FALSE
GET,/payments/paypal/setup,/payments/paypal/setup,getPaypalSetup,PaymentsController,apps/server/src/modules/payments/payments.controller.ts,payments,PaymentsModule,TRUE,PublicRateLimitGuard,1,,,FALSE
GET,/payments/invoice/:invoiceId/status,/payments/invoice/:param/status,getInvoicePaymentStatus,PaymentsController,apps/server/src/modules/payments/payments.controller.ts,payments,PaymentsModule,TRUE,PublicRateLimitGuard,1,,,FALSE
POST,/payments/invoice/:invoiceId/stripe,/payments/invoice/:param/stripe,createStripeCheckout,PaymentsController,apps/server/src/modules/payments/payments.controller.ts,payments,PaymentsModule,TRUE,PublicRateLimitGuard,1,,,FALSE
POST,/payments/create-checkout,/payments/create-checkout,createCheckout,PaymentsController,apps/server/src/modules/payments/payments.controller.ts,payments,PaymentsModule,TRUE,PublicRateLimitGuard,1,,,FALSE
POST,/payments/stripe/webhook,/payments/stripe/webhook,handleStripeWebhook,PaymentsController,apps/server/src/modules/payments/payments.controller.ts,payments,PaymentsModule,TRUE,PublicRateLimitGuard,1,,,FALSE
POST,/payments/paypal/webhook,/payments/paypal/webhook,handlePaypalWebhook,PaymentsController,apps/server/src/modules/payments/payments.controller.ts,payments,PaymentsModule,TRUE,PublicRateLimitGuard,1,,,FALSE
GET,/payroll/businesses/:businessId/rates,/payroll/businesses/:param/rates,listRates,PayrollController,apps/server/src/modules/payroll/payroll.controller.ts,payroll,PayrollModule,TRUE,AuthGuard BusinessGuard ModuleScopeGuard,3,"operations,read",,FALSE
GET,/payroll/businesses/:businessId/runs,/payroll/businesses/:param/runs,listRuns,PayrollController,apps/server/src/modules/payroll/payroll.controller.ts,payroll,PayrollModule,TRUE,AuthGuard BusinessGuard ModuleScopeGuard,3,"operations,read",,FALSE
GET,/payroll/businesses/:businessId/runs/:runId,/payroll/businesses/:param/runs/:param,getRun,PayrollController,apps/server/src/modules/payroll/payroll.controller.ts,payroll,PayrollModule,TRUE,AuthGuard BusinessGuard ModuleScopeGuard,3,"operations,read",,FALSE
POST,/payroll/businesses/:businessId/runs/:runId/approve,/payroll/businesses/:param/runs/:param/approve,approveRun,PayrollController,apps/server/src/modules/payroll/payroll.controller.ts,payroll,PayrollModule,TRUE,AuthGuard BusinessGuard ModuleScopeGuard,3,"operations,write",,FALSE
POST,/payroll/businesses/:businessId/runs/:runId/mark-paid,/payroll/businesses/:param/runs/:param/mark-paid,markRunPaid,PayrollController,apps/server/src/modules/payroll/payroll.controller.ts,payroll,PayrollModule,TRUE,AuthGuard BusinessGuard ModuleScopeGuard,3,"operations,write",,FALSE
GET,/people-flow/businesses/:businessId/overview,/people-flow/businesses/:param/overview,getOverview,PeopleFlowController,apps/server/src/modules/people-flow/people-flow.controller.ts,people-flow,PeopleFlowModule,TRUE,AuthGuard BusinessGuard,2,,,FALSE
GET,/people-flow/businesses/:businessId/contacts/:contactId/health,/people-flow/businesses/:param/contacts/:param/health,getContactHealth,PeopleFlowController,apps/server/src/modules/people-flow/people-flow.controller.ts,people-flow,PeopleFlowModule,TRUE,AuthGuard BusinessGuard,2,,,FALSE
GET,/people-flow/businesses/:businessId/segments,/people-flow/businesses/:param/segments,getSegments,PeopleFlowController,apps/server/src/modules/people-flow/people-flow.controller.ts,people-flow,PeopleFlowModule,TRUE,AuthGuard BusinessGuard,2,,,FALSE
POST,/api/v1/cortex/phone/inbound,/api/v1/cortex/phone/inbound,inbound,PhoneVoiceController,apps/server/src/modules/phone-voice/phone-voice.controller.ts,phone-voice,PhoneVoiceModule,TRUE,,0,,,TRUE
POST,/api/v1/cortex/phone/outbound,/api/v1/cortex/phone/outbound,outbound,PhoneVoiceController,apps/server/src/modules/phone-voice/phone-voice.controller.ts,phone-voice,PhoneVoiceModule,TRUE,AuthGuard BusinessGuard,2,,,FALSE
POST,/portal/businesses/:businessId/access,/portal/businesses/:param/access,createAccess,PortalController,apps/server/src/modules/portal/portal.controller.ts,portal,PortalModule,TRUE,AuthGuard BusinessGuard RateLimitGuard,3,,,FALSE
GET,/portal/businesses/:businessId/access,/portal/businesses/:param/access,listAccess,PortalController,apps/server/src/modules/portal/portal.controller.ts,portal,PortalModule,TRUE,AuthGuard BusinessGuard RateLimitGuard,3,,,FALSE
PATCH,/portal/businesses/:businessId/access/:id,/portal/businesses/:param/access/:param,updateSettings,PortalController,apps/server/src/modules/portal/portal.controller.ts,portal,PortalModule,TRUE,AuthGuard BusinessGuard RateLimitGuard,3,,,FALSE
DELETE,/portal/businesses/:businessId/access/:id,/portal/businesses/:param/access/:param,revokeAccess,PortalController,apps/server/src/modules/portal/portal.controller.ts,portal,PortalModule,TRUE,AuthGuard BusinessGuard RateLimitGuard,3,,,FALSE
GET,/portal/validate,/portal/validate,validateToken,PortalController,apps/server/src/modules/portal/portal.controller.ts,portal,PortalModule,TRUE,,0,,,TRUE
GET,/procurement/businesses/:businessId,/procurement/businesses/:param,list,ProcurementController,apps/server/src/modules/procurement/procurement.controller.ts,procurement,ProcurementModule,TRUE,AuthGuard CrmRateLimitGuard BusinessGuard,3,,,FALSE
POST,/procurement/businesses/:businessId,/procurement/businesses/:param,create,ProcurementController,apps/server/src/modules/procurement/procurement.controller.ts,procurement,ProcurementModule,TRUE,AuthGuard CrmRateLimitGuard BusinessGuard,3,,,FALSE
GET,/procurement/businesses/:businessId/:id,/procurement/businesses/:param/:param,get,ProcurementController,apps/server/src/modules/procurement/procurement.controller.ts,procurement,ProcurementModule,TRUE,AuthGuard CrmRateLimitGuard BusinessGuard,3,,,FALSE
PATCH,/procurement/businesses/:businessId/:id,/procurement/businesses/:param/:param,update,ProcurementController,apps/server/src/modules/procurement/procurement.controller.ts,procurement,ProcurementModule,TRUE,AuthGuard CrmRateLimitGuard BusinessGuard,3,,,FALSE
POST,/procurement/businesses/:businessId/:id/submit,/procurement/businesses/:param/:param/submit,submit,ProcurementController,apps/server/src/modules/procurement/procurement.controller.ts,procurement,ProcurementModule,TRUE,AuthGuard CrmRateLimitGuard BusinessGuard,3,,,FALSE
POST,/procurement/businesses/:businessId/:id/approve,/procurement/businesses/:param/:param/approve,approve,ProcurementController,apps/server/src/modules/procurement/procurement.controller.ts,procurement,ProcurementModule,TRUE,AuthGuard CrmRateLimitGuard BusinessGuard,3,,,FALSE
POST,/procurement/businesses/:businessId/:id/reject,/procurement/businesses/:param/:param/reject,reject,ProcurementController,apps/server/src/modules/procurement/procurement.controller.ts,procurement,ProcurementModule,TRUE,AuthGuard CrmRateLimitGuard BusinessGuard,3,,,FALSE
GET,/procurement/businesses/:businessId/suppliers,/procurement/businesses/:param/suppliers,listSuppliers,ProcurementController,apps/server/src/modules/procurement/procurement.controller.ts,procurement,ProcurementModule,TRUE,AuthGuard CrmRateLimitGuard BusinessGuard,3,,,FALSE
POST,/procurement/businesses/:businessId/:id/vendor,/procurement/businesses/:param/:param/vendor,selectVendor,ProcurementController,apps/server/src/modules/procurement/procurement.controller.ts,procurement,ProcurementModule,TRUE,AuthGuard CrmRateLimitGuard BusinessGuard,3,,,FALSE
POST,/procurement/businesses/:businessId/:id/issue-po,/procurement/businesses/:param/:param/issue-po,issuePO,ProcurementController,apps/server/src/modules/procurement/procurement.controller.ts,procurement,ProcurementModule,TRUE,AuthGuard CrmRateLimitGuard BusinessGuard,3,,,FALSE
POST,/procurement/businesses/:businessId/:id/acknowledge,/procurement/businesses/:param/:param/acknowledge,acknowledgeVendor,ProcurementController,apps/server/src/modules/procurement/procurement.controller.ts,procurement,ProcurementModule,TRUE,AuthGuard CrmRateLimitGuard BusinessGuard,3,,,FALSE
POST,/procurement/businesses/:businessId/:id/fulfill,/procurement/businesses/:param/:param/fulfill,markFulfilled,ProcurementController,apps/server/src/modules/procurement/procurement.controller.ts,procurement,ProcurementModule,TRUE,AuthGuard CrmRateLimitGuard BusinessGuard,3,,,FALSE
POST,/procurement/businesses/:businessId/:id/invoice,/procurement/businesses/:param/:param/invoice,markInvoiced,ProcurementController,apps/server/src/modules/procurement/procurement.controller.ts,procurement,ProcurementModule,TRUE,AuthGuard CrmRateLimitGuard BusinessGuard,3,,,FALSE
GET,/procurement/businesses/:businessId/stats,/procurement/businesses/:param/stats,stats,ProcurementController,apps/server/src/modules/procurement/procurement.controller.ts,procurement,ProcurementModule,TRUE,AuthGuard CrmRateLimitGuard BusinessGuard,3,,,FALSE
POST,/analytics/businesses/:businessId/events,/analytics/businesses/:param/events,ingestEvent,ProductAnalyticsController,apps/server/src/modules/product-analytics/product-analytics.controller.ts,product-analytics,ProductAnalyticsModule,TRUE,AuthGuard BusinessGuard ModuleScopeGuard,3,"settings,read",,FALSE
POST,/analytics/businesses/:businessId/events/batch,/analytics/businesses/:param/events/batch,ingestEventsBatch,ProductAnalyticsController,apps/server/src/modules/product-analytics/product-analytics.controller.ts,product-analytics,ProductAnalyticsModule,TRUE,AuthGuard BusinessGuard ModuleScopeGuard,3,"settings,read",,FALSE
POST,/analytics/businesses/:businessId/feedback,/analytics/businesses/:param/feedback,createFeedback,ProductAnalyticsController,apps/server/src/modules/product-analytics/product-analytics.controller.ts,product-analytics,ProductAnalyticsModule,TRUE,AuthGuard BusinessGuard ModuleScopeGuard,3,"settings,read",,FALSE
GET,/analytics/businesses/:businessId/feedback,/analytics/businesses/:param/feedback,listFeedback,ProductAnalyticsController,apps/server/src/modules/product-analytics/product-analytics.controller.ts,product-analytics,ProductAnalyticsModule,TRUE,AuthGuard BusinessGuard ModuleScopeGuard,3,"settings,read",,FALSE
POST,/analytics/businesses/:businessId/ai-quality,/analytics/businesses/:param/ai-quality,createAiQualitySignal,ProductAnalyticsController,apps/server/src/modules/product-analytics/product-analytics.controller.ts,product-analytics,ProductAnalyticsModule,TRUE,AuthGuard BusinessGuard ModuleScopeGuard,3,"settings,read",,FALSE
GET,/analytics/businesses/:businessId/ai-quality,/analytics/businesses/:param/ai-quality,listAiQuality,ProductAnalyticsController,apps/server/src/modules/product-analytics/product-analytics.controller.ts,product-analytics,ProductAnalyticsModule,TRUE,AuthGuard BusinessGuard ModuleScopeGuard,3,"settings,read",,FALSE
GET,/analytics/businesses/:businessId/events,/analytics/businesses/:param/events,listEvents,ProductAnalyticsController,apps/server/src/modules/product-analytics/product-analytics.controller.ts,product-analytics,ProductAnalyticsModule,TRUE,AuthGuard BusinessGuard ModuleScopeGuard,3,"settings,read",,FALSE
GET,/analytics/businesses/:businessId/activation-funnel,/analytics/businesses/:param/activation-funnel,getActivationFunnel,ProductAnalyticsController,apps/server/src/modules/product-analytics/product-analytics.controller.ts,product-analytics,ProductAnalyticsModule,TRUE,AuthGuard BusinessGuard ModuleScopeGuard,3,"settings,read",,FALSE
GET,/projects/businesses/:businessId,/projects/businesses/:param,listProjects,ProjectsController,apps/server/src/modules/projects/projects.controller.ts,projects,ProjectsModule,TRUE,AuthGuard BusinessGuard,2,,,FALSE
GET,/projects/businesses/:businessId/projects/:projectId,/projects/businesses/:param/projects/:param,getProject,ProjectsController,apps/server/src/modules/projects/projects.controller.ts,projects,ProjectsModule,TRUE,AuthGuard BusinessGuard,2,,,FALSE
POST,/projects/businesses/:businessId,/projects/businesses/:param,createProject,ProjectsController,apps/server/src/modules/projects/projects.controller.ts,projects,ProjectsModule,TRUE,AuthGuard BusinessGuard,2,,,FALSE
PATCH,/projects/businesses/:businessId/projects/:projectId,/projects/businesses/:param/projects/:param,updateProject,ProjectsController,apps/server/src/modules/projects/projects.controller.ts,projects,ProjectsModule,TRUE,AuthGuard BusinessGuard,2,,,FALSE
DELETE,/projects/businesses/:businessId/projects/:projectId,/projects/businesses/:param/projects/:param,deleteProject,ProjectsController,apps/server/src/modules/projects/projects.controller.ts,projects,ProjectsModule,TRUE,AuthGuard BusinessGuard,2,,,FALSE
POST,/projects/businesses/:businessId/projects/:projectId/tasks,/projects/businesses/:param/projects/:param/tasks,addTask,ProjectsController,apps/server/src/modules/projects/projects.controller.ts,projects,ProjectsModule,TRUE,AuthGuard BusinessGuard,2,,,FALSE
PATCH,/projects/businesses/:businessId/tasks/:taskId,/projects/businesses/:param/tasks/:param,updateTask,ProjectsController,apps/server/src/modules/projects/projects.controller.ts,projects,ProjectsModule,TRUE,AuthGuard BusinessGuard,2,,,FALSE
DELETE,/projects/businesses/:businessId/tasks/:taskId,/projects/businesses/:param/tasks/:param,deleteTask,ProjectsController,apps/server/src/modules/projects/projects.controller.ts,projects,ProjectsModule,TRUE,AuthGuard BusinessGuard,2,,,FALSE
PATCH,/projects/businesses/:businessId/tasks/:taskId/status,/projects/businesses/:param/tasks/:param/status,updateTaskStatus,ProjectsController,apps/server/src/modules/projects/projects.controller.ts,projects,ProjectsModule,TRUE,AuthGuard BusinessGuard,2,,,FALSE
POST,/projects/businesses/:businessId/projects/:projectId/tasks/reorder,/projects/businesses/:param/projects/:param/tasks/reorder,reorderTasks,ProjectsController,apps/server/src/modules/projects/projects.controller.ts,projects,ProjectsModule,TRUE,AuthGuard BusinessGuard,2,,,FALSE
GET,/projects/businesses/:businessId/projects/:projectId/budget,/projects/businesses/:param/projects/:param/budget,getProjectBudget,ProjectsController,apps/server/src/modules/projects/projects.controller.ts,projects,ProjectsModule,TRUE,AuthGuard BusinessGuard,2,,,FALSE
GET,/projects/businesses/:businessId/projects/:projectId/timeline,/projects/businesses/:param/projects/:param/timeline,getProjectTimeline,ProjectsController,apps/server/src/modules/projects/projects.controller.ts,projects,ProjectsModule,TRUE,AuthGuard BusinessGuard,2,,,FALSE
POST,/projects/businesses/:businessId/projects/:projectId/milestones,/projects/businesses/:param/projects/:param/milestones,createMilestone,ProjectsController,apps/server/src/modules/projects/projects.controller.ts,projects,ProjectsModule,TRUE,AuthGuard BusinessGuard,2,,,FALSE
PATCH,/projects/businesses/:businessId/projects/:projectId/milestones/:milestoneId,/projects/businesses/:param/projects/:param/milestones/:param,updateMilestone,ProjectsController,apps/server/src/modules/projects/projects.controller.ts,projects,ProjectsModule,TRUE,AuthGuard BusinessGuard,2,,,FALSE
DELETE,/projects/businesses/:businessId/projects/:projectId/milestones/:milestoneId,/projects/businesses/:param/projects/:param/milestones/:param,deleteMilestone,ProjectsController,apps/server/src/modules/projects/projects.controller.ts,projects,ProjectsModule,TRUE,AuthGuard BusinessGuard,2,,,FALSE
GET,/projects/businesses/:businessId/templates,/projects/businesses/:param/templates,listTemplates,ProjectsController,apps/server/src/modules/projects/projects.controller.ts,projects,ProjectsModule,TRUE,AuthGuard BusinessGuard,2,,,FALSE
POST,/projects/businesses/:businessId/templates,/projects/businesses/:param/templates,createTemplate,ProjectsController,apps/server/src/modules/projects/projects.controller.ts,projects,ProjectsModule,TRUE,AuthGuard BusinessGuard,2,,,FALSE
DELETE,/projects/businesses/:businessId/templates/:templateId,/projects/businesses/:param/templates/:param,deleteTemplate,ProjectsController,apps/server/src/modules/projects/projects.controller.ts,projects,ProjectsModule,TRUE,AuthGuard BusinessGuard,2,,,FALSE
POST,/projects/businesses/:businessId/from-template/:templateId,/projects/businesses/:param/from-template/:param,createFromTemplate,ProjectsController,apps/server/src/modules/projects/projects.controller.ts,projects,ProjectsModule,TRUE,AuthGuard BusinessGuard,2,,,FALSE
POST,/projects/businesses/:businessId/plans,/projects/businesses/:param/plans,generatePlan,ProjectsController,apps/server/src/modules/projects/projects.controller.ts,projects,ProjectsModule,TRUE,AuthGuard BusinessGuard,2,,,FALSE
GET,/projects/businesses/:businessId/plans,/projects/businesses/:param/plans,listPlans,ProjectsController,apps/server/src/modules/projects/projects.controller.ts,projects,ProjectsModule,TRUE,AuthGuard BusinessGuard,2,,,FALSE
GET,/projects/businesses/:businessId/plans/:planId,/projects/businesses/:param/plans/:param,getPlan,ProjectsController,apps/server/src/modules/projects/projects.controller.ts,projects,ProjectsModule,TRUE,AuthGuard BusinessGuard,2,,,FALSE
PATCH,/projects/businesses/:businessId/plans/:planId,/projects/businesses/:param/plans/:param,updatePlan,ProjectsController,apps/server/src/modules/projects/projects.controller.ts,projects,ProjectsModule,TRUE,AuthGuard BusinessGuard,2,,,FALSE
POST,/projects/businesses/:businessId/plans/:planId/approve,/projects/businesses/:param/plans/:param/approve,approvePlan,ProjectsController,apps/server/src/modules/projects/projects.controller.ts,projects,ProjectsModule,TRUE,AuthGuard BusinessGuard,2,,,FALSE
POST,/projects/businesses/:businessId/plans/:planId/reject,/projects/businesses/:param/plans/:param/reject,rejectPlan,ProjectsController,apps/server/src/modules/projects/projects.controller.ts,projects,ProjectsModule,TRUE,AuthGuard BusinessGuard,2,,,FALSE
DELETE,/projects/businesses/:businessId/plans/:planId,/projects/businesses/:param/plans/:param,deletePlan,ProjectsController,apps/server/src/modules/projects/projects.controller.ts,projects,ProjectsModule,TRUE,AuthGuard BusinessGuard,2,,,FALSE
PATCH,/projects/businesses/:businessId/plans/:planId/events/:eventId,/projects/businesses/:param/plans/:param/events/:param,updatePlanEvent,ProjectsController,apps/server/src/modules/projects/projects.controller.ts,projects,ProjectsModule,TRUE,AuthGuard BusinessGuard,2,,,FALSE
POST,/projects/businesses/:businessId/plans/:planId/events/reorder,/projects/businesses/:param/plans/:param/events/reorder,reorderEvents,ProjectsController,apps/server/src/modules/projects/projects.controller.ts,projects,ProjectsModule,TRUE,AuthGuard BusinessGuard,2,,,FALSE
POST,/projects/businesses/:businessId/plans/:planId/events/:eventId/analyze-impact,/projects/businesses/:param/plans/:param/events/:param/analyze-impact,analyzeImpact,ProjectsController,apps/server/src/modules/projects/projects.controller.ts,projects,ProjectsModule,TRUE,AuthGuard BusinessGuard,2,,,FALSE
POST,/projects/businesses/:businessId/plans/:planId/events/:eventId/execute,/projects/businesses/:param/plans/:param/events/:param/execute,executeInAppEvent,ProjectsController,apps/server/src/modules/projects/projects.controller.ts,projects,ProjectsModule,TRUE,AuthGuard BusinessGuard,2,,,FALSE
POST,/projects/businesses/:businessId/plans/:planId/events/:eventId/complete,/projects/businesses/:param/plans/:param/events/:param/complete,completeOutAppEvent,ProjectsController,apps/server/src/modules/projects/projects.controller.ts,projects,ProjectsModule,TRUE,AuthGuard BusinessGuard,2,,,FALSE
POST,/public/events,/public/events,batch,PublicPresenceController,apps/server/src/modules/public-events/presence.controller.ts,public-events,PublicEventsModule,TRUE,PublicRateLimitGuard,1,,,FALSE
GET,/businesses/:businessId/presence/stats/overview,/businesses/:param/presence/stats/overview,overview,PublicPresenceController,apps/server/src/modules/public-events/presence.controller.ts,public-events,PublicEventsModule,TRUE,AuthGuard BusinessGuard,2,,,FALSE
GET,/businesses/:businessId/reports/presence/sources,/businesses/:param/reports/presence/sources,sources,PublicPresenceController,apps/server/src/modules/public-events/presence.controller.ts,public-events,PublicEventsModule,TRUE,AuthGuard BusinessGuard,2,,,FALSE
GET,/businesses/:businessId/reports/presence/pages,/businesses/:param/reports/presence/pages,pages,PublicPresenceController,apps/server/src/modules/public-events/presence.controller.ts,public-events,PublicEventsModule,TRUE,AuthGuard BusinessGuard,2,,,FALSE
GET,/businesses/:businessId/reports/presence/funnel,/businesses/:param/reports/presence/funnel,funnel,PublicPresenceController,apps/server/src/modules/public-events/presence.controller.ts,public-events,PublicEventsModule,TRUE,AuthGuard BusinessGuard,2,,,FALSE
POST,/businesses/:businessId/presence/aggregate,/businesses/:param/presence/aggregate,runAggregator,PublicPresenceController,apps/server/src/modules/public-events/presence.controller.ts,public-events,PublicEventsModule,TRUE,AuthGuard BusinessGuard,2,,,FALSE
POST,/public-events/businesses/:businessId/track,/public-events/businesses/:param/track,track,PublicEventsController,apps/server/src/modules/public-events/public-events.controller.ts,public-events,PublicEventsModule,TRUE,PublicRateLimitGuard,1,,,FALSE
POST,/api/businesses/:businessId/push/subscribe,/api/businesses/:param/push/subscribe,subscribe,PushNotificationController,apps/server/src/modules/push-notifications/push-notification.controller.ts,push-notifications,PushNotificationModule,TRUE,BusinessGuard,1,settings,,FALSE
POST,/api/businesses/:businessId/push/unsubscribe,/api/businesses/:param/push/unsubscribe,unsubscribe,PushNotificationController,apps/server/src/modules/push-notifications/push-notification.controller.ts,push-notifications,PushNotificationModule,TRUE,BusinessGuard,1,settings,,FALSE
POST,/api/businesses/:businessId/push/test,/api/businesses/:param/push/test,sendTest,PushNotificationController,apps/server/src/modules/push-notifications/push-notification.controller.ts,push-notifications,PushNotificationModule,TRUE,BusinessGuard,1,settings,,FALSE
GET,/api/businesses/:businessId/push/config,/api/businesses/:param/push/config,getConfig,PushNotificationController,apps/server/src/modules/push-notifications/push-notification.controller.ts,push-notifications,PushNotificationModule,TRUE,BusinessGuard,1,settings,,FALSE
GET,/realtime/businesses/:businessId/events,/realtime/businesses/:param/events,events,RealtimeController,apps/server/src/modules/realtime/realtime.controller.ts,realtime,RealtimeModule,TRUE,AuthGuard BusinessGuard,2,,,FALSE
GET,/businesses/:businessId/reports/generate,/businesses/:param/reports/generate,generateReport,ReportsController,apps/server/src/modules/reports/reports.controller.ts,reports,ReportsModule,TRUE,AuthGuard BusinessGuard,2,,,FALSE
GET,/businesses/:businessId/reports/pnl,/businesses/:param/reports/pnl,pnl,ReportsController,apps/server/src/modules/reports/reports.controller.ts,reports,ReportsModule,TRUE,AuthGuard BusinessGuard,2,,,FALSE
GET,/businesses/:businessId/reports/cashflow,/businesses/:param/reports/cashflow,cashflow,ReportsController,apps/server/src/modules/reports/reports.controller.ts,reports,ReportsModule,TRUE,AuthGuard BusinessGuard,2,,,FALSE
GET,/businesses/:businessId/reports/balance-sheet,/businesses/:param/reports/balance-sheet,balanceSheet,ReportsController,apps/server/src/modules/reports/reports.controller.ts,reports,ReportsModule,TRUE,AuthGuard BusinessGuard,2,,,FALSE
GET,/businesses/:businessId/reports/tax-summary,/businesses/:param/reports/tax-summary,taxSummary,ReportsController,apps/server/src/modules/reports/reports.controller.ts,reports,ReportsModule,TRUE,AuthGuard BusinessGuard,2,,,FALSE
GET,/businesses/:businessId/reports/ar-aging,/businesses/:param/reports/ar-aging,arAging,ReportsController,apps/server/src/modules/reports/reports.controller.ts,reports,ReportsModule,TRUE,AuthGuard BusinessGuard,2,,,FALSE
GET,/businesses/:businessId/reports/ap-aging,/businesses/:param/reports/ap-aging,apAging,ReportsController,apps/server/src/modules/reports/reports.controller.ts,reports,ReportsModule,TRUE,AuthGuard BusinessGuard,2,,,FALSE
GET,/businesses/:businessId/reports/revenue-by,/businesses/:param/reports/revenue-by,revenueBy,ReportsController,apps/server/src/modules/reports/reports.controller.ts,reports,ReportsModule,TRUE,AuthGuard BusinessGuard,2,,,FALSE
GET,/businesses/:businessId/reports/expense-by,/businesses/:param/reports/expense-by,expenseBy,ReportsController,apps/server/src/modules/reports/reports.controller.ts,reports,ReportsModule,TRUE,AuthGuard BusinessGuard,2,,,FALSE
POST,/retainers/businesses/:businessId,/retainers/businesses/:param,create,RetainerController,apps/server/src/modules/retainers/retainer.controller.ts,retainers,RetainerModule,TRUE,AuthGuard BusinessGuard RateLimitGuard,3,,,FALSE
GET,/retainers/businesses/:businessId,/retainers/businesses/:param,list,RetainerController,apps/server/src/modules/retainers/retainer.controller.ts,retainers,RetainerModule,TRUE,AuthGuard BusinessGuard RateLimitGuard,3,,,FALSE
GET,/retainers/businesses/:businessId/summary,/retainers/businesses/:param/summary,summary,RetainerController,apps/server/src/modules/retainers/retainer.controller.ts,retainers,RetainerModule,TRUE,AuthGuard BusinessGuard RateLimitGuard,3,,,FALSE
GET,/retainers/businesses/:businessId/:id,/retainers/businesses/:param/:param,findById,RetainerController,apps/server/src/modules/retainers/retainer.controller.ts,retainers,RetainerModule,TRUE,AuthGuard BusinessGuard RateLimitGuard,3,,,FALSE
PATCH,/retainers/businesses/:businessId/:id,/retainers/businesses/:param/:param,update,RetainerController,apps/server/src/modules/retainers/retainer.controller.ts,retainers,RetainerModule,TRUE,AuthGuard BusinessGuard RateLimitGuard,3,,,FALSE
DELETE,/retainers/businesses/:businessId/:id,/retainers/businesses/:param/:param,delete,RetainerController,apps/server/src/modules/retainers/retainer.controller.ts,retainers,RetainerModule,TRUE,AuthGuard BusinessGuard RateLimitGuard,3,,,FALSE
POST,/retainers/businesses/:businessId/:id/periods,/retainers/businesses/:param/:param/periods,createPeriod,RetainerController,apps/server/src/modules/retainers/retainer.controller.ts,retainers,RetainerModule,TRUE,AuthGuard BusinessGuard RateLimitGuard,3,,,FALSE
PATCH,/retainers/businesses/:businessId/:retainerId/periods/:periodId,/retainers/businesses/:param/:param/periods/:param,updatePeriod,RetainerController,apps/server/src/modules/retainers/retainer.controller.ts,retainers,RetainerModule,TRUE,AuthGuard BusinessGuard RateLimitGuard,3,,,FALSE
POST,/admin/risc/users/:userId/erase,/admin/risc/users/:param/erase,eraseUserEvents,RiscAdminController,apps/server/src/modules/risc/risc-admin.controller.ts,risc,RiscModule,TRUE,AuthGuard,1,,,FALSE
POST,/webhooks/risc,/webhooks/risc,receiveEvent,RiscController,apps/server/src/modules/risc/risc.controller.ts,risc,RiscModule,TRUE,,0,,,TRUE
GET,/security/businesses/:businessId/audit,/security/businesses/:param/audit,runAudit,SecurityAuditController,apps/server/src/modules/security-audit/security-audit.controller.ts,security-audit,SecurityAuditModule,TRUE,AuthGuard BusinessGuard,2,,,FALSE
GET,/seo/businesses/:businessId/dashboard,/seo/businesses/:param/dashboard,getDashboard,SeoController,apps/server/src/modules/seo/seo.controller.ts,seo,SeoModule,TRUE,AuthGuard SeoAdminGuard BusinessGuard,3,,,FALSE
GET,/seo/businesses/:businessId/pages,/seo/businesses/:param/pages,getPages,SeoController,apps/server/src/modules/seo/seo.controller.ts,seo,SeoModule,TRUE,AuthGuard SeoAdminGuard BusinessGuard,3,,,FALSE
GET,/seo/businesses/:businessId/pages/:pageId,/seo/businesses/:param/pages/:param,getPageDetail,SeoController,apps/server/src/modules/seo/seo.controller.ts,seo,SeoModule,TRUE,AuthGuard SeoAdminGuard BusinessGuard,3,,,FALSE
POST,/seo/businesses/:businessId/pages/sync,/seo/businesses/:param/pages/sync,syncPages,SeoController,apps/server/src/modules/seo/seo.controller.ts,seo,SeoModule,TRUE,AuthGuard SeoAdminGuard BusinessGuard,3,,,FALSE
GET,/seo/businesses/:businessId/keywords,/seo/businesses/:param/keywords,getKeywords,SeoController,apps/server/src/modules/seo/seo.controller.ts,seo,SeoModule,TRUE,AuthGuard SeoAdminGuard BusinessGuard,3,,,FALSE
POST,/seo/businesses/:businessId/keywords,/seo/businesses/:param/keywords,addKeyword,SeoController,apps/server/src/modules/seo/seo.controller.ts,seo,SeoModule,TRUE,AuthGuard SeoAdminGuard BusinessGuard,3,,,FALSE
DELETE,/seo/businesses/:businessId/keywords/:keywordId,/seo/businesses/:param/keywords/:param,removeKeyword,SeoController,apps/server/src/modules/seo/seo.controller.ts,seo,SeoModule,TRUE,AuthGuard SeoAdminGuard BusinessGuard,3,,,FALSE
GET,/seo/businesses/:businessId/keywords/:keywordId/history,/seo/businesses/:param/keywords/:param/history,getKeywordHistory,SeoController,apps/server/src/modules/seo/seo.controller.ts,seo,SeoModule,TRUE,AuthGuard SeoAdminGuard BusinessGuard,3,,,FALSE
GET,/seo/businesses/:businessId/issues,/seo/businesses/:param/issues,getIssues,SeoController,apps/server/src/modules/seo/seo.controller.ts,seo,SeoModule,TRUE,AuthGuard SeoAdminGuard BusinessGuard,3,,,FALSE
PATCH,/seo/businesses/:businessId/issues/:issueId/resolve,/seo/businesses/:param/issues/:param/resolve,resolveIssue,SeoController,apps/server/src/modules/seo/seo.controller.ts,seo,SeoModule,TRUE,AuthGuard SeoAdminGuard BusinessGuard,3,,,FALSE
POST,/seo/businesses/:businessId/issues/detect,/seo/businesses/:param/issues/detect,detectIssues,SeoController,apps/server/src/modules/seo/seo.controller.ts,seo,SeoModule,TRUE,AuthGuard SeoAdminGuard BusinessGuard,3,,,FALSE
GET,/seo/businesses/:businessId/briefs,/seo/businesses/:param/briefs,getContentBriefs,SeoController,apps/server/src/modules/seo/seo.controller.ts,seo,SeoModule,TRUE,AuthGuard SeoAdminGuard BusinessGuard,3,,,FALSE
GET,/seo/businesses/:businessId/briefs/:briefId,/seo/businesses/:param/briefs/:param,getContentBriefDetail,SeoController,apps/server/src/modules/seo/seo.controller.ts,seo,SeoModule,TRUE,AuthGuard SeoAdminGuard BusinessGuard,3,,,FALSE
PATCH,/seo/businesses/:businessId/briefs/:briefId,/seo/businesses/:param/briefs/:param,updateBriefStatus,SeoController,apps/server/src/modules/seo/seo.controller.ts,seo,SeoModule,TRUE,AuthGuard SeoAdminGuard BusinessGuard,3,,,FALSE
POST,/seo/businesses/:businessId/briefs/generate,/seo/businesses/:param/briefs/generate,generateBrief,SeoController,apps/server/src/modules/seo/seo.controller.ts,seo,SeoModule,TRUE,AuthGuard SeoAdminGuard BusinessGuard,3,,,FALSE
POST,/seo/businesses/:businessId/briefs/auto-generate,/seo/businesses/:param/briefs/auto-generate,autoGenerateBriefs,SeoController,apps/server/src/modules/seo/seo.controller.ts,seo,SeoModule,TRUE,AuthGuard SeoAdminGuard BusinessGuard,3,,,FALSE
GET,/seo/businesses/:businessId/content-gaps,/seo/businesses/:param/content-gaps,getContentGaps,SeoController,apps/server/src/modules/seo/seo.controller.ts,seo,SeoModule,TRUE,AuthGuard SeoAdminGuard BusinessGuard,3,,,FALSE
GET,/seo/businesses/:businessId/revenue-attribution,/seo/businesses/:param/revenue-attribution,getRevenueAttribution,SeoController,apps/server/src/modules/seo/seo.controller.ts,seo,SeoModule,TRUE,AuthGuard SeoAdminGuard BusinessGuard,3,,,FALSE
GET,/seo/businesses/:businessId/connectors/gsc,/seo/businesses/:param/connectors/gsc,getGscStatus,SeoController,apps/server/src/modules/seo/seo.controller.ts,seo,SeoModule,TRUE,AuthGuard SeoAdminGuard BusinessGuard,3,,,FALSE
POST,/seo/businesses/:businessId/connectors/gsc,/seo/businesses/:param/connectors/gsc,connectGsc,SeoController,apps/server/src/modules/seo/seo.controller.ts,seo,SeoModule,TRUE,AuthGuard SeoAdminGuard BusinessGuard,3,,,FALSE
DELETE,/seo/businesses/:businessId/connectors/gsc,/seo/businesses/:param/connectors/gsc,disconnectGsc,SeoController,apps/server/src/modules/seo/seo.controller.ts,seo,SeoModule,TRUE,AuthGuard SeoAdminGuard BusinessGuard,3,,,FALSE
POST,/seo/businesses/:businessId/connectors/gsc/sync,/seo/businesses/:param/connectors/gsc/sync,syncGsc,SeoController,apps/server/src/modules/seo/seo.controller.ts,seo,SeoModule,TRUE,AuthGuard SeoAdminGuard BusinessGuard,3,,,FALSE
GET,/seo/businesses/:businessId/connectors/ga4,/seo/businesses/:param/connectors/ga4,getGa4Status,SeoController,apps/server/src/modules/seo/seo.controller.ts,seo,SeoModule,TRUE,AuthGuard SeoAdminGuard BusinessGuard,3,,,FALSE
POST,/seo/businesses/:businessId/connectors/ga4,/seo/businesses/:param/connectors/ga4,connectGa4,SeoController,apps/server/src/modules/seo/seo.controller.ts,seo,SeoModule,TRUE,AuthGuard SeoAdminGuard BusinessGuard,3,,,FALSE
DELETE,/seo/businesses/:businessId/connectors/ga4,/seo/businesses/:param/connectors/ga4,disconnectGa4,SeoController,apps/server/src/modules/seo/seo.controller.ts,seo,SeoModule,TRUE,AuthGuard SeoAdminGuard BusinessGuard,3,,,FALSE
POST,/seo/businesses/:businessId/connectors/ga4/sync,/seo/businesses/:param/connectors/ga4/sync,syncGa4,SeoController,apps/server/src/modules/seo/seo.controller.ts,seo,SeoModule,TRUE,AuthGuard SeoAdminGuard BusinessGuard,3,,,FALSE
POST,/shopify/businesses/:businessId/connect,/shopify/businesses/:param/connect,connect,ShopifyController,apps/server/src/modules/shopify/shopify.controller.ts,shopify,ShopifyModule,TRUE,AuthGuard BusinessGuard,2,,,FALSE
GET,/shopify/businesses/:businessId/test,/shopify/businesses/:param/test,test,ShopifyController,apps/server/src/modules/shopify/shopify.controller.ts,shopify,ShopifyModule,TRUE,AuthGuard BusinessGuard,2,,,FALSE
POST,/shopify/businesses/:businessId/sync/products,/shopify/businesses/:param/sync/products,syncProducts,ShopifyController,apps/server/src/modules/shopify/shopify.controller.ts,shopify,ShopifyModule,TRUE,AuthGuard BusinessGuard,2,,,FALSE
POST,/shopify/businesses/:businessId/sync/orders,/shopify/businesses/:param/sync/orders,syncOrders,ShopifyController,apps/server/src/modules/shopify/shopify.controller.ts,shopify,ShopifyModule,TRUE,AuthGuard BusinessGuard,2,,,FALSE
POST,/shopify/businesses/:businessId/sync/customers,/shopify/businesses/:param/sync/customers,syncCustomers,ShopifyController,apps/server/src/modules/shopify/shopify.controller.ts,shopify,ShopifyModule,TRUE,AuthGuard BusinessGuard,2,,,FALSE
POST,/shopify/businesses/:businessId/sync/all,/shopify/businesses/:param/sync/all,syncAll,ShopifyController,apps/server/src/modules/shopify/shopify.controller.ts,shopify,ShopifyModule,TRUE,AuthGuard BusinessGuard,2,,,FALSE
GET,/site/presence/businesses/:businessId/draft,/site/presence/businesses/:param/draft,getDraft,PresenceController,apps/server/src/modules/site/presence/presence.controller.ts,site,SiteModule,TRUE,AuthGuard BusinessGuard,2,,,FALSE
PUT,/site/presence/businesses/:businessId/draft,/site/presence/businesses/:param/draft,saveDraft,PresenceController,apps/server/src/modules/site/presence/presence.controller.ts,site,SiteModule,TRUE,AuthGuard BusinessGuard,2,,,FALSE
GET,/site/presence/businesses/:businessId/diff,/site/presence/businesses/:param/diff,getDiff,PresenceController,apps/server/src/modules/site/presence/presence.controller.ts,site,SiteModule,TRUE,AuthGuard BusinessGuard,2,,,FALSE
POST,/site/presence/businesses/:businessId/preview,/site/presence/businesses/:param/preview,createPreview,PresenceController,apps/server/src/modules/site/presence/presence.controller.ts,site,SiteModule,TRUE,AuthGuard BusinessGuard,2,,,FALSE
POST,/site/presence/businesses/:businessId/publish,/site/presence/businesses/:param/publish,publish,PresenceController,apps/server/src/modules/site/presence/presence.controller.ts,site,SiteModule,TRUE,AuthGuard BusinessGuard,2,,,FALSE
DELETE,/site/presence/businesses/:businessId/publish,/site/presence/businesses/:param/publish,unpublish,PresenceController,apps/server/src/modules/site/presence/presence.controller.ts,site,SiteModule,TRUE,AuthGuard BusinessGuard,2,,,FALSE
GET,/site/presence/businesses/:businessId/completeness,/site/presence/businesses/:param/completeness,completeness,PresenceController,apps/server/src/modules/site/presence/presence.controller.ts,site,SiteModule,TRUE,AuthGuard BusinessGuard,2,,,FALSE
GET,/site/presence/businesses/:businessId/overview,/site/presence/businesses/:param/overview,getOverview,PresenceController,apps/server/src/modules/site/presence/presence.controller.ts,site,SiteModule,TRUE,AuthGuard BusinessGuard,2,,,FALSE
POST,/site/presence/businesses/:businessId/action-cards/sync,/site/presence/businesses/:param/action-cards/sync,syncActionCards,PresenceController,apps/server/src/modules/site/presence/presence.controller.ts,site,SiteModule,TRUE,AuthGuard BusinessGuard,2,,,FALSE
GET,/site/presence/businesses/:businessId/leads,/site/presence/businesses/:param/leads,listLeads,PresenceController,apps/server/src/modules/site/presence/presence.controller.ts,site,SiteModule,TRUE,AuthGuard BusinessGuard,2,,,FALSE
GET,/site/presence/businesses/:businessId/orders,/site/presence/businesses/:param/orders,listOrders,PresenceController,apps/server/src/modules/site/presence/presence.controller.ts,site,SiteModule,TRUE,AuthGuard BusinessGuard,2,,,FALSE
GET,/site/presence/businesses/:businessId/bookings,/site/presence/businesses/:param/bookings,listBookings,PresenceController,apps/server/src/modules/site/presence/presence.controller.ts,site,SiteModule,TRUE,AuthGuard BusinessGuard,2,,,FALSE
GET,/site/presence/businesses/:businessId/insights,/site/presence/businesses/:param/insights,getInsights,PresenceController,apps/server/src/modules/site/presence/presence.controller.ts,site,SiteModule,TRUE,AuthGuard BusinessGuard,2,,,FALSE
GET,/site/presence/businesses/:businessId/today-stats,/site/presence/businesses/:param/today-stats,getTodayStats,PresenceController,apps/server/src/modules/site/presence/presence.controller.ts,site,SiteModule,TRUE,AuthGuard BusinessGuard,2,,,FALSE
POST,/site/presence/businesses/:businessId/insights/regenerate,/site/presence/businesses/:param/insights/regenerate,regenerateInsights,PresenceController,apps/server/src/modules/site/presence/presence.controller.ts,site,SiteModule,TRUE,AuthGuard BusinessGuard,2,,,FALSE
POST,/site/presence/businesses/:businessId/insights/:insightId/delegate,/site/presence/businesses/:param/insights/:param/delegate,delegateInsight,PresenceController,apps/server/src/modules/site/presence/presence.controller.ts,site,SiteModule,TRUE,AuthGuard BusinessGuard,2,,,FALSE
GET,/site/presence/preview/:token,/site/presence/preview/:param,getPreview,PresenceController,apps/server/src/modules/site/presence/presence.controller.ts,site,SiteModule,TRUE,PublicRateLimitGuard,1,,,FALSE
GET,/site/presence/public/:slug,/site/presence/public/:param,getPublic,PresenceController,apps/server/src/modules/site/presence/presence.controller.ts,site,SiteModule,TRUE,PublicRateLimitGuard,1,,,FALSE
GET,/site/presence/directory,/site/presence/directory,getDirectory,PresenceController,apps/server/src/modules/site/presence/presence.controller.ts,site,SiteModule,TRUE,PublicRateLimitGuard,1,,,FALSE
GET,/site/businesses/:businessId/conversion-funnel/daily,/site/businesses/:param/conversion-funnel/daily,getConversionFunnelDaily,SiteController,apps/server/src/modules/site/site.controller.ts,site,SiteModule,TRUE,AuthGuard BusinessGuard,2,,,FALSE
POST,/site/businesses/:businessId/conversion-funnel/aggregate,/site/businesses/:param/conversion-funnel/aggregate,aggregateConversionFunnel,SiteController,apps/server/src/modules/site/site.controller.ts,site,SiteModule,TRUE,AuthGuard BusinessGuard,2,,,FALSE
POST,/site/businesses/:businessId/abandoned-carts/detect,/site/businesses/:param/abandoned-carts/detect,detectAbandonedCarts,SiteController,apps/server/src/modules/site/site.controller.ts,site,SiteModule,TRUE,AuthGuard BusinessGuard,2,,,FALSE
GET,/site/health,/site/health,health,SiteController,apps/server/src/modules/site/site.controller.ts,site,SiteModule,TRUE,,0,,,TRUE
GET,/site/businesses/:businessId/storefront,/site/businesses/:param/storefront,getStorefrontConfig,SiteController,apps/server/src/modules/site/site.controller.ts,site,SiteModule,TRUE,AuthGuard BusinessGuard,2,,,FALSE
PUT,/site/businesses/:businessId/storefront,/site/businesses/:param/storefront,updateStorefrontConfig,SiteController,apps/server/src/modules/site/site.controller.ts,site,SiteModule,TRUE,AuthGuard BusinessGuard,2,,,FALSE
GET,/site/storefront/public/:slug,/site/storefront/public/:param,getPublicStorefront,SiteController,apps/server/src/modules/site/site.controller.ts,site,SiteModule,TRUE,PublicRateLimitGuard,1,,,FALSE
POST,/site/businesses/:businessId/analytics/event,/site/businesses/:param/analytics/event,trackEvent,SiteController,apps/server/src/modules/site/site.controller.ts,site,SiteModule,TRUE,PublicRateLimitGuard,1,,,FALSE
GET,/site/businesses/:businessId/analytics,/site/businesses/:param/analytics,getAnalytics,SiteController,apps/server/src/modules/site/site.controller.ts,site,SiteModule,TRUE,AuthGuard BusinessGuard,2,,,FALSE
GET,/site/businesses/:businessId/conversion-funnel,/site/businesses/:param/conversion-funnel,getConversionFunnel,SiteController,apps/server/src/modules/site/site.controller.ts,site,SiteModule,TRUE,AuthGuard BusinessGuard,2,,,FALSE
GET,/site/businesses/:businessId/product-health,/site/businesses/:param/product-health,getProductHealth,SiteController,apps/server/src/modules/site/site.controller.ts,site,SiteModule,TRUE,AuthGuard BusinessGuard,2,,,FALSE
GET,/site/businesses/:businessId/seo-health,/site/businesses/:param/seo-health,getSeoHealth,SiteController,apps/server/src/modules/site/site.controller.ts,site,SiteModule,TRUE,AuthGuard BusinessGuard,2,,,FALSE
GET,/site/businesses/:businessId/conversion-suggestions,/site/businesses/:param/conversion-suggestions,getConversionSuggestions,SiteController,apps/server/src/modules/site/site.controller.ts,site,SiteModule,TRUE,AuthGuard BusinessGuard,2,,,FALSE
POST,/site/businesses/:businessId/conversion-advice,/site/businesses/:param/conversion-advice,getAiConversionAdvice,SiteController,apps/server/src/modules/site/site.controller.ts,site,SiteModule,TRUE,AuthGuard BusinessGuard,2,,,FALSE
POST,/site/storefront/public/:slug/checkout,/site/storefront/public/:param/checkout,publicCheckout,SiteController,apps/server/src/modules/site/site.controller.ts,site,SiteModule,TRUE,PublicRateLimitGuard,1,,,FALSE
POST,/site/storefront/public/:slug/validate-promo,/site/storefront/public/:param/validate-promo,validatePromoCode,SiteController,apps/server/src/modules/site/site.controller.ts,site,SiteModule,TRUE,PublicRateLimitGuard,1,,,FALSE
GET,/site/storefront/public/order/:orderId,/site/storefront/public/order/:param,getPublicOrder,SiteController,apps/server/src/modules/site/site.controller.ts,site,SiteModule,TRUE,PublicRateLimitGuard,1,,,FALSE
GET,/site/businesses/:businessId/orders,/site/businesses/:param/orders,listOrders,SiteController,apps/server/src/modules/site/site.controller.ts,site,SiteModule,TRUE,AuthGuard BusinessGuard,2,,,FALSE
GET,/site/businesses/:businessId/orders/summary,/site/businesses/:param/orders/summary,getOrderSummary,SiteController,apps/server/src/modules/site/site.controller.ts,site,SiteModule,TRUE,AuthGuard BusinessGuard,2,,,FALSE
GET,/site/businesses/:businessId/orders/:orderId,/site/businesses/:param/orders/:param,getOrderDetail,SiteController,apps/server/src/modules/site/site.controller.ts,site,SiteModule,TRUE,AuthGuard BusinessGuard,2,,,FALSE
PATCH,/site/businesses/:businessId/orders/:orderId/status,/site/businesses/:param/orders/:param/status,updateOrderStatus,SiteController,apps/server/src/modules/site/site.controller.ts,site,SiteModule,TRUE,AuthGuard BusinessGuard,2,,,FALSE
POST,/site/businesses/:businessId/orders/:orderId/refund,/site/businesses/:param/orders/:param/refund,refundOrder,SiteController,apps/server/src/modules/site/site.controller.ts,site,SiteModule,TRUE,AuthGuard BusinessGuard,2,,,FALSE
POST,/site/businesses/:businessId/promo-codes,/site/businesses/:param/promo-codes,createPromoCode,SiteController,apps/server/src/modules/site/site.controller.ts,site,SiteModule,TRUE,AuthGuard BusinessGuard,2,,,FALSE
GET,/site/businesses/:businessId/promo-codes,/site/businesses/:param/promo-codes,listPromoCodes,SiteController,apps/server/src/modules/site/site.controller.ts,site,SiteModule,TRUE,AuthGuard BusinessGuard,2,,,FALSE
PATCH,/site/businesses/:businessId/promo-codes/:promoId,/site/businesses/:param/promo-codes/:param,updatePromoCode,SiteController,apps/server/src/modules/site/site.controller.ts,site,SiteModule,TRUE,AuthGuard BusinessGuard,2,,,FALSE
POST,/site/businesses/:businessId/promo-codes/:promoId/delete,/site/businesses/:param/promo-codes/:param/delete,deletePromoCode,SiteController,apps/server/src/modules/site/site.controller.ts,site,SiteModule,TRUE,AuthGuard BusinessGuard,2,,,FALSE
POST,/site/storefront/public/:slug/reviews,/site/storefront/public/:param/reviews,submitReview,SiteController,apps/server/src/modules/site/site.controller.ts,site,SiteModule,TRUE,PublicRateLimitGuard,1,,,FALSE
GET,/site/storefront/public/:slug/products/:productId/reviews,/site/storefront/public/:param/products/:param/reviews,getProductReviews,SiteController,apps/server/src/modules/site/site.controller.ts,site,SiteModule,TRUE,PublicRateLimitGuard,1,,,FALSE
GET,/site/storefront/public/:slug/review-aggregates,/site/storefront/public/:param/review-aggregates,getReviewAggregates,SiteController,apps/server/src/modules/site/site.controller.ts,site,SiteModule,TRUE,PublicRateLimitGuard,1,,,FALSE
GET,/site/businesses/:businessId/reviews,/site/businesses/:param/reviews,listBusinessReviews,SiteController,apps/server/src/modules/site/site.controller.ts,site,SiteModule,TRUE,AuthGuard BusinessGuard,2,,,FALSE
PATCH,/site/businesses/:businessId/reviews/:reviewId,/site/businesses/:param/reviews/:param,moderateReview,SiteController,apps/server/src/modules/site/site.controller.ts,site,SiteModule,TRUE,AuthGuard BusinessGuard,2,,,FALSE
POST,/site/storefront/public/:slug/intake,/site/storefront/public/:param/intake,submitIntake,SiteController,apps/server/src/modules/site/site.controller.ts,site,SiteModule,TRUE,PublicRateLimitGuard HoneypotGuard,2,,,FALSE
GET,/site/businesses/:businessId/intake,/site/businesses/:param/intake,listIntakeSubmissions,SiteController,apps/server/src/modules/site/site.controller.ts,site,SiteModule,TRUE,AuthGuard BusinessGuard,2,,,FALSE
PATCH,/site/businesses/:businessId/intake/:id,/site/businesses/:param/intake/:param,updateIntakeStatus,SiteController,apps/server/src/modules/site/site.controller.ts,site,SiteModule,TRUE,AuthGuard BusinessGuard,2,,,FALSE
GET,/site/businesses/:businessId/qualification-config,/site/businesses/:param/qualification-config,getQualificationConfig,SiteController,apps/server/src/modules/site/site.controller.ts,site,SiteModule,TRUE,AuthGuard BusinessGuard,2,,,FALSE
PUT,/site/businesses/:businessId/qualification-config,/site/businesses/:param/qualification-config,updateQualificationConfig,SiteController,apps/server/src/modules/site/site.controller.ts,site,SiteModule,TRUE,AuthGuard BusinessGuard,2,,,FALSE
GET,/site/businesses/:businessId/qualification-analytics,/site/businesses/:param/qualification-analytics,getQualificationAnalytics,SiteController,apps/server/src/modules/site/site.controller.ts,site,SiteModule,TRUE,AuthGuard BusinessGuard,2,,,FALSE
GET,/site/storefront/public/:slug/qualification-flow,/site/storefront/public/:param/qualification-flow,getPublicQualificationFlow,SiteController,apps/server/src/modules/site/site.controller.ts,site,SiteModule,TRUE,PublicRateLimitGuard,1,,,FALSE
POST,/site/storefront/public/:slug/qualification-recommend,/site/storefront/public/:param/qualification-recommend,qualificationRecommend,SiteController,apps/server/src/modules/site/site.controller.ts,site,SiteModule,TRUE,PublicRateLimitGuard,1,,,FALSE
POST,/site/storefront/public/qualification/:journeyId/select,/site/storefront/public/qualification/:param/select,qualificationSelect,SiteController,apps/server/src/modules/site/site.controller.ts,site,SiteModule,TRUE,PublicRateLimitGuard,1,,,FALSE
POST,/site/storefront/public/qualification/:journeyId/intake,/site/storefront/public/qualification/:param/intake,qualificationIntake,SiteController,apps/server/src/modules/site/site.controller.ts,site,SiteModule,TRUE,PublicRateLimitGuard HoneypotGuard,2,,,FALSE
POST,/site/storefront/public/:slug/customer-referral,/site/storefront/public/:param/customer-referral,customerReferral,SiteController,apps/server/src/modules/site/site.controller.ts,site,SiteModule,TRUE,PublicRateLimitGuard,1,,,FALSE
GET,/site/businesses/:businessId/case-studies,/site/businesses/:param/case-studies,listCaseStudies,SiteController,apps/server/src/modules/site/site.controller.ts,site,SiteModule,TRUE,AuthGuard BusinessGuard,2,,,FALSE
POST,/site/businesses/:businessId/case-studies/generate,/site/businesses/:param/case-studies/generate,generateCaseStudy,SiteController,apps/server/src/modules/site/site.controller.ts,site,SiteModule,TRUE,AuthGuard BusinessGuard,2,,,FALSE
POST,/site/businesses/:businessId/case-studies/:caseStudyId/publish,/site/businesses/:param/case-studies/:param/publish,publishCaseStudy,SiteController,apps/server/src/modules/site/site.controller.ts,site,SiteModule,TRUE,AuthGuard BusinessGuard,2,,,FALSE
POST,/site/businesses/:businessId/case-studies/:caseStudyId/unpublish,/site/businesses/:param/case-studies/:param/unpublish,unpublishCaseStudy,SiteController,apps/server/src/modules/site/site.controller.ts,site,SiteModule,TRUE,AuthGuard BusinessGuard,2,,,FALSE
GET,/site/storefront/public/:slug/case-studies,/site/storefront/public/:param/case-studies,publicCaseStudies,SiteController,apps/server/src/modules/site/site.controller.ts,site,SiteModule,TRUE,PublicRateLimitGuard,1,,,FALSE
GET,/social/health,/social/health,health,SocialController,apps/server/src/modules/social/social.controller.ts,social,SocialModule,TRUE,,0,,TRUE,FALSE
GET,/social/webhook,/social/webhook,verifySharedWebhook,SocialController,apps/server/src/modules/social/social.controller.ts,social,SocialModule,TRUE,,0,,TRUE,FALSE
POST,/social/webhook,/social/webhook,sharedSocialWebhook,SocialController,apps/server/src/modules/social/social.controller.ts,social,SocialModule,TRUE,,0,,,TRUE
GET,/social/webhook/:businessId,/social/webhook/:param,verifyWebhook,SocialController,apps/server/src/modules/social/social.controller.ts,social,SocialModule,TRUE,,0,,,TRUE
POST,/social/webhook/:businessId,/social/webhook/:param,socialWebhook,SocialController,apps/server/src/modules/social/social.controller.ts,social,SocialModule,TRUE,,0,,,TRUE
GET,/social/businesses/:businessId/posts,/social/businesses/:param/posts,listPosts,SocialController,apps/server/src/modules/social/social.controller.ts,social,SocialModule,TRUE,AuthGuard BusinessGuard,2,,,FALSE
POST,/social/businesses/:businessId/posts/now,/social/businesses/:param/posts/now,postNow,SocialController,apps/server/src/modules/social/social.controller.ts,social,SocialModule,TRUE,AuthGuard BusinessGuard,2,,,FALSE
POST,/social/businesses/:businessId/posts/schedule,/social/businesses/:param/posts/schedule,schedulePost,SocialController,apps/server/src/modules/social/social.controller.ts,social,SocialModule,TRUE,AuthGuard BusinessGuard,2,,,FALSE
GET,/social/businesses/:businessId/recent-posts,/social/businesses/:param/recent-posts,recentPosts,SocialController,apps/server/src/modules/social/social.controller.ts,social,SocialModule,TRUE,AuthGuard BusinessGuard,2,,,FALSE
POST,/social/businesses/:businessId/posts,/social/businesses/:param/posts,createPost,SocialController,apps/server/src/modules/social/social.controller.ts,social,SocialModule,TRUE,AuthGuard BusinessGuard,2,,,FALSE
PATCH,/social/businesses/:businessId/posts/:postId,/social/businesses/:param/posts/:param,updatePost,SocialController,apps/server/src/modules/social/social.controller.ts,social,SocialModule,TRUE,AuthGuard BusinessGuard,2,,,FALSE
DELETE,/social/businesses/:businessId/posts/:postId,/social/businesses/:param/posts/:param,deletePost,SocialController,apps/server/src/modules/social/social.controller.ts,social,SocialModule,TRUE,AuthGuard BusinessGuard,2,,,FALSE
POST,/social/businesses/:businessId/posts/:postId/publish,/social/businesses/:param/posts/:param/publish,publish,SocialController,apps/server/src/modules/social/social.controller.ts,social,SocialModule,TRUE,AuthGuard BusinessGuard,2,,,FALSE
GET,/social/businesses/:businessId/connections,/social/businesses/:param/connections,listConnections,SocialController,apps/server/src/modules/social/social.controller.ts,social,SocialModule,TRUE,AuthGuard BusinessGuard,2,,,FALSE
GET,/social/businesses/:businessId/connections/oauth-availability,/social/businesses/:param/connections/oauth-availability,oauthAvailability,SocialController,apps/server/src/modules/social/social.controller.ts,social,SocialModule,TRUE,AuthGuard BusinessGuard,2,,,FALSE
DELETE,/social/businesses/:businessId/connections/:platform,/social/businesses/:param/connections/:param,deleteConnection,SocialController,apps/server/src/modules/social/social.controller.ts,social,SocialModule,TRUE,AuthGuard BusinessGuard,2,,,FALSE
POST,/social/businesses/:businessId/connections/:platform/oauth/start,/social/businesses/:param/connections/:param/oauth/start,oauthStart,SocialController,apps/server/src/modules/social/social.controller.ts,social,SocialModule,TRUE,AuthGuard BusinessGuard,2,,,FALSE
POST,/social/businesses/:businessId/connections/:platform/oauth/callback,/social/businesses/:param/connections/:param/oauth/callback,oauthCallback,SocialController,apps/server/src/modules/social/social.controller.ts,social,SocialModule,TRUE,AuthGuard BusinessGuard,2,,,FALSE
GET,/social/businesses/:businessId/analytics,/social/businesses/:param/analytics,getAnalytics,SocialController,apps/server/src/modules/social/social.controller.ts,social,SocialModule,TRUE,AuthGuard BusinessGuard,2,,,FALSE
GET,/social/businesses/:businessId/account-metrics,/social/businesses/:param/account-metrics,getAccountMetrics,SocialController,apps/server/src/modules/social/social.controller.ts,social,SocialModule,TRUE,AuthGuard BusinessGuard,2,,,FALSE
POST,/social/businesses/:businessId/connections/:platform/test,/social/businesses/:param/connections/:param/test,testConnection,SocialController,apps/server/src/modules/social/social.controller.ts,social,SocialModule,TRUE,AuthGuard BusinessGuard,2,,,FALSE
POST,/social/businesses/:businessId/connections/:platform/manual,/social/businesses/:param/connections/:param/manual,manualConnect,SocialController,apps/server/src/modules/social/social.controller.ts,social,SocialModule,TRUE,AuthGuard BusinessGuard,2,,,FALSE
GET,/sop/businesses/:businessId/sops,/sop/businesses/:param/sops,list,SopController,apps/server/src/modules/sop/sop.controller.ts,sop,SopModule,TRUE,AuthGuard BusinessGuard,2,,,FALSE
POST,/sop/businesses/:businessId/sops,/sop/businesses/:param/sops,create,SopController,apps/server/src/modules/sop/sop.controller.ts,sop,SopModule,TRUE,AuthGuard BusinessGuard,2,,,FALSE
GET,/sop/businesses/:businessId/sops/:id,/sop/businesses/:param/sops/:param,get,SopController,apps/server/src/modules/sop/sop.controller.ts,sop,SopModule,TRUE,AuthGuard BusinessGuard,2,,,FALSE
PATCH,/sop/businesses/:businessId/sops/:id,/sop/businesses/:param/sops/:param,update,SopController,apps/server/src/modules/sop/sop.controller.ts,sop,SopModule,TRUE,AuthGuard BusinessGuard,2,,,FALSE
DELETE,/sop/businesses/:businessId/sops/:id,/sop/businesses/:param/sops/:param,delete,SopController,apps/server/src/modules/sop/sop.controller.ts,sop,SopModule,TRUE,AuthGuard BusinessGuard,2,,,FALSE
GET,/staff-performance/businesses/:businessId/team-summary,/staff-performance/businesses/:param/team-summary,teamSummary,StaffPerformanceController,apps/server/src/modules/staff-performance/staff-performance.controller.ts,staff-performance,StaffPerformanceModule,TRUE,AuthGuard BusinessGuard ModuleScopeGuard,3,"operations,read",,FALSE
GET,/staff-performance/businesses/:businessId/scorecard,/staff-performance/businesses/:param/scorecard,scorecard,StaffPerformanceController,apps/server/src/modules/staff-performance/staff-performance.controller.ts,staff-performance,StaffPerformanceModule,TRUE,AuthGuard BusinessGuard ModuleScopeGuard,3,"operations,read",,FALSE
GET,/staff-performance/businesses/:businessId/trend,/staff-performance/businesses/:param/trend,trend,StaffPerformanceController,apps/server/src/modules/staff-performance/staff-performance.controller.ts,staff-performance,StaffPerformanceModule,TRUE,AuthGuard BusinessGuard ModuleScopeGuard,3,"operations,read",,FALSE
POST,/staff-performance/businesses/:businessId/snapshot,/staff-performance/businesses/:param/snapshot,takeSnapshot,StaffPerformanceController,apps/server/src/modules/staff-performance/staff-performance.controller.ts,staff-performance,StaffPerformanceModule,TRUE,AuthGuard BusinessGuard ModuleScopeGuard,3,"operations,write",,FALSE
GET,/structure/businesses/:businessId/org-units,/structure/businesses/:param/org-units,listOrgUnits,StructureController,apps/server/src/modules/structure/structure.controller.ts,structure,StructureModule,TRUE,AuthGuard BusinessGuard ModuleScopeGuard,3,"team,read",,FALSE
POST,/structure/businesses/:businessId/org-units,/structure/businesses/:param/org-units,createOrgUnit,StructureController,apps/server/src/modules/structure/structure.controller.ts,structure,StructureModule,TRUE,AuthGuard BusinessGuard ModuleScopeGuard,3,"team,write",,FALSE
GET,/structure/businesses/:businessId/org-units/:id,/structure/businesses/:param/org-units/:param,getOrgUnit,StructureController,apps/server/src/modules/structure/structure.controller.ts,structure,StructureModule,TRUE,AuthGuard BusinessGuard ModuleScopeGuard,3,"team,read",,FALSE
PATCH,/structure/businesses/:businessId/org-units/:id,/structure/businesses/:param/org-units/:param,updateOrgUnit,StructureController,apps/server/src/modules/structure/structure.controller.ts,structure,StructureModule,TRUE,AuthGuard BusinessGuard ModuleScopeGuard,3,"team,write",,FALSE
DELETE,/structure/businesses/:businessId/org-units/:id,/structure/businesses/:param/org-units/:param,deleteOrgUnit,StructureController,apps/server/src/modules/structure/structure.controller.ts,structure,StructureModule,TRUE,AuthGuard BusinessGuard ModuleScopeGuard,3,"team,write",,FALSE
GET,/structure/businesses/:businessId/job-roles,/structure/businesses/:param/job-roles,listJobRoles,StructureController,apps/server/src/modules/structure/structure.controller.ts,structure,StructureModule,TRUE,AuthGuard BusinessGuard ModuleScopeGuard,3,"team,read",,FALSE
POST,/structure/businesses/:businessId/job-roles,/structure/businesses/:param/job-roles,createJobRole,StructureController,apps/server/src/modules/structure/structure.controller.ts,structure,StructureModule,TRUE,AuthGuard BusinessGuard ModuleScopeGuard,3,"team,write",,FALSE
GET,/structure/businesses/:businessId/job-roles/:id,/structure/businesses/:param/job-roles/:param,getJobRole,StructureController,apps/server/src/modules/structure/structure.controller.ts,structure,StructureModule,TRUE,AuthGuard BusinessGuard ModuleScopeGuard,3,"team,read",,FALSE
PATCH,/structure/businesses/:businessId/job-roles/:id,/structure/businesses/:param/job-roles/:param,updateJobRole,StructureController,apps/server/src/modules/structure/structure.controller.ts,structure,StructureModule,TRUE,AuthGuard BusinessGuard ModuleScopeGuard,3,"team,write",,FALSE
DELETE,/structure/businesses/:businessId/job-roles/:id,/structure/businesses/:param/job-roles/:param,deleteJobRole,StructureController,apps/server/src/modules/structure/structure.controller.ts,structure,StructureModule,TRUE,AuthGuard BusinessGuard ModuleScopeGuard,3,"team,write",,FALSE
GET,/structure/businesses/:businessId/assignments,/structure/businesses/:param/assignments,listAssignments,StructureController,apps/server/src/modules/structure/structure.controller.ts,structure,StructureModule,TRUE,AuthGuard BusinessGuard ModuleScopeGuard,3,"team,read",,FALSE
POST,/structure/businesses/:businessId/assignments,/structure/businesses/:param/assignments,createAssignment,StructureController,apps/server/src/modules/structure/structure.controller.ts,structure,StructureModule,TRUE,AuthGuard BusinessGuard ModuleScopeGuard,3,"team,write",,FALSE
GET,/structure/businesses/:businessId/assignments/:id,/structure/businesses/:param/assignments/:param,getAssignment,StructureController,apps/server/src/modules/structure/structure.controller.ts,structure,StructureModule,TRUE,AuthGuard BusinessGuard ModuleScopeGuard,3,"team,read",,FALSE
PATCH,/structure/businesses/:businessId/assignments/:id,/structure/businesses/:param/assignments/:param,updateAssignment,StructureController,apps/server/src/modules/structure/structure.controller.ts,structure,StructureModule,TRUE,AuthGuard BusinessGuard ModuleScopeGuard,3,"team,write",,FALSE
DELETE,/structure/businesses/:businessId/assignments/:id,/structure/businesses/:param/assignments/:param,deleteAssignment,StructureController,apps/server/src/modules/structure/structure.controller.ts,structure,StructureModule,TRUE,AuthGuard BusinessGuard ModuleScopeGuard,3,"team,write",,FALSE
GET,/structure/businesses/:businessId/delegation-rules,/structure/businesses/:param/delegation-rules,listDelegationRules,StructureController,apps/server/src/modules/structure/structure.controller.ts,structure,StructureModule,TRUE,AuthGuard BusinessGuard ModuleScopeGuard,3,"team,read",,FALSE
POST,/structure/businesses/:businessId/delegation-rules,/structure/businesses/:param/delegation-rules,createDelegationRule,StructureController,apps/server/src/modules/structure/structure.controller.ts,structure,StructureModule,TRUE,AuthGuard BusinessGuard ModuleScopeGuard,3,"team,write",,FALSE
GET,/structure/businesses/:businessId/delegation-rules/:id,/structure/businesses/:param/delegation-rules/:param,getDelegationRule,StructureController,apps/server/src/modules/structure/structure.controller.ts,structure,StructureModule,TRUE,AuthGuard BusinessGuard ModuleScopeGuard,3,"team,read",,FALSE
PATCH,/structure/businesses/:businessId/delegation-rules/:id,/structure/businesses/:param/delegation-rules/:param,updateDelegationRule,StructureController,apps/server/src/modules/structure/structure.controller.ts,structure,StructureModule,TRUE,AuthGuard BusinessGuard ModuleScopeGuard,3,"team,write",,FALSE
DELETE,/structure/businesses/:businessId/delegation-rules/:id,/structure/businesses/:param/delegation-rules/:param,deleteDelegationRule,StructureController,apps/server/src/modules/structure/structure.controller.ts,structure,StructureModule,TRUE,AuthGuard BusinessGuard ModuleScopeGuard,3,"team,write",,FALSE
GET,/structure/businesses/:businessId/tree,/structure/businesses/:param/tree,getOrgTree,StructureController,apps/server/src/modules/structure/structure.controller.ts,structure,StructureModule,TRUE,AuthGuard BusinessGuard ModuleScopeGuard,3,"team,read",,FALSE
GET,/structure/businesses/:businessId/stats,/structure/businesses/:param/stats,getStats,StructureController,apps/server/src/modules/structure/structure.controller.ts,structure,StructureModule,TRUE,AuthGuard BusinessGuard ModuleScopeGuard,3,"team,read",,FALSE
GET,/subscriptions/plans,/subscriptions/plans,getPlans,SubscriptionsController,apps/server/src/modules/subscriptions/subscriptions.controller.ts,subscriptions,SubscriptionsModule,TRUE,,0,,,TRUE
GET,/subscriptions/feature-registry,/subscriptions/feature-registry,getFeatureRegistry,SubscriptionsController,apps/server/src/modules/subscriptions/subscriptions.controller.ts,subscriptions,SubscriptionsModule,TRUE,,0,,,TRUE
GET,/subscriptions/businesses/:businessId/current,/subscriptions/businesses/:param/current,getCurrentSubscription,SubscriptionsController,apps/server/src/modules/subscriptions/subscriptions.controller.ts,subscriptions,SubscriptionsModule,TRUE,AuthGuard BusinessGuard,2,,,FALSE
GET,/subscriptions/businesses/:businessId/billing-dashboard,/subscriptions/businesses/:param/billing-dashboard,getBillingDashboard,SubscriptionsController,apps/server/src/modules/subscriptions/subscriptions.controller.ts,subscriptions,SubscriptionsModule,TRUE,AuthGuard BusinessGuard,2,,,FALSE
POST,/subscriptions/businesses/:businessId/trial,/subscriptions/businesses/:param/trial,startTrial,SubscriptionsController,apps/server/src/modules/subscriptions/subscriptions.controller.ts,subscriptions,SubscriptionsModule,TRUE,AuthGuard BusinessGuard,2,,,FALSE
POST,/subscriptions/businesses/:businessId/activate,/subscriptions/businesses/:param/activate,activateSubscription,SubscriptionsController,apps/server/src/modules/subscriptions/subscriptions.controller.ts,subscriptions,SubscriptionsModule,TRUE,AuthGuard BusinessGuard,2,,,FALSE
POST,/subscriptions/businesses/:businessId/cancel,/subscriptions/businesses/:param/cancel,cancelSubscription,SubscriptionsController,apps/server/src/modules/subscriptions/subscriptions.controller.ts,subscriptions,SubscriptionsModule,TRUE,AuthGuard BusinessGuard,2,,,FALSE
GET,/subscriptions/businesses/:businessId/history,/subscriptions/businesses/:param/history,getHistory,SubscriptionsController,apps/server/src/modules/subscriptions/subscriptions.controller.ts,subscriptions,SubscriptionsModule,TRUE,AuthGuard BusinessGuard,2,,,FALSE
GET,/subscriptions/businesses/:businessId/check-limit/:resource,/subscriptions/businesses/:param/check-limit/:param,checkLimit,SubscriptionsController,apps/server/src/modules/subscriptions/subscriptions.controller.ts,subscriptions,SubscriptionsModule,TRUE,AuthGuard BusinessGuard,2,,,FALSE
POST,/subscriptions/businesses/:businessId/checkout,/subscriptions/businesses/:param/checkout,createCheckout,SubscriptionsController,apps/server/src/modules/subscriptions/subscriptions.controller.ts,subscriptions,SubscriptionsModule,TRUE,AuthGuard BusinessGuard,2,,,FALSE
POST,/subscriptions/businesses/:businessId/record-payment,/subscriptions/businesses/:param/record-payment,recordSubscriptionPayment,SubscriptionsController,apps/server/src/modules/subscriptions/subscriptions.controller.ts,subscriptions,SubscriptionsModule,TRUE,AuthGuard BusinessGuard,2,,,FALSE
GET,/subscriptions/businesses/:businessId/payments,/subscriptions/businesses/:param/payments,getPaymentHistory,SubscriptionsController,apps/server/src/modules/subscriptions/subscriptions.controller.ts,subscriptions,SubscriptionsModule,TRUE,AuthGuard BusinessGuard,2,,,FALSE
GET,/supplier/businesses/:businessId/connections,/supplier/businesses/:param/connections,getConnections,SupplierController,apps/server/src/modules/supplier/supplier.controller.ts,supplier,SupplierModule,TRUE,AuthGuard BusinessGuard CrmRateLimitGuard,3,,,FALSE
GET,/supplier/businesses/:businessId/connections/:connectionId,/supplier/businesses/:param/connections/:param,getConnection,SupplierController,apps/server/src/modules/supplier/supplier.controller.ts,supplier,SupplierModule,TRUE,AuthGuard BusinessGuard CrmRateLimitGuard,3,,,FALSE
POST,/supplier/businesses/:businessId/connections,/supplier/businesses/:param/connections,createConnection,SupplierController,apps/server/src/modules/supplier/supplier.controller.ts,supplier,SupplierModule,TRUE,AuthGuard BusinessGuard CrmRateLimitGuard,3,,,FALSE
PATCH,/supplier/businesses/:businessId/connections/:connectionId,/supplier/businesses/:param/connections/:param,updateConnection,SupplierController,apps/server/src/modules/supplier/supplier.controller.ts,supplier,SupplierModule,TRUE,AuthGuard BusinessGuard CrmRateLimitGuard,3,,,FALSE
DELETE,/supplier/businesses/:businessId/connections/:connectionId,/supplier/businesses/:param/connections/:param,deleteConnection,SupplierController,apps/server/src/modules/supplier/supplier.controller.ts,supplier,SupplierModule,TRUE,AuthGuard BusinessGuard CrmRateLimitGuard,3,,,FALSE
GET,/supplier/businesses/:businessId/connections/:connectionId/products,/supplier/businesses/:param/connections/:param/products,getSupplierProducts,SupplierController,apps/server/src/modules/supplier/supplier.controller.ts,supplier,SupplierModule,TRUE,AuthGuard BusinessGuard CrmRateLimitGuard,3,,,FALSE
POST,/supplier/businesses/:businessId/connections/:connectionId/products,/supplier/businesses/:param/connections/:param/products,createSupplierProduct,SupplierController,apps/server/src/modules/supplier/supplier.controller.ts,supplier,SupplierModule,TRUE,AuthGuard BusinessGuard CrmRateLimitGuard,3,,,FALSE
GET,/supplier/businesses/:businessId/supplier-products/:supplierProductId,/supplier/businesses/:param/supplier-products/:param,getSupplierProduct,SupplierController,apps/server/src/modules/supplier/supplier.controller.ts,supplier,SupplierModule,TRUE,AuthGuard BusinessGuard CrmRateLimitGuard,3,,,FALSE
PATCH,/supplier/businesses/:businessId/supplier-products/:supplierProductId,/supplier/businesses/:param/supplier-products/:param,updateSupplierProduct,SupplierController,apps/server/src/modules/supplier/supplier.controller.ts,supplier,SupplierModule,TRUE,AuthGuard BusinessGuard CrmRateLimitGuard,3,,,FALSE
DELETE,/supplier/businesses/:businessId/supplier-products/:supplierProductId,/supplier/businesses/:param/supplier-products/:param,deleteSupplierProduct,SupplierController,apps/server/src/modules/supplier/supplier.controller.ts,supplier,SupplierModule,TRUE,AuthGuard BusinessGuard CrmRateLimitGuard,3,,,FALSE
POST,/supplier/businesses/:businessId/supplier-products/:supplierProductId/create-product,/supplier/businesses/:param/supplier-products/:param/create-product,createProductFromSupplier,SupplierController,apps/server/src/modules/supplier/supplier.controller.ts,supplier,SupplierModule,TRUE,AuthGuard BusinessGuard CrmRateLimitGuard,3,,,FALSE
GET,/supplier/businesses/:businessId/products/:productId/variants,/supplier/businesses/:param/products/:param/variants,getProductVariants,SupplierController,apps/server/src/modules/supplier/supplier.controller.ts,supplier,SupplierModule,TRUE,AuthGuard BusinessGuard CrmRateLimitGuard,3,,,FALSE
POST,/supplier/businesses/:businessId/products/:productId/variants,/supplier/businesses/:param/products/:param/variants,createProductVariant,SupplierController,apps/server/src/modules/supplier/supplier.controller.ts,supplier,SupplierModule,TRUE,AuthGuard BusinessGuard CrmRateLimitGuard,3,,,FALSE
PATCH,/supplier/businesses/:businessId/product-variants/:variantId,/supplier/businesses/:param/product-variants/:param,updateProductVariant,SupplierController,apps/server/src/modules/supplier/supplier.controller.ts,supplier,SupplierModule,TRUE,AuthGuard BusinessGuard CrmRateLimitGuard,3,,,FALSE
DELETE,/supplier/businesses/:businessId/product-variants/:variantId,/supplier/businesses/:param/product-variants/:param,deleteProductVariant,SupplierController,apps/server/src/modules/supplier/supplier.controller.ts,supplier,SupplierModule,TRUE,AuthGuard BusinessGuard CrmRateLimitGuard,3,,,FALSE
GET,/supplier/businesses/:businessId/products/:productId/source-links,/supplier/businesses/:param/products/:param/source-links,getProductSourceLinks,SupplierController,apps/server/src/modules/supplier/supplier.controller.ts,supplier,SupplierModule,TRUE,AuthGuard BusinessGuard CrmRateLimitGuard,3,,,FALSE
POST,/supplier/businesses/:businessId/products/:productId/source-links,/supplier/businesses/:param/products/:param/source-links,createProductSourceLink,SupplierController,apps/server/src/modules/supplier/supplier.controller.ts,supplier,SupplierModule,TRUE,AuthGuard BusinessGuard CrmRateLimitGuard,3,,,FALSE
PATCH,/supplier/businesses/:businessId/source-links/:linkId,/supplier/businesses/:param/source-links/:param,updateProductSourceLink,SupplierController,apps/server/src/modules/supplier/supplier.controller.ts,supplier,SupplierModule,TRUE,AuthGuard BusinessGuard CrmRateLimitGuard,3,,,FALSE
DELETE,/supplier/businesses/:businessId/source-links/:linkId,/supplier/businesses/:param/source-links/:param,deleteProductSourceLink,SupplierController,apps/server/src/modules/supplier/supplier.controller.ts,supplier,SupplierModule,TRUE,AuthGuard BusinessGuard CrmRateLimitGuard,3,,,FALSE
GET,/supplier/businesses/:businessId/products/:productId/cost-profile,/supplier/businesses/:param/products/:param/cost-profile,getProductCostProfile,SupplierController,apps/server/src/modules/supplier/supplier.controller.ts,supplier,SupplierModule,TRUE,AuthGuard BusinessGuard CrmRateLimitGuard,3,,,FALSE
PUT,/supplier/businesses/:businessId/products/:productId/cost-profile,/supplier/businesses/:param/products/:param/cost-profile,upsertProductCostProfile,SupplierController,apps/server/src/modules/supplier/supplier.controller.ts,supplier,SupplierModule,TRUE,AuthGuard BusinessGuard CrmRateLimitGuard,3,,,FALSE
GET,/supplier/businesses/:businessId/products/:productId/margin-snapshots,/supplier/businesses/:param/products/:param/margin-snapshots,getMarginSnapshots,SupplierController,apps/server/src/modules/supplier/supplier.controller.ts,supplier,SupplierModule,TRUE,AuthGuard BusinessGuard CrmRateLimitGuard,3,,,FALSE
POST,/businesses/:businessId/task-assignments,/businesses/:param/task-assignments,assign,TaskAssignmentController,apps/server/src/modules/task-assignments/task-assignment.controller.ts,task-assignments,TaskAssignmentModule,TRUE,AuthGuard BusinessGuard RateLimitGuard,3,,,FALSE
POST,/businesses/:businessId/task-assignments/bulk,/businesses/:param/task-assignments/bulk,bulkAssign,TaskAssignmentController,apps/server/src/modules/task-assignments/task-assignment.controller.ts,task-assignments,TaskAssignmentModule,TRUE,AuthGuard BusinessGuard RateLimitGuard,3,,,FALSE
POST,/businesses/:businessId/task-assignments/transfer,/businesses/:param/task-assignments/transfer,transfer,TaskAssignmentController,apps/server/src/modules/task-assignments/task-assignment.controller.ts,task-assignments,TaskAssignmentModule,TRUE,AuthGuard BusinessGuard RateLimitGuard,3,,,FALSE
GET,/businesses/:businessId/task-assignments/for-task/:taskType/:taskId,/businesses/:param/task-assignments/for-task/:param/:param,forTask,TaskAssignmentController,apps/server/src/modules/task-assignments/task-assignment.controller.ts,task-assignments,TaskAssignmentModule,TRUE,AuthGuard BusinessGuard RateLimitGuard,3,,,FALSE
GET,/businesses/:businessId/task-assignments/for-assignee/:assignableType/:assignableId,/businesses/:param/task-assignments/for-assignee/:param/:param,forAssignee,TaskAssignmentController,apps/server/src/modules/task-assignments/task-assignment.controller.ts,task-assignments,TaskAssignmentModule,TRUE,AuthGuard BusinessGuard RateLimitGuard,3,,,FALSE
GET,/businesses/:businessId/task-assignments/options,/businesses/:param/task-assignments/options,options,TaskAssignmentController,apps/server/src/modules/task-assignments/task-assignment.controller.ts,task-assignments,TaskAssignmentModule,TRUE,AuthGuard BusinessGuard RateLimitGuard,3,,,FALSE
POST,/businesses/:businessId/task-assignments/recommend,/businesses/:param/task-assignments/recommend,recommend,TaskAssignmentController,apps/server/src/modules/task-assignments/task-assignment.controller.ts,task-assignments,TaskAssignmentModule,TRUE,AuthGuard BusinessGuard RateLimitGuard,3,,,FALSE
DELETE,/businesses/:businessId/task-assignments,/businesses/:param/task-assignments,unassign,TaskAssignmentController,apps/server/src/modules/task-assignments/task-assignment.controller.ts,task-assignments,TaskAssignmentModule,TRUE,AuthGuard BusinessGuard RateLimitGuard,3,,,FALSE
GET,/templates,/templates,listTemplates,TemplatesController,apps/server/src/modules/templates/templates.controller.ts,templates,TemplatesModule,TRUE,,0,,,TRUE
GET,/templates/:id,/templates/:param,getTemplate,TemplatesController,apps/server/src/modules/templates/templates.controller.ts,templates,TemplatesModule,TRUE,,0,,,TRUE
POST,/businesses/:businessId/templates/:templateId/apply,/businesses/:param/templates/:param/apply,applyTemplate,TemplatesController,apps/server/src/modules/templates/templates.controller.ts,templates,TemplatesModule,TRUE,AuthGuard BusinessGuard,2,,,FALSE
GET,/temporal-flow/businesses/:businessId,/temporal-flow/businesses/:param,list,TemporalFlowController,apps/server/src/modules/temporal-flow/temporal-flow.controller.ts,temporal-flow,TemporalFlowModule,TRUE,AuthGuard BusinessGuard,2,,,FALSE
GET,/temporal-flow/businesses/:businessId/calendar,/temporal-flow/businesses/:param/calendar,calendar,TemporalFlowController,apps/server/src/modules/temporal-flow/temporal-flow.controller.ts,temporal-flow,TemporalFlowModule,TRUE,AuthGuard BusinessGuard,2,,,FALSE
GET,/temporal-flow/businesses/:businessId/reminders,/temporal-flow/businesses/:param/reminders,reminders,TemporalFlowController,apps/server/src/modules/temporal-flow/temporal-flow.controller.ts,temporal-flow,TemporalFlowModule,TRUE,AuthGuard BusinessGuard,2,,,FALSE
POST,/temporal-flow/businesses/:businessId,/temporal-flow/businesses/:param,create,TemporalFlowController,apps/server/src/modules/temporal-flow/temporal-flow.controller.ts,temporal-flow,TemporalFlowModule,TRUE,AuthGuard BusinessGuard,2,,,FALSE
PATCH,/temporal-flow/businesses/:businessId/:eventId/resolve,/temporal-flow/businesses/:param/:param/resolve,resolve,TemporalFlowController,apps/server/src/modules/temporal-flow/temporal-flow.controller.ts,temporal-flow,TemporalFlowModule,TRUE,AuthGuard BusinessGuard,2,,,FALSE
POST,/temporal-flow/businesses/:businessId/analyze,/temporal-flow/businesses/:param/analyze,analyze,TemporalFlowController,apps/server/src/modules/temporal-flow/temporal-flow.controller.ts,temporal-flow,TemporalFlowModule,TRUE,AuthGuard BusinessGuard,2,,,FALSE
GET,/temporal-flow/businesses/:businessId/memory,/temporal-flow/businesses/:param/memory,listMemory,TemporalFlowController,apps/server/src/modules/temporal-flow/temporal-flow.controller.ts,temporal-flow,TemporalFlowModule,TRUE,AuthGuard BusinessGuard,2,,,FALSE
GET,/temporal-flow/businesses/:businessId/memory/search,/temporal-flow/businesses/:param/memory/search,searchMemory,TemporalFlowController,apps/server/src/modules/temporal-flow/temporal-flow.controller.ts,temporal-flow,TemporalFlowModule,TRUE,AuthGuard BusinessGuard,2,,,FALSE
GET,/temporal-flow/businesses/:businessId/memory/by-entity/:entityType/:entityId,/temporal-flow/businesses/:param/memory/by-entity/:param/:param,memoryByEntity,TemporalFlowController,apps/server/src/modules/temporal-flow/temporal-flow.controller.ts,temporal-flow,TemporalFlowModule,TRUE,AuthGuard BusinessGuard,2,,,FALSE
POST,/temporal-flow/businesses/:businessId/memory/compact,/temporal-flow/businesses/:param/memory/compact,compactMemory,TemporalFlowController,apps/server/src/modules/temporal-flow/temporal-flow.controller.ts,temporal-flow,TemporalFlowModule,TRUE,AuthGuard BusinessGuard,2,,,FALSE
POST,/temporal-flow/businesses/:businessId/memory/detect-patterns,/temporal-flow/businesses/:param/memory/detect-patterns,detectPatterns,TemporalFlowController,apps/server/src/modules/temporal-flow/temporal-flow.controller.ts,temporal-flow,TemporalFlowModule,TRUE,AuthGuard BusinessGuard,2,,,FALSE
GET,/temporal/businesses/:businessId/overview,/temporal/businesses/:param/overview,getOverview,TemporalController,apps/server/src/modules/temporal/temporal.controller.ts,temporal,TemporalModule,TRUE,AuthGuard BusinessGuard,2,,,FALSE
POST,/time-entries/businesses/:businessId/start,/time-entries/businesses/:param/start,startTimer,TimeEntryController,apps/server/src/modules/time-tracking/time-entry.controller.ts,time-tracking,TimeTrackingModule,TRUE,AuthGuard BusinessGuard,2,,,FALSE
POST,/time-entries/businesses/:businessId/stop/:id,/time-entries/businesses/:param/stop/:param,stopTimer,TimeEntryController,apps/server/src/modules/time-tracking/time-entry.controller.ts,time-tracking,TimeTrackingModule,TRUE,AuthGuard BusinessGuard,2,,,FALSE
GET,/time-entries/businesses/:businessId/running,/time-entries/businesses/:param/running,getRunningTimer,TimeEntryController,apps/server/src/modules/time-tracking/time-entry.controller.ts,time-tracking,TimeTrackingModule,TRUE,AuthGuard BusinessGuard,2,,,FALSE
POST,/time-entries/businesses/:businessId,/time-entries/businesses/:param,create,TimeEntryController,apps/server/src/modules/time-tracking/time-entry.controller.ts,time-tracking,TimeTrackingModule,TRUE,AuthGuard BusinessGuard,2,,,FALSE
GET,/time-entries/businesses/:businessId,/time-entries/businesses/:param,list,TimeEntryController,apps/server/src/modules/time-tracking/time-entry.controller.ts,time-tracking,TimeTrackingModule,TRUE,AuthGuard BusinessGuard,2,,,FALSE
GET,/time-entries/businesses/:businessId/summary,/time-entries/businesses/:param/summary,getSummary,TimeEntryController,apps/server/src/modules/time-tracking/time-entry.controller.ts,time-tracking,TimeTrackingModule,TRUE,AuthGuard BusinessGuard,2,,,FALSE
GET,/time-entries/businesses/:businessId/:id,/time-entries/businesses/:param/:param,findById,TimeEntryController,apps/server/src/modules/time-tracking/time-entry.controller.ts,time-tracking,TimeTrackingModule,TRUE,AuthGuard BusinessGuard,2,,,FALSE
PATCH,/time-entries/businesses/:businessId/:id,/time-entries/businesses/:param/:param,update,TimeEntryController,apps/server/src/modules/time-tracking/time-entry.controller.ts,time-tracking,TimeTrackingModule,TRUE,AuthGuard BusinessGuard,2,,,FALSE
DELETE,/time-entries/businesses/:businessId/:id,/time-entries/businesses/:param/:param,delete,TimeEntryController,apps/server/src/modules/time-tracking/time-entry.controller.ts,time-tracking,TimeTrackingModule,TRUE,AuthGuard BusinessGuard,2,,,FALSE
POST,/time-entries/businesses/:businessId/bill,/time-entries/businesses/:param/bill,billTimeEntries,TimeEntryController,apps/server/src/modules/time-tracking/time-entry.controller.ts,time-tracking,TimeTrackingModule,TRUE,AuthGuard BusinessGuard,2,,,FALSE
GET,/time-entries/businesses/:businessId/projects/:projectId/total-time,/time-entries/businesses/:param/projects/:param/total-time,getProjectTotalTime,TimeEntryController,apps/server/src/modules/time-tracking/time-entry.controller.ts,time-tracking,TimeTrackingModule,TRUE,AuthGuard BusinessGuard,2,,,FALSE
GET,/timeline/businesses/:businessId/events,/timeline/businesses/:param/events,queryEvents,TimelineController,apps/server/src/modules/timeline/timeline.controller.ts,timeline,TimelineModule,TRUE,AuthGuard CrmRateLimitGuard BusinessGuard,3,,,FALSE
GET,/timeline/businesses/:businessId/summary/:date,/timeline/businesses/:param/summary/:param,getDaySummary,TimelineController,apps/server/src/modules/timeline/timeline.controller.ts,timeline,TimelineModule,TRUE,AuthGuard CrmRateLimitGuard BusinessGuard,3,,,FALSE
GET,/timeline/businesses/:businessId/upcoming,/timeline/businesses/:param/upcoming,getUpcoming,TimelineController,apps/server/src/modules/timeline/timeline.controller.ts,timeline,TimelineModule,TRUE,AuthGuard CrmRateLimitGuard BusinessGuard,3,,,FALSE
GET,/api/businesses/:businessId/trash,/api/businesses/:param/trash,listTrashed,TrashController,apps/server/src/modules/trash/trash.controller.ts,trash,TrashModule,TRUE,BusinessGuard,1,settings,,FALSE
POST,/api/businesses/:businessId/trash/:model/:id/restore,/api/businesses/:param/trash/:param/:param/restore,restore,TrashController,apps/server/src/modules/trash/trash.controller.ts,trash,TrashModule,TRUE,BusinessGuard,1,settings,,FALSE
DELETE,/api/businesses/:businessId/trash/:model/:id,/api/businesses/:param/trash/:param/:param,permanentDelete,TrashController,apps/server/src/modules/trash/trash.controller.ts,trash,TrashModule,TRUE,BusinessGuard,1,settings,,FALSE
POST,/uploads/request-url,/uploads/request-url,requestUploadUrl,UploadsController,apps/server/src/modules/uploads/uploads.controller.ts,uploads,UploadsModule,TRUE,AuthGuard BusinessGuard,2,,,FALSE
GET,/voice/businesses/:businessId/providers,/voice/businesses/:param/providers,listProviders,VoiceController,apps/server/src/modules/voice/voice.controller.ts,voice,VoiceModule,TRUE,AuthGuard BusinessGuard,2,,,FALSE
POST,/voice/businesses/:businessId/tts,/voice/businesses/:param/tts,synthesize,VoiceController,apps/server/src/modules/voice/voice.controller.ts,voice,VoiceModule,TRUE,AuthGuard BusinessGuard,2,,,FALSE
GET,/webhooks/health,/webhooks/health,health,WebhooksController,apps/server/src/modules/webhooks/webhooks.controller.ts,webhooks,WebhooksModule,TRUE,,0,,,TRUE
POST,/webhooks/stripe,/webhooks/stripe,handleStripeWebhook,WebhooksController,apps/server/src/modules/webhooks/webhooks.controller.ts,webhooks,WebhooksModule,TRUE,,0,,,TRUE
GET,/webhooks/businesses/:businessId/webhooks,/webhooks/businesses/:param/webhooks,list,WebhooksController,apps/server/src/modules/webhooks/webhooks.controller.ts,webhooks,WebhooksModule,TRUE,AuthGuard BusinessGuard,2,,,FALSE
POST,/webhooks/businesses/:businessId/webhooks,/webhooks/businesses/:param/webhooks,create,WebhooksController,apps/server/src/modules/webhooks/webhooks.controller.ts,webhooks,WebhooksModule,TRUE,AuthGuard BusinessGuard,2,,,FALSE
DELETE,/webhooks/businesses/:businessId/webhooks/:webhookId,/webhooks/businesses/:param/webhooks/:param,remove,WebhooksController,apps/server/src/modules/webhooks/webhooks.controller.ts,webhooks,WebhooksModule,TRUE,AuthGuard BusinessGuard,2,,,FALSE
POST,/webhooks/businesses/:businessId/webhooks/:webhookId/test,/webhooks/businesses/:param/webhooks/:param/test,testWebhook,WebhooksController,apps/server/src/modules/webhooks/webhooks.controller.ts,webhooks,WebhooksModule,TRUE,AuthGuard BusinessGuard,2,,,FALSE
GET,/webhooks/businesses/:businessId/webhooks/:webhookId/deliveries,/webhooks/businesses/:param/webhooks/:param/deliveries,deliveries,WebhooksController,apps/server/src/modules/webhooks/webhooks.controller.ts,webhooks,WebhooksModule,TRUE,AuthGuard BusinessGuard,2,,,FALSE
POST,/webhooks/businesses/:businessId/webhooks/:webhookId/toggle,/webhooks/businesses/:param/webhooks/:param/toggle,toggleWebhook,WebhooksController,apps/server/src/modules/webhooks/webhooks.controller.ts,webhooks,WebhooksModule,TRUE,AuthGuard BusinessGuard,2,,,FALSE
GET,/whatsapp/businesses/:businessId/config,/whatsapp/businesses/:param/config,getConfig,WhatsAppController,apps/server/src/modules/whatsapp/whatsapp.controller.ts,whatsapp,WhatsAppModule,TRUE,AuthGuard BusinessGuard,2,,,FALSE
PATCH,/whatsapp/businesses/:businessId/config,/whatsapp/businesses/:param/config,saveConfig,WhatsAppController,apps/server/src/modules/whatsapp/whatsapp.controller.ts,whatsapp,WhatsAppModule,TRUE,AuthGuard BusinessGuard,2,,,FALSE
POST,/whatsapp/businesses/:businessId/send,/whatsapp/businesses/:param/send,sendMessage,WhatsAppController,apps/server/src/modules/whatsapp/whatsapp.controller.ts,whatsapp,WhatsAppModule,TRUE,AuthGuard BusinessGuard,2,,,FALSE
POST,/whatsapp/businesses/:businessId/test,/whatsapp/businesses/:param/test,testConnection,WhatsAppController,apps/server/src/modules/whatsapp/whatsapp.controller.ts,whatsapp,WhatsAppModule,TRUE,AuthGuard BusinessGuard,2,,,FALSE
GET,/whatsapp/businesses/:businessId/status,/whatsapp/businesses/:param/status,getStatus,WhatsAppController,apps/server/src/modules/whatsapp/whatsapp.controller.ts,whatsapp,WhatsAppModule,TRUE,AuthGuard BusinessGuard,2,,,FALSE
GET,/whatsapp/businesses/:businessId/conversations,/whatsapp/businesses/:param/conversations,listConversations,WhatsAppController,apps/server/src/modules/whatsapp/whatsapp.controller.ts,whatsapp,WhatsAppModule,TRUE,AuthGuard BusinessGuard,2,,,FALSE
GET,/whatsapp/businesses/:businessId/conversations/:conversationId,/whatsapp/businesses/:param/conversations/:param,getConversation,WhatsAppController,apps/server/src/modules/whatsapp/whatsapp.controller.ts,whatsapp,WhatsAppModule,TRUE,AuthGuard BusinessGuard,2,,,FALSE
GET,/whatsapp/businesses/:businessId/templates,/whatsapp/businesses/:param/templates,listTemplates,WhatsAppController,apps/server/src/modules/whatsapp/whatsapp.controller.ts,whatsapp,WhatsAppModule,TRUE,AuthGuard BusinessGuard,2,,,FALSE
POST,/whatsapp/businesses/:businessId/messages,/whatsapp/businesses/:param/messages,sendFromDrawer,WhatsAppController,apps/server/src/modules/whatsapp/whatsapp.controller.ts,whatsapp,WhatsAppModule,TRUE,AuthGuard BusinessGuard,2,,,FALSE
GET,/whatsapp/webhook,/whatsapp/webhook,verifySharedWebhook,WhatsAppController,apps/server/src/modules/whatsapp/whatsapp.controller.ts,whatsapp,WhatsAppModule,TRUE,,0,,TRUE,FALSE
POST,/whatsapp/webhook,/whatsapp/webhook,sharedWebhook,WhatsAppController,apps/server/src/modules/whatsapp/whatsapp.controller.ts,whatsapp,WhatsAppModule,TRUE,,0,,,TRUE
GET,/whatsapp/webhook/:businessId,/whatsapp/webhook/:param,verifyWebhook,WhatsAppController,apps/server/src/modules/whatsapp/whatsapp.controller.ts,whatsapp,WhatsAppModule,TRUE,,0,,TRUE,FALSE
POST,/whatsapp/webhook/:businessId,/whatsapp/webhook/:param,webhook,WhatsAppController,apps/server/src/modules/whatsapp/whatsapp.controller.ts,whatsapp,WhatsAppModule,TRUE,,0,,,TRUE
