caller_file,requested_path,normalized_path,external,server_route_exists,server_route_mounted,matched_controller,loose_match,path_fragment,status
apps/web/src/app/_lib/presence-sdk.ts,/public/events,/public/events,FALSE,TRUE,TRUE,PublicPresenceController,,TRUE,OK
apps/web/src/app/admin/ai-usage/page.tsx,/api/admin/ai-usage/platform-summary,/api/admin/ai-usage/platform-summary,FALSE,TRUE,TRUE,AiUsageAdminController,,,OK
apps/web/src/app/admin/ai-usage/page.tsx,/api/admin/ai-usage/platform-alerts,/api/admin/ai-usage/platform-alerts,FALSE,TRUE,TRUE,AiUsageAdminController,,,OK
apps/web/src/app/admin/feature-flags/page.tsx,/api/admin/feature-flags,/api/admin/feature-flags,FALSE,TRUE,TRUE,FeatureFlagsController,,,OK
apps/web/src/app/admin/feature-flags/page.tsx,/api/admin/feature-flags/:param,/api/admin/feature-flags/:param,FALSE,TRUE,TRUE,FeatureFlagsController,,,OK
apps/web/src/app/admin/login/page.tsx,/api/admin/auth/login,/api/admin/auth/login,FALSE,TRUE,TRUE,AdminAuthController,,,OK
apps/web/src/app/admin/system/page.tsx,/api/diagnostics/run,/api/diagnostics/run,FALSE,TRUE,TRUE,DiagnosticsController,,,OK
apps/web/src/app/admin/system/page.tsx,/api/diagnostics/:param,/api/diagnostics/:param,FALSE,FALSE,,,/api/diagnostics/run /api/diagnostics/infrastructure /api/diagnostics/modules,,UNVERIFIED
apps/web/src/app/admin/system/page.tsx,/api/diagnostics/check/:param,/api/diagnostics/check/:param,FALSE,TRUE,TRUE,DiagnosticsController,,,OK
apps/web/src/app/admin/system/page.tsx,/api/healthz,/api/healthz,FALSE,FALSE,,,,,NEXT_ROUTE_HANDLER
apps/web/src/app/admin/system/page.tsx,/healthz,/healthz,FALSE,TRUE,TRUE,AppController,,,OK
apps/web/src/app/api/healthz/route.ts,/readyz,/readyz,FALSE,TRUE,TRUE,AppController,,,OK
apps/web/src/app/app/automations/components/autopilot-loops.tsx,/autopilot/businesses/:param/loops,/autopilot/businesses/:param/loops,FALSE,TRUE,TRUE,AutopilotController,,,OK
apps/web/src/app/app/automations/components/autopilot-loops.tsx,/autopilot/businesses/:param/loops/:param,/autopilot/businesses/:param/loops/:param,FALSE,TRUE,TRUE,AutopilotController,,,OK
apps/web/src/app/app/automations/components/autopilot-loops.tsx,/autopilot/businesses/:param/loops/:param/run,/autopilot/businesses/:param/loops/:param/run,FALSE,TRUE,TRUE,AutopilotController,,,OK
apps/web/src/app/app/automations/components/autopilot-loops.tsx,/autopilot/businesses/:param/loops/:param/runs,/autopilot/businesses/:param/loops/:param/runs,FALSE,TRUE,TRUE,AutopilotController,,,OK
apps/web/src/app/app/calendar/page.tsx,/temporal/businesses/:param/overview,/temporal/businesses/:param/overview,FALSE,TRUE,TRUE,TemporalController,,,OK
apps/web/src/app/app/command-center/components-v2/mission-control-hero.tsx,/finance/businesses/:param/safe-to-spend,/finance/businesses/:param/safe-to-spend,FALSE,TRUE,TRUE,FinanceController,,,OK
apps/web/src/app/app/command-center/components-v2/mission-control-hero.tsx,/temporal/businesses/:param/overview,/temporal/businesses/:param/overview,FALSE,TRUE,TRUE,TemporalController,,,OK
apps/web/src/app/app/commerce/components/attribution-editor.tsx,/commerce/businesses/:param/revenue-attributions/:param/:param,/commerce/businesses/:param/revenue-attributions/:param/:param,FALSE,TRUE,TRUE,LeverageController,,,OK
apps/web/src/app/app/commerce/components/commerce-inventory-wrapper.tsx,/marketplace/businesses/:param/warehouses,/marketplace/businesses/:param/warehouses,FALSE,TRUE,TRUE,MarketplaceController,,,OK
apps/web/src/app/app/commerce/components/commerce-inventory-wrapper.tsx,/marketplace/businesses/:param/inventory,/marketplace/businesses/:param/inventory,FALSE,TRUE,TRUE,MarketplaceController,,,OK
apps/web/src/app/app/commerce/components/commerce-inventory-wrapper.tsx,/marketplace/businesses/:param/warehouses/:param,/marketplace/businesses/:param/warehouses/:param,FALSE,TRUE,TRUE,MarketplaceController,,,OK
apps/web/src/app/app/commerce/components/commerce-inventory-wrapper.tsx,/marketplace/businesses/:param/purchase-orders/:param,/marketplace/businesses/:param/purchase-orders/:param,FALSE,TRUE,TRUE,MarketplaceController,,,OK
apps/web/src/app/app/commerce/components/commerce-inventory-wrapper.tsx,/marketplace/businesses/:param/purchase-orders,/marketplace/businesses/:param/purchase-orders,FALSE,TRUE,TRUE,MarketplaceController,,,OK
apps/web/src/app/app/commerce/components/leverage-metrics-section.tsx,/commerce/businesses/:param/leverage/metrics/:param/:param,/commerce/businesses/:param/leverage/metrics/:param/:param,FALSE,TRUE,TRUE,LeverageController,,,OK
apps/web/src/app/app/commerce/components/subscription-config-panel.tsx,/conversion/businesses/:param/products/:param/subscription-config,/conversion/businesses/:param/products/:param/subscription-config,FALSE,TRUE,TRUE,ConversionController,,,OK
apps/web/src/app/app/commerce/components/time-log-widget.tsx,/commerce/businesses/:param/time-cost/by-ref/:param/:param,/commerce/businesses/:param/time-cost/by-ref/:param/:param,FALSE,TRUE,TRUE,LeverageController,,,OK
apps/web/src/app/app/commerce/components/time-log-widget.tsx,/commerce/businesses/:param/time-cost,/commerce/businesses/:param/time-cost,FALSE,TRUE,TRUE,LeverageController,,,OK
apps/web/src/app/app/commerce/components/time-log-widget.tsx,/commerce/businesses/:param/time-cost/:param,/commerce/businesses/:param/time-cost/:param,FALSE,TRUE,TRUE,LeverageController,,,OK
apps/web/src/app/app/commerce/components/upsell-config-panel.tsx,/catalog/businesses/:param/products,/catalog/businesses/:param/products,FALSE,TRUE,TRUE,CatalogController,,,OK
apps/web/src/app/app/commerce/components/upsell-config-panel.tsx,/conversion/businesses/:param/products/:param/upsells,/conversion/businesses/:param/products/:param/upsells,FALSE,TRUE,TRUE,ConversionController,,,OK
apps/web/src/app/app/commerce/gateway/page.tsx,/payments/businesses/:param/gateways,/payments/businesses/:param/gateways,FALSE,TRUE,TRUE,PaymentsOpsController,,,OK
apps/web/src/app/app/commerce/hooks/use-business-preview.ts,/identity/businesses/:param,/identity/businesses/:param,FALSE,TRUE,TRUE,IdentityController,,,OK
apps/web/src/app/app/commerce/invoices/[id]/page.tsx,/commerce/businesses/:param/invoices/:param,/commerce/businesses/:param/invoices/:param,FALSE,TRUE,TRUE,CommerceController,,,OK
apps/web/src/app/app/commerce/invoices/invoices-panel.tsx,/commerce/businesses/:param/invoices/:param,/commerce/businesses/:param/invoices/:param,FALSE,TRUE,TRUE,CommerceController,,,OK
apps/web/src/app/app/commerce/invoices/page.tsx,/commerce/businesses/:param/invoices/:param,/commerce/businesses/:param/invoices/:param,FALSE,TRUE,TRUE,CommerceController,,,OK
apps/web/src/app/app/control-tower/components/daily-plan.tsx,/ai/businesses/:param/ai/strategic/weekly-plan,/ai/businesses/:param/ai/strategic/weekly-plan,FALSE,TRUE,TRUE,AiController,,,OK
apps/web/src/app/app/control-tower/components/do-it-for-me-panel.tsx,/ai/businesses/:param/key/command,/ai/businesses/:param/key/command,FALSE,TRUE,TRUE,AiController,,,OK
apps/web/src/app/app/control-tower/components/growth-intelligence-panel.tsx,/growth-intelligence/businesses/:param/dashboard,/growth-intelligence/businesses/:param/dashboard,FALSE,TRUE,TRUE,GrowthIntelligenceController,,,OK
apps/web/src/app/app/control-tower/components/growth-intelligence-panel.tsx,/growth-intelligence/businesses/:param/insights/regenerate,/growth-intelligence/businesses/:param/insights/regenerate,FALSE,TRUE,TRUE,GrowthIntelligenceController,,,OK
apps/web/src/app/app/control-tower/components/growth-intelligence-panel.tsx,/growth-intelligence/businesses/:param/journeys/backfill,/growth-intelligence/businesses/:param/journeys/backfill,FALSE,TRUE,TRUE,GrowthIntelligenceController,,,OK
apps/web/src/app/app/control-tower/components/growth-intelligence-panel.tsx,/growth-intelligence/businesses/:param/insights/:param/status,/growth-intelligence/businesses/:param/insights/:param/status,FALSE,TRUE,TRUE,GrowthIntelligenceController,,,OK
apps/web/src/app/app/control-tower/components/storefront-intel.tsx,/ai/businesses/:param/ai/strategic/opportunities,/ai/businesses/:param/ai/strategic/opportunities,FALSE,TRUE,TRUE,AiController,,,OK
apps/web/src/app/app/crm/contacts/[contactId]/money/page.tsx,/commerce/businesses/:param/invoices,/commerce/businesses/:param/invoices,FALSE,TRUE,TRUE,CommerceController,,,OK
apps/web/src/app/app/crm/contacts/[contactId]/money/page.tsx,/commerce/businesses/:param/quotes,/commerce/businesses/:param/quotes,FALSE,TRUE,TRUE,CommerceController,,,OK
apps/web/src/app/app/crm/contacts/[contactId]/quotes-invoices/page.tsx,/commerce/businesses/:param/invoices,/commerce/businesses/:param/invoices,FALSE,TRUE,TRUE,CommerceController,,,OK
apps/web/src/app/app/crm/contacts/[contactId]/quotes-invoices/page.tsx,/commerce/businesses/:param/quotes,/commerce/businesses/:param/quotes,FALSE,TRUE,TRUE,CommerceController,,,OK
apps/web/src/app/app/crm/intelligence/page.tsx,/crm/businesses/:param/relationship-health/at-risk,/crm/businesses/:param/relationship-health/at-risk,FALSE,TRUE,TRUE,CrmController,,,OK
apps/web/src/app/app/crm/intelligence/page.tsx,/crm/businesses/:param/contacts,/crm/businesses/:param/contacts,FALSE,TRUE,TRUE,CrmController,,,OK
apps/web/src/app/app/documents/[instanceId]/page.tsx,/documents/businesses/:param/instances/:param,/documents/businesses/:param/instances/:param,FALSE,TRUE,TRUE,DocumentsController,,,OK
apps/web/src/app/app/documents/[instanceId]/page.tsx,/drive/businesses/:param/status,/drive/businesses/:param/status,FALSE,TRUE,TRUE,GoogleDriveController,,,OK
apps/web/src/app/app/documents/[instanceId]/page.tsx,/drive/businesses/:param/export-html,/drive/businesses/:param/export-html,FALSE,TRUE,TRUE,GoogleDriveController,,,OK
apps/web/src/app/app/documents/[instanceId]/page.tsx,/drive/businesses/:param/files/:param/content,/drive/businesses/:param/files/:param/content,FALSE,TRUE,TRUE,GoogleDriveController,,,OK
apps/web/src/app/app/documents/[instanceId]/page.tsx,/documents/businesses/:param/instances/:param/drive-synced,/documents/businesses/:param/instances/:param/drive-synced,FALSE,TRUE,TRUE,DocumentsController,,,OK
apps/web/src/app/app/documents/[instanceId]/page.tsx,/documents/businesses/:param/instances/:param/drive-status,/documents/businesses/:param/instances/:param/drive-status,FALSE,TRUE,TRUE,DocumentsController,,,OK
apps/web/src/app/app/documents/[instanceId]/page.tsx,/documents/businesses/:param/instances/:param/pull-from-drive,/documents/businesses/:param/instances/:param/pull-from-drive,FALSE,TRUE,TRUE,DocumentsController,,,OK
apps/web/src/app/app/documents/[instanceId]/page.tsx,/documents/businesses/:param/instances/:param/sections/:param,/documents/businesses/:param/instances/:param/sections/:param,FALSE,TRUE,TRUE,DocumentsController,,,OK
apps/web/src/app/app/documents/[instanceId]/page.tsx,/documents/businesses/:param/instances/:param/tweak,/documents/businesses/:param/instances/:param/tweak,FALSE,TRUE,TRUE,DocumentsController,,,OK
apps/web/src/app/app/documents/[instanceId]/page.tsx,/documents/businesses/:param/instances/:param/status,/documents/businesses/:param/instances/:param/status,FALSE,TRUE,TRUE,DocumentsController,,,OK
apps/web/src/app/app/documents/[instanceId]/page.tsx,/documents/businesses/:param/reviews/:param,/documents/businesses/:param/reviews/:param,FALSE,TRUE,TRUE,DocumentsController,,,OK
apps/web/src/app/app/documents/[instanceId]/page.tsx,/drive/businesses/:param/save-document,/drive/businesses/:param/save-document,FALSE,TRUE,TRUE,GoogleDriveController,,,OK
apps/web/src/app/app/documents/[instanceId]/page.tsx,/documents/businesses/:param/instances/:param/send-email,/documents/businesses/:param/instances/:param/send-email,FALSE,TRUE,TRUE,DocumentsController,,,OK
apps/web/src/app/app/documents/[instanceId]/page.tsx,/documents/businesses/:param/instances/:param/import-from-drive,/documents/businesses/:param/instances/:param/import-from-drive,FALSE,TRUE,TRUE,DocumentsController,,,OK
apps/web/src/app/app/documents/[instanceId]/page.tsx,/documents/businesses/:param/instances/:param/drive-link,/documents/businesses/:param/instances/:param/drive-link,FALSE,TRUE,TRUE,DocumentsController,,,OK
apps/web/src/app/app/financial-flow/page.tsx,/commerce/businesses/:param/invoices/:param/send-reminder,/commerce/businesses/:param/invoices/:param/send-reminder,FALSE,TRUE,TRUE,CommerceController,,,OK
apps/web/src/app/app/financial-flow/page.tsx,/finance/businesses/:param/overview,/finance/businesses/:param/overview,FALSE,TRUE,TRUE,FinanceController,,,OK
apps/web/src/app/app/financial-flow/page.tsx,/finance/businesses/:param/safe-to-spend,/finance/businesses/:param/safe-to-spend,FALSE,TRUE,TRUE,FinanceController,,,OK
apps/web/src/app/app/goals/page.tsx,/api/v1/cortex/goals,/api/v1/cortex/goals,FALSE,TRUE,TRUE,KeyCortexGoalsController,,,OK
apps/web/src/app/app/goals/page.tsx,/api/v1/cortex/goals/:param,/api/v1/cortex/goals/:param,FALSE,TRUE,TRUE,KeyCortexGoalsController,,,OK
apps/web/src/app/app/goals/page.tsx,/api/v1/cortex/goals/:param/plans,/api/v1/cortex/goals/:param/plans,FALSE,TRUE,TRUE,KeyCortexGoalsController,,,OK
apps/web/src/app/app/goals/page.tsx,/api/v1/cortex/plans/:param/execute,/api/v1/cortex/plans/:param/execute,FALSE,TRUE,TRUE,KeyCortexGoalsController,,,OK
apps/web/src/app/app/inbox/intake/page.tsx,/identity/businesses/:param,/identity/businesses/:param,FALSE,TRUE,TRUE,IdentityController,,,OK
apps/web/src/app/app/intelligence/compliance/page.tsx,/businesses/:param/evidence,/businesses/:param/evidence,FALSE,TRUE,TRUE,EvidenceController,,,OK
apps/web/src/app/app/intelligence/compliance/page.tsx,/api/v1/cortex/audit/decisions,/api/v1/cortex/audit/decisions,FALSE,TRUE,TRUE,KeyCortexAuditController,,,OK
apps/web/src/app/app/inventory/page.tsx,/marketplace/businesses/:param/warehouses,/marketplace/businesses/:param/warehouses,FALSE,TRUE,TRUE,MarketplaceController,,,OK
apps/web/src/app/app/inventory/page.tsx,/marketplace/businesses/:param/inventory,/marketplace/businesses/:param/inventory,FALSE,TRUE,TRUE,MarketplaceController,,,OK
apps/web/src/app/app/inventory/page.tsx,/marketplace/businesses/:param/warehouses/:param,/marketplace/businesses/:param/warehouses/:param,FALSE,TRUE,TRUE,MarketplaceController,,,OK
apps/web/src/app/app/inventory/page.tsx,/marketplace/businesses/:param/purchase-orders,/marketplace/businesses/:param/purchase-orders,FALSE,TRUE,TRUE,MarketplaceController,,,OK
apps/web/src/app/app/inventory/page.tsx,/marketplace/businesses/:param/purchase-orders/:param,/marketplace/businesses/:param/purchase-orders/:param,FALSE,TRUE,TRUE,MarketplaceController,,,OK
apps/web/src/app/app/key-connect/components/business-profile/business-profile-manage-drawer.tsx,/connect/businesses/:param/business-profile/accounts,/connect/businesses/:param/business-profile/accounts,FALSE,TRUE,TRUE,ConnectController,,,OK
apps/web/src/app/app/key-connect/components/business-profile/business-profile-manage-drawer.tsx,/connect/businesses/:param/business-profile/reviews,/connect/businesses/:param/business-profile/reviews,FALSE,TRUE,TRUE,ConnectController,,,OK
apps/web/src/app/app/key-connect/components/business-profile/business-profile-manage-drawer.tsx,/connect/businesses/:param/business-profile/posts,/connect/businesses/:param/business-profile/posts,FALSE,TRUE,TRUE,ConnectController,,,OK
apps/web/src/app/app/key-connect/components/business-profile/business-profile-manage-drawer.tsx,/connect/businesses/:param/business-profile/active-location,/connect/businesses/:param/business-profile/active-location,FALSE,TRUE,TRUE,ConnectController,,,OK
apps/web/src/app/app/key-connect/components/business-profile/business-profile-manage-drawer.tsx,/connect/businesses/:param/business-profile/reviews/reply,/connect/businesses/:param/business-profile/reviews/reply,FALSE,TRUE,TRUE,ConnectController,,,OK
apps/web/src/app/app/key-connect/components/business-profile/business-profile-manage-drawer.tsx,/connect/businesses/:param/business-profile/scheduled-posts,/connect/businesses/:param/business-profile/scheduled-posts,FALSE,TRUE,TRUE,ConnectController,,,OK
apps/web/src/app/app/key-connect/components/business-profile/business-profile-manage-drawer.tsx,/connect/businesses/:param/business-profile/scheduled-posts/:param,/connect/businesses/:param/business-profile/scheduled-posts/:param,FALSE,TRUE,TRUE,ConnectController,,,OK
apps/web/src/app/app/key-connect/components/business-profile/business-profile-manage-drawer.tsx,/connect/businesses/:param/business-profile/insights,/connect/businesses/:param/business-profile/insights,FALSE,TRUE,TRUE,ConnectController,,,OK
apps/web/src/app/app/key-connect/components/business-profile/business-profile-manage-drawer.tsx,/ai/businesses/:param/ai/chat,/ai/businesses/:param/ai/chat,FALSE,TRUE,TRUE,AiController,,,OK
apps/web/src/app/app/key-connect/components/calendar-sync-settings.tsx,/bookings/businesses/:param/calendar/status,/bookings/businesses/:param/calendar/status,FALSE,TRUE,TRUE,BookingsController,,,OK
apps/web/src/app/app/key-connect/components/calendar-sync-settings.tsx,/bookings/businesses/:param/calendar/conflicts,/bookings/businesses/:param/calendar/conflicts,FALSE,TRUE,TRUE,BookingsController,,,OK
apps/web/src/app/app/key-connect/components/calendar-sync-settings.tsx,/bookings/businesses/:param/calendar/list,/bookings/businesses/:param/calendar/list,FALSE,TRUE,TRUE,BookingsController,,,OK
apps/web/src/app/app/key-connect/components/calendar-sync-settings.tsx,/bookings/businesses/:param/calendar/settings,/bookings/businesses/:param/calendar/settings,FALSE,TRUE,TRUE,BookingsController,,,OK
apps/web/src/app/app/key-connect/components/calendar-sync-settings.tsx,/bookings/businesses/:param/calendar/conflicts/scan,/bookings/businesses/:param/calendar/conflicts/scan,FALSE,TRUE,TRUE,BookingsController,,,OK
apps/web/src/app/app/key-connect/components/calendar-sync-settings.tsx,/bookings/businesses/:param/calendar/conflicts/:param/resolve,/bookings/businesses/:param/calendar/conflicts/:param/resolve,FALSE,TRUE,TRUE,BookingsController,,,OK
apps/web/src/app/app/key-connect/components/connector-credential-dialog.tsx,/connectors/businesses/:param/credentials/:param,/connectors/businesses/:param/credentials/:param,FALSE,TRUE,TRUE,ConnectorController,,,OK
apps/web/src/app/app/key-connect/components/connector-credential-dialog.tsx,/connectors/businesses/:param/webhook-info/:param,/connectors/businesses/:param/webhook-info/:param,FALSE,TRUE,TRUE,ConnectorController,,,OK
apps/web/src/app/app/key-connect/components/connector-health-section.tsx,/connectors/businesses/:param/test/:param,/connectors/businesses/:param/test/:param,FALSE,TRUE,TRUE,ConnectorController,,,OK
apps/web/src/app/app/key-connect/components/connector-health-section.tsx,/connectors/businesses/:param/reconnect/:param,/connectors/businesses/:param/reconnect/:param,FALSE,TRUE,TRUE,ConnectorController,,,OK
apps/web/src/app/app/key-connect/components/connector-health-section.tsx,/connectors/businesses/:param/disconnect/:param,/connectors/businesses/:param/disconnect/:param,FALSE,TRUE,TRUE,ConnectorController,,,OK
apps/web/src/app/app/key-connect/components/contact-sync-settings.tsx,/connect/businesses/:param/:param/status,/connect/businesses/:param/:param/status,FALSE,FALSE,,,/connect/businesses/:businessId/forms/:formId /connect/businesses/:businessId/forms/:formId /connect/businesses/:businessId/connector-forms/:source,,UNVERIFIED
apps/web/src/app/app/key-connect/components/contact-sync-settings.tsx,/connect/businesses/:param/:param/recent,/connect/businesses/:param/:param/recent,FALSE,FALSE,,,/connect/businesses/:businessId/forms/:formId /connect/businesses/:businessId/forms/:formId /connect/businesses/:businessId/connector-forms/:source,,UNVERIFIED
apps/web/src/app/app/key-connect/components/contact-sync-settings.tsx,/identity/businesses/:param/team,/identity/businesses/:param/team,FALSE,TRUE,TRUE,IdentityController,,,OK
apps/web/src/app/app/key-connect/components/contact-sync-settings.tsx,/connect/businesses/:param/:param/sync,/connect/businesses/:param/:param/sync,FALSE,FALSE,,,/connect/businesses/:businessId/forms/:formId /connect/businesses/:businessId/forms/:formId /connect/businesses/:businessId/connector-forms/:source,,UNVERIFIED
apps/web/src/app/app/key-connect/components/contact-sync-settings.tsx,/connect/businesses/:param/:param/mapping-rules,/connect/businesses/:param/:param/mapping-rules,FALSE,FALSE,,,/connect/businesses/:businessId/forms/:formId /connect/businesses/:businessId/forms/:formId /connect/businesses/:businessId/connector-forms/:source,,UNVERIFIED
apps/web/src/app/app/key-connect/components/core-channels-section.tsx,/connect/google-suite/businesses/:param/auth-url,/connect/google-suite/businesses/:param/auth-url,FALSE,TRUE,TRUE,GoogleSuiteController,,,OK
apps/web/src/app/app/key-connect/components/core-channels-section.tsx,/social/businesses/:param/connections/:param/oauth/start,/social/businesses/:param/connections/:param/oauth/start,FALSE,TRUE,TRUE,SocialController,,,OK
apps/web/src/app/app/key-connect/components/forms/forms-manage-drawer.tsx,/connect/businesses/:param/forms,/connect/businesses/:param/forms,FALSE,TRUE,TRUE,ConnectController,,,OK
apps/web/src/app/app/key-connect/components/forms/forms-manage-drawer.tsx,/connect/businesses/:param/forms/:param,/connect/businesses/:param/forms/:param,FALSE,TRUE,TRUE,ConnectController,,,OK
apps/web/src/app/app/key-connect/components/forms/forms-manage-drawer.tsx,/connect/businesses/:param/forms/:param/responses,/connect/businesses/:param/forms/:param/responses,FALSE,TRUE,TRUE,ConnectController,,,OK
apps/web/src/app/app/key-connect/components/forms/forms-manage-drawer.tsx,/connect/businesses/:param/forms/:param/mapping,/connect/businesses/:param/forms/:param/mapping,FALSE,TRUE,TRUE,ConnectController,,,OK
apps/web/src/app/app/key-connect/components/forms/forms-manage-drawer.tsx,/connect/businesses/:param/forms/:param/backfill,/connect/businesses/:param/forms/:param/backfill,FALSE,TRUE,TRUE,ConnectController,,,OK
apps/web/src/app/app/key-connect/components/forms/forms-manage-drawer.tsx,/connect/businesses/:param/connector-forms/:param,/connect/businesses/:param/connector-forms/:param,FALSE,TRUE,TRUE,ConnectController,,,OK
apps/web/src/app/app/key-connect/components/forms/forms-manage-drawer.tsx,/connect/businesses/:param/connector-forms/:param/:param/submissions,/connect/businesses/:param/connector-forms/:param/:param/submissions,FALSE,TRUE,TRUE,ConnectController,,,OK
apps/web/src/app/app/key-connect/components/forms/forms-manage-drawer.tsx,/connect/businesses/:param/connector-forms/:param/:param/mapping,/connect/businesses/:param/connector-forms/:param/:param/mapping,FALSE,TRUE,TRUE,ConnectController,,,OK
apps/web/src/app/app/key-connect/components/forms/forms-manage-drawer.tsx,/connect/businesses/:param/connector-forms/:param/:param/backfill,/connect/businesses/:param/connector-forms/:param/:param/backfill,FALSE,TRUE,TRUE,ConnectController,,,OK
apps/web/src/app/app/key-connect/components/forms/forms-manage-drawer.tsx,/connectors/businesses/:param/dashboard,/connectors/businesses/:param/dashboard,FALSE,TRUE,TRUE,ConnectorController,,,OK
apps/web/src/app/app/key-connect/components/sheets/sheets-manage-drawer.tsx,/drive/businesses/:param/inventory-sheet/status,/drive/businesses/:param/inventory-sheet/status,FALSE,TRUE,TRUE,GoogleDriveController,,,OK
apps/web/src/app/app/key-connect/components/sheets/sheets-manage-drawer.tsx,/drive/businesses/:param/auth-url,/drive/businesses/:param/auth-url,FALSE,TRUE,TRUE,GoogleDriveController,,,OK
apps/web/src/app/app/key-connect/components/sheets/sheets-manage-drawer.tsx,/drive/businesses/:param/inventory-sheet/create,/drive/businesses/:param/inventory-sheet/create,FALSE,TRUE,TRUE,GoogleDriveController,,,OK
apps/web/src/app/app/key-connect/components/sheets/sheets-manage-drawer.tsx,/drive/businesses/:param/inventory-sheet/link,/drive/businesses/:param/inventory-sheet/link,FALSE,TRUE,TRUE,GoogleDriveController,,,OK
apps/web/src/app/app/key-connect/components/sheets/sheets-manage-drawer.tsx,/drive/businesses/:param/inventory-sheet/unlink,/drive/businesses/:param/inventory-sheet/unlink,FALSE,TRUE,TRUE,GoogleDriveController,,,OK
apps/web/src/app/app/key-connect/components/sheets/sheets-manage-drawer.tsx,/drive/businesses/:param/inventory-sheet/push,/drive/businesses/:param/inventory-sheet/push,FALSE,TRUE,TRUE,GoogleDriveController,,,OK
apps/web/src/app/app/key-connect/components/sheets/sheets-manage-drawer.tsx,/drive/businesses/:param/inventory-sheet/pull,/drive/businesses/:param/inventory-sheet/pull,FALSE,TRUE,TRUE,GoogleDriveController,,,OK
apps/web/src/app/app/key-connect/components/sheets/sheets-manage-drawer.tsx,/drive/businesses/:param/inventory-sheet/apply,/drive/businesses/:param/inventory-sheet/apply,FALSE,TRUE,TRUE,GoogleDriveController,,,OK
apps/web/src/app/app/key-connect/components/sheets/sheets-manage-drawer.tsx,/drive/businesses/:param/inventory-sheet/diff,/drive/businesses/:param/inventory-sheet/diff,FALSE,TRUE,TRUE,GoogleDriveController,,,OK
apps/web/src/app/app/key-connect/components/sheets/sheets-manage-drawer.tsx,/marketplace/businesses/:param/inventory/export-excel,/marketplace/businesses/:param/inventory/export-excel,FALSE,TRUE,TRUE,MarketplaceController,,,OK
apps/web/src/app/app/key-connect/components/sheets/sheets-manage-drawer.tsx,/marketplace/businesses/:param/inventory/template-excel,/marketplace/businesses/:param/inventory/template-excel,FALSE,TRUE,TRUE,MarketplaceController,,,OK
apps/web/src/app/app/key-connect/components/sheets/sheets-manage-drawer.tsx,/marketplace/businesses/:param/inventory/import-excel,/marketplace/businesses/:param/inventory/import-excel,FALSE,TRUE,TRUE,MarketplaceController,,,OK
apps/web/src/app/app/key-connect/components/whatsapp/whatsapp-manage-drawer.tsx,/whatsapp/businesses/:param/status,/whatsapp/businesses/:param/status,FALSE,TRUE,TRUE,WhatsAppController,,,OK
apps/web/src/app/app/key-connect/components/whatsapp/whatsapp-manage-drawer.tsx,/whatsapp/businesses/:param/conversations,/whatsapp/businesses/:param/conversations,FALSE,TRUE,TRUE,WhatsAppController,,,OK
apps/web/src/app/app/key-connect/components/whatsapp/whatsapp-manage-drawer.tsx,/whatsapp/businesses/:param/templates,/whatsapp/businesses/:param/templates,FALSE,TRUE,TRUE,WhatsAppController,,,OK
apps/web/src/app/app/key-connect/components/whatsapp/whatsapp-manage-drawer.tsx,/whatsapp/businesses/:param/conversations/:param,/whatsapp/businesses/:param/conversations/:param,FALSE,TRUE,TRUE,WhatsAppController,,,OK
apps/web/src/app/app/key-connect/components/whatsapp/whatsapp-manage-drawer.tsx,/crm/businesses/:param/contacts,/crm/businesses/:param/contacts,FALSE,TRUE,TRUE,CrmController,,,OK
apps/web/src/app/app/key-connect/components/whatsapp/whatsapp-manage-drawer.tsx,/whatsapp/businesses/:param/messages,/whatsapp/businesses/:param/messages,FALSE,TRUE,TRUE,WhatsAppController,,,OK
apps/web/src/app/app/key-connect/page.tsx,/connectors/businesses/:param/dashboard,/connectors/businesses/:param/dashboard,FALSE,TRUE,TRUE,ConnectorController,,,OK
apps/web/src/app/app/key/page.tsx,/ai/businesses/:param/key/commands,/ai/businesses/:param/key/commands,FALSE,TRUE,TRUE,AiController,,,OK
apps/web/src/app/app/key/page.tsx,/ai/businesses/:param/ai/approvals,/ai/businesses/:param/ai/approvals,FALSE,TRUE,TRUE,AiController,,,OK
apps/web/src/app/app/key/page.tsx,/ai/businesses/:param/ai/governance,/ai/businesses/:param/ai/governance,FALSE,TRUE,TRUE,AiController,,,OK
apps/web/src/app/app/key/page.tsx,/ai/businesses/:param/key/command,/ai/businesses/:param/key/command,FALSE,TRUE,TRUE,AiController,,,OK
apps/web/src/app/app/key/page.tsx,/ai/businesses/:param/ai/approvals/:param/resolve,/ai/businesses/:param/ai/approvals/:param/resolve,FALSE,TRUE,TRUE,AiController,,,OK
apps/web/src/app/app/keyflow-command/components/event-drawer.tsx,/bookings/businesses/:param/calendar/events/:param,/bookings/businesses/:param/calendar/events/:param,FALSE,TRUE,TRUE,BookingsController,,,OK
apps/web/src/app/app/keyflow-command/components/event-drawer.tsx,/bookings/businesses/:param/calendar/events,/bookings/businesses/:param/calendar/events,FALSE,TRUE,TRUE,BookingsController,,,OK
apps/web/src/app/app/keyflow-command/components/unified-calendar.tsx,/bookings/businesses/:param/calendar/status,/bookings/businesses/:param/calendar/status,FALSE,TRUE,TRUE,BookingsController,,,OK
apps/web/src/app/app/legal/components/RiskRegisterSummary.tsx,/governance/businesses/:param/risks,/governance/businesses/:param/risks,FALSE,TRUE,TRUE,GovernanceController,,,OK
apps/web/src/app/app/legal/page.tsx,/blueprint/businesses/:param,/blueprint/businesses/:param,FALSE,TRUE,TRUE,BlueprintController,,,OK
apps/web/src/app/app/marketing/case-studies/page.tsx,/site/businesses/:param/case-studies,/site/businesses/:param/case-studies,FALSE,TRUE,TRUE,SiteController,,,OK
apps/web/src/app/app/marketing/case-studies/page.tsx,/site/businesses/:param/case-studies/generate,/site/businesses/:param/case-studies/generate,FALSE,TRUE,TRUE,SiteController,,,OK
apps/web/src/app/app/marketing/case-studies/page.tsx,/site/businesses/:param/case-studies/:param/publish,/site/businesses/:param/case-studies/:param/publish,FALSE,TRUE,TRUE,SiteController,,,OK
apps/web/src/app/app/marketing/case-studies/page.tsx,/site/businesses/:param/case-studies/:param/unpublish,/site/businesses/:param/case-studies/:param/unpublish,FALSE,TRUE,TRUE,SiteController,,,OK
apps/web/src/app/app/marketing/components/unified/channel-selector.tsx,/social/businesses/:param/connections/:param/oauth/start,/social/businesses/:param/connections/:param/oauth/start,FALSE,TRUE,TRUE,SocialController,,,OK
apps/web/src/app/app/marketing/components/unified/unified-composer.tsx,/upload/businesses/:param/media,/upload/businesses/:param/media,FALSE,FALSE,,,,,NO_SERVER_ROUTE
apps/web/src/app/app/marketplace/components/inventory-command-center.tsx,/inventory/summary,/inventory/summary,FALSE,FALSE,,,,TRUE,UNVERIFIED
apps/web/src/app/app/marketplace/components/inventory-command-center.tsx,/inventory/movements,/inventory/movements,FALSE,FALSE,,,,TRUE,UNVERIFIED
apps/web/src/app/app/marketplace/components/inventory-command-center.tsx,/inventory/alerts,/inventory/alerts,FALSE,FALSE,,,,TRUE,UNVERIFIED
apps/web/src/app/app/marketplace/components/inventory-command-center.tsx,/purchase-orders,/purchase-orders,FALSE,FALSE,,,,TRUE,UNVERIFIED
apps/web/src/app/app/marketplace/components/inventory-command-center.tsx,/drive/businesses/:param/inventory-sheet/status,/drive/businesses/:param/inventory-sheet/status,FALSE,TRUE,TRUE,GoogleDriveController,,,OK
apps/web/src/app/app/marketplace/components/inventory-command-center.tsx,/inventory/adjust,/inventory/adjust,FALSE,FALSE,,,,TRUE,UNVERIFIED
apps/web/src/app/app/marketplace/components/inventory-command-center.tsx,/inventory,/inventory,FALSE,FALSE,,,,TRUE,UNVERIFIED
apps/web/src/app/app/marketplace/components/inventory-command-center.tsx,/inventory/transfer,/inventory/transfer,FALSE,FALSE,,,,TRUE,UNVERIFIED
apps/web/src/app/app/marketplace/components/inventory-command-center.tsx,/drive/businesses/:param/inventory-sheet/push,/drive/businesses/:param/inventory-sheet/push,FALSE,TRUE,TRUE,GoogleDriveController,,,OK
apps/web/src/app/app/marketplace/components/inventory-command-center.tsx,/drive/businesses/:param/inventory-sheet/pull,/drive/businesses/:param/inventory-sheet/pull,FALSE,TRUE,TRUE,GoogleDriveController,,,OK
apps/web/src/app/app/marketplace/components/inventory-command-center.tsx,/drive/businesses/:param/inventory-sheet/apply,/drive/businesses/:param/inventory-sheet/apply,FALSE,TRUE,TRUE,GoogleDriveController,,,OK
apps/web/src/app/app/marketplace/components/inventory-command-center.tsx,/drive/businesses/:param/inventory-sheet/diff,/drive/businesses/:param/inventory-sheet/diff,FALSE,TRUE,TRUE,GoogleDriveController,,,OK
apps/web/src/app/app/marketplace/components/inventory-command-center.tsx,/drive/businesses/:param/inventory-sheet/create,/drive/businesses/:param/inventory-sheet/create,FALSE,TRUE,TRUE,GoogleDriveController,,,OK
apps/web/src/app/app/marketplace/components/inventory-command-center.tsx,/drive/businesses/:param/inventory-sheet/unlink,/drive/businesses/:param/inventory-sheet/unlink,FALSE,TRUE,TRUE,GoogleDriveController,,,OK
apps/web/src/app/app/marketplace/components/inventory-command-center.tsx,/purchase-orders/:param/advance,/purchase-orders/:param/advance,FALSE,FALSE,,,,TRUE,UNVERIFIED
apps/web/src/app/app/marketplace/components/inventory-command-center.tsx,/drive/businesses/:param/auth-url,/drive/businesses/:param/auth-url,FALSE,TRUE,TRUE,GoogleDriveController,,,OK
apps/web/src/app/app/marketplace/components/inventory-command-center.tsx,/drive/businesses/:param/inventory-sheet/link,/drive/businesses/:param/inventory-sheet/link,FALSE,TRUE,TRUE,GoogleDriveController,,,OK
apps/web/src/app/app/marketplace/page.tsx,/marketplace/businesses/:param/warehouses,/marketplace/businesses/:param/warehouses,FALSE,TRUE,TRUE,MarketplaceController,,,OK
apps/web/src/app/app/marketplace/page.tsx,/marketplace/businesses/:param/inventory,/marketplace/businesses/:param/inventory,FALSE,TRUE,TRUE,MarketplaceController,,,OK
apps/web/src/app/app/marketplace/page.tsx,/commerce/businesses/:param/products/:param,/commerce/businesses/:param/products/:param,FALSE,TRUE,TRUE,CommerceController,,,OK
apps/web/src/app/app/marketplace/page.tsx,/commerce/businesses/:param/products,/commerce/businesses/:param/products,FALSE,TRUE,TRUE,CommerceController,,,OK
apps/web/src/app/app/marketplace/page.tsx,/marketplace/businesses/:param/listings/:param,/marketplace/businesses/:param/listings/:param,FALSE,TRUE,TRUE,MarketplaceController,,,OK
apps/web/src/app/app/marketplace/page.tsx,/marketplace/businesses/:param/listings,/marketplace/businesses/:param/listings,FALSE,TRUE,TRUE,MarketplaceController,,,OK
apps/web/src/app/app/marketplace/page.tsx,/marketplace/businesses/:param/orders,/marketplace/businesses/:param/orders,FALSE,TRUE,TRUE,MarketplaceController,,,OK
apps/web/src/app/app/marketplace/page.tsx,/marketplace/businesses/:param/shipments/:param,/marketplace/businesses/:param/shipments/:param,FALSE,TRUE,TRUE,MarketplaceController,,,OK
apps/web/src/app/app/marketplace/page.tsx,/marketplace/businesses/:param/shipments,/marketplace/businesses/:param/shipments,FALSE,TRUE,TRUE,MarketplaceController,,,OK
apps/web/src/app/app/marketplace/page.tsx,/marketplace/businesses/:param/purchase-orders/:param,/marketplace/businesses/:param/purchase-orders/:param,FALSE,TRUE,TRUE,MarketplaceController,,,OK
apps/web/src/app/app/marketplace/page.tsx,/marketplace/businesses/:param/purchase-orders,/marketplace/businesses/:param/purchase-orders,FALSE,TRUE,TRUE,MarketplaceController,,,OK
apps/web/src/app/app/marketplace/page.tsx,/marketplace/businesses/:param/warehouses/:param,/marketplace/businesses/:param/warehouses/:param,FALSE,TRUE,TRUE,MarketplaceController,,,OK
apps/web/src/app/app/marketplace/page.tsx,/marketplace/businesses/:param/orders/:param/status,/marketplace/businesses/:param/orders/:param/status,FALSE,TRUE,TRUE,MarketplaceController,,,OK
apps/web/src/app/app/money/components/financial-intelligence-panel.tsx,/finance/businesses/:param/cashflow-forecast,/finance/businesses/:param/cashflow-forecast,FALSE,TRUE,TRUE,FinanceController,,,OK
apps/web/src/app/app/money/components/financial-intelligence-panel.tsx,/finance/businesses/:param/intelligence/insight,/finance/businesses/:param/intelligence/insight,FALSE,TRUE,TRUE,FinanceController,,,OK
apps/web/src/app/app/money/components/financial-intelligence-panel.tsx,/finance/businesses/:param/expense-breakdown,/finance/businesses/:param/expense-breakdown,FALSE,TRUE,TRUE,FinanceController,,,OK
apps/web/src/app/app/money/components/financial-intelligence-panel.tsx,/finance/businesses/:param/overview,/finance/businesses/:param/overview,FALSE,TRUE,TRUE,FinanceController,,,OK
apps/web/src/app/app/onboarding/components/GenesisConversation.tsx,/business-genesis/businesses/:param/readiness,/business-genesis/businesses/:param/readiness,FALSE,TRUE,TRUE,BusinessGenesisController,,,OK
apps/web/src/app/app/onboarding/components/GenesisConversation.tsx,/business-genesis/businesses/:param/analyze-idea,/business-genesis/businesses/:param/analyze-idea,FALSE,TRUE,TRUE,BusinessGenesisController,,,OK
apps/web/src/app/app/onboarding/components/GenesisConversation.tsx,/business-genesis/businesses/:param/answers,/business-genesis/businesses/:param/answers,FALSE,TRUE,TRUE,BusinessGenesisController,,,OK
apps/web/src/app/app/onboarding/components/GenesisConversation.tsx,/business-genesis/businesses/:param/generate-roadmap,/business-genesis/businesses/:param/generate-roadmap,FALSE,TRUE,TRUE,BusinessGenesisController,,,OK
apps/web/src/app/app/people-flow/page.tsx,/people-flow/businesses/:param/overview,/people-flow/businesses/:param/overview,FALSE,TRUE,TRUE,PeopleFlowController,,,OK
apps/web/src/app/app/profile/components/blueprint-onboarding-chat.tsx,/blueprint/businesses/:param/onboarding-chat,/blueprint/businesses/:param/onboarding-chat,FALSE,TRUE,TRUE,BlueprintOnboardingController,,,OK
apps/web/src/app/app/profile/components/blueprint-onboarding-chat.tsx,/blueprint/businesses/:param/onboarding-reset,/blueprint/businesses/:param/onboarding-reset,FALSE,TRUE,TRUE,BlueprintOnboardingController,,,OK
apps/web/src/app/app/profile/components/blueprint-tab.tsx,/blueprint/businesses/:param,/blueprint/businesses/:param,FALSE,TRUE,TRUE,BlueprintController,,,OK
apps/web/src/app/app/profile/components/business-builder-card.tsx,/bookings/businesses/:param/services,/bookings/businesses/:param/services,FALSE,TRUE,TRUE,BookingsController,,,OK
apps/web/src/app/app/profile/components/business-builder-card.tsx,/crm/businesses/:param/contacts,/crm/businesses/:param/contacts,FALSE,TRUE,TRUE,CrmController,,,OK
apps/web/src/app/app/profile/components/business-builder-card.tsx,/commerce/businesses/:param/invoices,/commerce/businesses/:param/invoices,FALSE,TRUE,TRUE,CommerceController,,,OK
apps/web/src/app/app/profile/components/business-builder-card.tsx,/documents/businesses/:param/instances,/documents/businesses/:param/instances,FALSE,TRUE,TRUE,DocumentsController,,,OK
apps/web/src/app/app/profile/components/business-builder-card.tsx,/expenses/businesses/:param,/expenses/businesses/:param,FALSE,FALSE,,,,,NO_SERVER_ROUTE
apps/web/src/app/app/profile/components/business-builder-card.tsx,/projects/businesses/:param,/projects/businesses/:param,FALSE,TRUE,TRUE,ProjectsController,,,OK
apps/web/src/app/app/profile/components/business-builder-card.tsx,/bookings/businesses/:param,/bookings/businesses/:param,FALSE,TRUE,TRUE,BookingsController,,,OK
apps/web/src/app/app/profile/components/business-builder-card.tsx,/businesses/:param/campaigns,/businesses/:param/campaigns,FALSE,TRUE,TRUE,EmailMarketingController,,,OK
apps/web/src/app/app/profile/components/business-builder-card.tsx,/ai/businesses/:param/ai/business-plan,/ai/businesses/:param/ai/business-plan,FALSE,TRUE,TRUE,AiController,,,OK
apps/web/src/app/app/profile/components/business-builder-card.tsx,/identity/businesses/:param/guidance/:param,/identity/businesses/:param/guidance/:param,FALSE,TRUE,TRUE,IdentityController,,,OK
apps/web/src/app/app/profile/components/business-builder-card.tsx,/ai/businesses/:param/ai/business-model,/ai/businesses/:param/ai/business-model,FALSE,TRUE,TRUE,AiController,,,OK
apps/web/src/app/app/profile/components/business-builder-card.tsx,/ai/businesses/:param/ai/business-plan/:param,/ai/businesses/:param/ai/business-plan/:param,FALSE,TRUE,TRUE,AiController,,,OK
apps/web/src/app/app/profile/components/business-builder-card.tsx,/drive/businesses/:param/email-content,/drive/businesses/:param/email-content,FALSE,TRUE,TRUE,GoogleDriveController,,,OK
apps/web/src/app/app/profile/components/business-builder-card.tsx,/drive/businesses/:param/save-document,/drive/businesses/:param/save-document,FALSE,TRUE,TRUE,GoogleDriveController,,,OK
apps/web/src/app/app/profile/components/business-builder-card.tsx,/drive/businesses/:param/export-html,/drive/businesses/:param/export-html,FALSE,TRUE,TRUE,GoogleDriveController,,,OK
apps/web/src/app/app/profile/components/business-builder-card.tsx,/projects/businesses/:param/projects/:param/tasks,/projects/businesses/:param/projects/:param/tasks,FALSE,TRUE,TRUE,ProjectsController,,,OK
apps/web/src/app/app/profile/components/business-genome/advanced-editor-panel.tsx,/blueprint/businesses/:param,/blueprint/businesses/:param,FALSE,TRUE,TRUE,BlueprintController,,,OK
apps/web/src/app/app/profile/components/business-genome/dna-section-drawer.tsx,/blueprint/businesses/:param,/blueprint/businesses/:param,FALSE,TRUE,TRUE,BlueprintController,,,OK
apps/web/src/app/app/profile/components/context-depth-card.tsx,/identity/businesses/:param/tiered-completeness,/identity/businesses/:param/tiered-completeness,FALSE,TRUE,TRUE,IdentityController,,,OK
apps/web/src/app/app/profile/components/document-health-section.tsx,/documents/businesses/:param/health,/documents/businesses/:param/health,FALSE,TRUE,TRUE,DocumentsController,,,OK
apps/web/src/app/app/profile/components/documents-tab.tsx,/documents/categories,/documents/categories,FALSE,TRUE,TRUE,DocumentsController,,,OK
apps/web/src/app/app/profile/components/documents-tab.tsx,/documents/businesses/:param/instances,/documents/businesses/:param/instances,FALSE,TRUE,TRUE,DocumentsController,,,OK
apps/web/src/app/app/profile/components/documents-tab.tsx,/documents/businesses/:param/health,/documents/businesses/:param/health,FALSE,TRUE,TRUE,DocumentsController,,,OK
apps/web/src/app/app/profile/components/documents-tab.tsx,/documents/businesses/:param/generate,/documents/businesses/:param/generate,FALSE,TRUE,TRUE,DocumentsController,,,OK
apps/web/src/app/app/profile/components/documents-tab.tsx,/documents/businesses/:param/instances/:param/send-email,/documents/businesses/:param/instances/:param/send-email,FALSE,TRUE,TRUE,DocumentsController,,,OK
apps/web/src/app/app/profile/components/google-drive-browser.tsx,/drive/businesses/:param/status,/drive/businesses/:param/status,FALSE,TRUE,TRUE,GoogleDriveController,,,OK
apps/web/src/app/app/profile/components/google-drive-browser.tsx,/drive/businesses/:param/files,/drive/businesses/:param/files,FALSE,TRUE,TRUE,GoogleDriveController,,,OK
apps/web/src/app/app/profile/components/google-drive-browser.tsx,/drive/businesses/:param/auth-url,/drive/businesses/:param/auth-url,FALSE,TRUE,TRUE,GoogleDriveController,,,OK
apps/web/src/app/app/profile/components/google-drive-browser.tsx,/drive/businesses/:param/disconnect,/drive/businesses/:param/disconnect,FALSE,TRUE,TRUE,GoogleDriveController,,,OK
apps/web/src/app/app/profile/components/my-business-section.tsx,/identity/businesses/:param,/identity/businesses/:param,FALSE,TRUE,TRUE,IdentityController,,,OK
apps/web/src/app/app/profile/components/my-business-section.tsx,/identity/businesses/:param/ai-generate-field,/identity/businesses/:param/ai-generate-field,FALSE,TRUE,TRUE,IdentityController,,,OK
apps/web/src/app/app/profile/components/personal-info-section.tsx,/identity/me,/identity/me,FALSE,TRUE,TRUE,IdentityController,,,OK
apps/web/src/app/app/profile/components/professional-profile-section.tsx,/identity/businesses/:param,/identity/businesses/:param,FALSE,TRUE,TRUE,IdentityController,,,OK
apps/web/src/app/app/profile/components/professional-profile-section.tsx,/identity/businesses/:param/ai-generate-field,/identity/businesses/:param/ai-generate-field,FALSE,TRUE,TRUE,IdentityController,,,OK
apps/web/src/app/app/profile/components/progressive-prompts.tsx,/identity/businesses/:param/progressive-prompts,/identity/businesses/:param/progressive-prompts,FALSE,TRUE,TRUE,IdentityController,,,OK
apps/web/src/app/app/profile/components/readiness-tab.tsx,/identity/businesses/:param/tiered-completeness,/identity/businesses/:param/tiered-completeness,FALSE,TRUE,TRUE,IdentityController,,,OK
apps/web/src/app/app/profile/components/security-section.tsx,/auth/v1/user,/auth/v1/user,TRUE,FALSE,,,,,EXTERNAL
apps/web/src/app/app/profile/page.tsx,/identity/profile-completeness-fields,/identity/profile-completeness-fields,FALSE,TRUE,TRUE,IdentityController,,,OK
apps/web/src/app/app/profile/page.tsx,/documents/businesses/:param/instances,/documents/businesses/:param/instances,FALSE,TRUE,TRUE,DocumentsController,,,OK
apps/web/src/app/app/profile/page.tsx,/identity/businesses/:param,/identity/businesses/:param,FALSE,TRUE,TRUE,IdentityController,,,OK
apps/web/src/app/app/profile/page.tsx,/identity/businesses/:param/tiered-completeness,/identity/businesses/:param/tiered-completeness,FALSE,TRUE,TRUE,IdentityController,,,OK
apps/web/src/app/app/profile/page.tsx,/blueprint/businesses/:param,/blueprint/businesses/:param,FALSE,TRUE,TRUE,BlueprintController,,,OK
apps/web/src/app/app/profile/page.tsx,/identity/me,/identity/me,FALSE,TRUE,TRUE,IdentityController,,,OK
apps/web/src/app/app/projects/components/project-budget-view.tsx,/api/projects/businesses/:param/projects/:param/budget,/api/projects/businesses/:param/projects/:param/budget,FALSE,FALSE,,,,,NO_SERVER_ROUTE
apps/web/src/app/app/sales-team/page.tsx,/conversion/businesses/:param/sales-reps,/conversion/businesses/:param/sales-reps,FALSE,TRUE,TRUE,ConversionController,,,OK
apps/web/src/app/app/sales-team/page.tsx,/conversion/businesses/:param/sales-reps/:param/pipeline,/conversion/businesses/:param/sales-reps/:param/pipeline,FALSE,TRUE,TRUE,ConversionController,,,OK
apps/web/src/app/app/seo/page.tsx,/api/feature-flags,/api/feature-flags,FALSE,TRUE,TRUE,FeatureFlagsController,,,OK
apps/web/src/app/app/seo/page.tsx,/seo/businesses/:param/dashboard,/seo/businesses/:param/dashboard,FALSE,TRUE,TRUE,SeoController,,,OK
apps/web/src/app/app/seo/page.tsx,/seo/businesses/:param/pages,/seo/businesses/:param/pages,FALSE,TRUE,TRUE,SeoController,,,OK
apps/web/src/app/app/seo/page.tsx,/seo/businesses/:param/keywords,/seo/businesses/:param/keywords,FALSE,TRUE,TRUE,SeoController,,,OK
apps/web/src/app/app/seo/page.tsx,/seo/businesses/:param/issues,/seo/businesses/:param/issues,FALSE,TRUE,TRUE,SeoController,,,OK
apps/web/src/app/app/seo/page.tsx,/seo/businesses/:param/briefs,/seo/businesses/:param/briefs,FALSE,TRUE,TRUE,SeoController,,,OK
apps/web/src/app/app/seo/page.tsx,/seo/businesses/:param/revenue-attribution,/seo/businesses/:param/revenue-attribution,FALSE,TRUE,TRUE,SeoController,,,OK
apps/web/src/app/app/seo/page.tsx,/seo/businesses/:param/connectors/gsc,/seo/businesses/:param/connectors/gsc,FALSE,TRUE,TRUE,SeoController,,,OK
apps/web/src/app/app/seo/page.tsx,/seo/businesses/:param/connectors/ga4,/seo/businesses/:param/connectors/ga4,FALSE,TRUE,TRUE,SeoController,,,OK
apps/web/src/app/app/seo/page.tsx,/seo/businesses/:param/pages/sync,/seo/businesses/:param/pages/sync,FALSE,TRUE,TRUE,SeoController,,,OK
apps/web/src/app/app/seo/page.tsx,/seo/businesses/:param/keywords/:param,/seo/businesses/:param/keywords/:param,FALSE,TRUE,TRUE,SeoController,,,OK
apps/web/src/app/app/seo/page.tsx,/seo/businesses/:param/issues/:param/resolve,/seo/businesses/:param/issues/:param/resolve,FALSE,TRUE,TRUE,SeoController,,,OK
apps/web/src/app/app/seo/page.tsx,/seo/businesses/:param/issues/detect,/seo/businesses/:param/issues/detect,FALSE,TRUE,TRUE,SeoController,,,OK
apps/web/src/app/app/seo/page.tsx,/seo/businesses/:param/briefs/generate,/seo/businesses/:param/briefs/generate,FALSE,TRUE,TRUE,SeoController,,,OK
apps/web/src/app/app/seo/page.tsx,/seo/businesses/:param/connectors/gsc/sync,/seo/businesses/:param/connectors/gsc/sync,FALSE,TRUE,TRUE,SeoController,,,OK
apps/web/src/app/app/seo/page.tsx,/seo/businesses/:param/connectors/ga4/sync,/seo/businesses/:param/connectors/ga4/sync,FALSE,TRUE,TRUE,SeoController,,,OK
apps/web/src/app/app/settings/business/billing-tab.tsx,/subscriptions/businesses/:param/billing-dashboard,/subscriptions/businesses/:param/billing-dashboard,FALSE,TRUE,TRUE,SubscriptionsController,,,OK
apps/web/src/app/app/settings/business/billing-tab.tsx,/subscriptions/businesses/:param/record-payment,/subscriptions/businesses/:param/record-payment,FALSE,TRUE,TRUE,SubscriptionsController,,,OK
apps/web/src/app/app/settings/business/billing-tab.tsx,/subscriptions/businesses/:param/trial,/subscriptions/businesses/:param/trial,FALSE,TRUE,TRUE,SubscriptionsController,,,OK
apps/web/src/app/app/settings/business/billing-tab.tsx,/subscriptions/businesses/:param/cancel,/subscriptions/businesses/:param/cancel,FALSE,TRUE,TRUE,SubscriptionsController,,,OK
apps/web/src/app/app/settings/business/payments-tab.tsx,/identity/businesses/:param,/identity/businesses/:param,FALSE,TRUE,TRUE,IdentityController,,,OK
apps/web/src/app/app/settings/business/use-business-settings.ts,/identity/businesses/:param,/identity/businesses/:param,FALSE,TRUE,TRUE,IdentityController,,,OK
apps/web/src/app/app/settings/compliance/page.tsx,/api/communications/businesses/:param/consent,/api/communications/businesses/:param/consent,FALSE,TRUE,TRUE,OmnichannelController,,,OK
apps/web/src/app/app/settings/developers/page.tsx,/api/businesses/:param/api-keys,/api/businesses/:param/api-keys,FALSE,TRUE,TRUE,ApiKeysController,,,OK
apps/web/src/app/app/settings/developers/page.tsx,/api/businesses/:param/api-keys/:param,/api/businesses/:param/api-keys/:param,FALSE,TRUE,TRUE,ApiKeysController,,,OK
apps/web/src/app/app/settings/insights/page.tsx,/analytics/businesses/:param/feedback,/analytics/businesses/:param/feedback,FALSE,TRUE,TRUE,ProductAnalyticsController,,,OK
apps/web/src/app/app/settings/insights/page.tsx,/analytics/businesses/:param/ai-quality,/analytics/businesses/:param/ai-quality,FALSE,TRUE,TRUE,ProductAnalyticsController,,,OK
apps/web/src/app/app/settings/insights/page.tsx,/analytics/businesses/:param/events,/analytics/businesses/:param/events,FALSE,TRUE,TRUE,ProductAnalyticsController,,,OK
apps/web/src/app/app/settings/invite/page.tsx,/identity/referral,/identity/referral,FALSE,TRUE,TRUE,IdentityController,,,OK
apps/web/src/app/app/settings/notifications/page.tsx,/notifications/businesses/:param/customer-preferences,/notifications/businesses/:param/customer-preferences,FALSE,TRUE,TRUE,NotificationsController,,,OK
apps/web/src/app/app/settings/notifications/page.tsx,/notifications/businesses/:param/customer-log,/notifications/businesses/:param/customer-log,FALSE,TRUE,TRUE,NotificationsController,,,OK
apps/web/src/app/app/settings/output-templates/page.tsx,/api/ai/businesses/:param/output-templates,/api/ai/businesses/:param/output-templates,FALSE,TRUE,TRUE,OutputTemplateController,,,OK
apps/web/src/app/app/settings/output-templates/page.tsx,/api/ai/businesses/:param/output-templates/:param,/api/ai/businesses/:param/output-templates/:param,FALSE,TRUE,TRUE,OutputTemplateController,,,OK
apps/web/src/app/app/settings/output-templates/page.tsx,/api/ai/businesses/:param/output-templates/:param/set-default,/api/ai/businesses/:param/output-templates/:param/set-default,FALSE,TRUE,TRUE,OutputTemplateController,,,OK
apps/web/src/app/app/settings/output-templates/page.tsx,/api/ai/businesses/:param/output-templates/reset/:param,/api/ai/businesses/:param/output-templates/reset/:param,FALSE,TRUE,TRUE,OutputTemplateController,,,OK
apps/web/src/app/app/settings/privacy/page.tsx,/crm/businesses/:param/privacy-settings,/crm/businesses/:param/privacy-settings,FALSE,TRUE,TRUE,ContactPrivacyController,,,OK
apps/web/src/app/app/settings/security/page.tsx,/security/businesses/:param/audit,/security/businesses/:param/audit,FALSE,TRUE,TRUE,SecurityAuditController,,,OK
apps/web/src/app/app/settings/team/page.tsx,/identity/businesses/:param/team/dashboard,/identity/businesses/:param/team/dashboard,FALSE,TRUE,TRUE,IdentityController,,,OK
apps/web/src/app/app/settings/team/page.tsx,/identity/businesses/:param/team/activity,/identity/businesses/:param/team/activity,FALSE,TRUE,TRUE,IdentityController,,,OK
apps/web/src/app/app/settings/team/page.tsx,/identity/businesses/:param/team,/identity/businesses/:param/team,FALSE,TRUE,TRUE,IdentityController,,,OK
apps/web/src/app/app/settings/team/page.tsx,/identity/businesses/:param/team/:param,/identity/businesses/:param/team/:param,FALSE,TRUE,TRUE,IdentityController,,,OK
apps/web/src/app/app/settings/team/page.tsx,/identity/businesses/:param/team/:param/permissions,/identity/businesses/:param/team/:param/permissions,FALSE,TRUE,TRUE,IdentityController,,,OK
apps/web/src/app/app/social/oauth/[platform]/callback/page.tsx,/social/businesses/:param/connections/:param/oauth/callback,/social/businesses/:param/connections/:param/oauth/callback,FALSE,TRUE,TRUE,SocialController,,,OK
apps/web/src/app/app/store/components/delivery-config-panel.tsx,/marketplace/businesses/:param/delivery-config,/marketplace/businesses/:param/delivery-config,FALSE,TRUE,TRUE,MarketplaceController,,,OK
apps/web/src/app/app/store/components/fulfillment-panel.tsx,/marketplace/businesses/:param/orders/:param/fulfill,/marketplace/businesses/:param/orders/:param/fulfill,FALSE,TRUE,TRUE,MarketplaceController,,,OK
apps/web/src/app/app/store/components/fulfillment-panel.tsx,/marketplace/businesses/:param/orders/:param/token,/marketplace/businesses/:param/orders/:param/token,FALSE,TRUE,TRUE,MarketplaceController,,,OK
apps/web/src/app/app/store/components/fulfillment-tab.tsx,/marketplace/businesses/:param/orders,/marketplace/businesses/:param/orders,FALSE,TRUE,TRUE,MarketplaceController,,,OK
apps/web/src/app/app/store/components/operations-mode.tsx,/marketplace/businesses/:param/orders,/marketplace/businesses/:param/orders,FALSE,TRUE,TRUE,MarketplaceController,,,OK
apps/web/src/app/app/store/components/overview-mode.tsx,/marketplace/businesses/:param/orders,/marketplace/businesses/:param/orders,FALSE,TRUE,TRUE,MarketplaceController,,,OK
apps/web/src/app/app/store/components/reviews-panel.tsx,/site/businesses/:param/reviews,/site/businesses/:param/reviews,FALSE,TRUE,TRUE,SiteController,,,OK
apps/web/src/app/app/store/components/reviews-panel.tsx,/site/businesses/:param/reviews/:param,/site/businesses/:param/reviews/:param,FALSE,TRUE,TRUE,SiteController,,,OK
apps/web/src/app/app/store/components/shipping-zones-panel.tsx,/marketplace/businesses/:param/shipping-zones,/marketplace/businesses/:param/shipping-zones,FALSE,TRUE,TRUE,MarketplaceController,,,OK
apps/web/src/app/app/store/components/shipping-zones-panel.tsx,/marketplace/businesses/:param/shipping-zones/:param,/marketplace/businesses/:param/shipping-zones/:param,FALSE,TRUE,TRUE,MarketplaceController,,,OK
apps/web/src/app/app/store/components/store-settings.tsx,/identity/businesses/slug-check/:param,/identity/businesses/slug-check/:param,FALSE,TRUE,TRUE,IdentityController,,,OK
apps/web/src/app/app/structure/components/assignments-panel.tsx,/identity/businesses/:param/team,/identity/businesses/:param/team,FALSE,TRUE,TRUE,IdentityController,,,OK
apps/web/src/app/app/time-tracking/page.tsx,/projects/businesses/:param,/projects/businesses/:param,FALSE,TRUE,TRUE,ProjectsController,,,OK
apps/web/src/app/app/time-tracking/page.tsx,/projects/businesses/:param/projects/:param,/projects/businesses/:param/projects/:param,FALSE,TRUE,TRUE,ProjectsController,,,OK
apps/web/src/app/app/whatsapp/page.tsx,/whatsapp/businesses/:param/status,/whatsapp/businesses/:param/status,FALSE,TRUE,TRUE,WhatsAppController,,,OK
apps/web/src/app/app/whatsapp/page.tsx,/whatsapp/businesses/:param/conversations,/whatsapp/businesses/:param/conversations,FALSE,TRUE,TRUE,WhatsAppController,,,OK
apps/web/src/app/app/whatsapp/page.tsx,/whatsapp/businesses/:param/templates,/whatsapp/businesses/:param/templates,FALSE,TRUE,TRUE,WhatsAppController,,,OK
apps/web/src/app/app/whatsapp/page.tsx,/whatsapp/businesses/:param/conversations/:param,/whatsapp/businesses/:param/conversations/:param,FALSE,TRUE,TRUE,WhatsAppController,,,OK
apps/web/src/app/app/whatsapp/page.tsx,/crm/businesses/:param/contacts,/crm/businesses/:param/contacts,FALSE,TRUE,TRUE,CrmController,,,OK
apps/web/src/app/app/whatsapp/page.tsx,/whatsapp/businesses/:param/messages,/whatsapp/businesses/:param/messages,FALSE,TRUE,TRUE,WhatsAppController,,,OK
apps/web/src/app/auth/callback/page.tsx,/identity/businesses/:param,/identity/businesses/:param,FALSE,TRUE,TRUE,IdentityController,,,OK
apps/web/src/app/auth/callback/page.tsx,/auth/v1/token,/auth/v1/token,TRUE,FALSE,,,,,EXTERNAL
apps/web/src/app/auth/callback/page.tsx,/auth/v1/user,/auth/v1/user,TRUE,FALSE,,,,,EXTERNAL
apps/web/src/app/auth/login/login-form.tsx,/auth/v1/recover,/auth/v1/recover,TRUE,FALSE,,,,,EXTERNAL
apps/web/src/app/auth/reset-password/page.tsx,/auth/v1/user,/auth/v1/user,TRUE,FALSE,,,,,EXTERNAL
apps/web/src/app/book/[slug]/components/asset-intake.tsx,/site/storefront/public/qualification/:param/intake,/site/storefront/public/qualification/:param/intake,FALSE,TRUE,TRUE,SiteController,,,OK
apps/web/src/app/book/[slug]/components/guided-selector.tsx,/site/storefront/public/:param/qualification-flow,/site/storefront/public/:param/qualification-flow,FALSE,TRUE,TRUE,SiteController,,,OK
apps/web/src/app/book/[slug]/components/guided-selector.tsx,/site/storefront/public/:param/qualification-recommend,/site/storefront/public/:param/qualification-recommend,FALSE,TRUE,TRUE,SiteController,,,OK
apps/web/src/app/book/[slug]/components/guided-selector.tsx,/site/storefront/public/qualification/:param/select,/site/storefront/public/qualification/:param/select,FALSE,TRUE,TRUE,SiteController,,,OK
apps/web/src/app/book/[slug]/components/order-confirmation.tsx,/site/storefront/public/order/:param/notify,/site/storefront/public/order/:param/notify,FALSE,FALSE,,,,TRUE,UNVERIFIED
apps/web/src/app/book/[slug]/components/review-display.tsx,/site/storefront/public/:param/products/:param/reviews,/site/storefront/public/:param/products/:param/reviews,FALSE,TRUE,TRUE,SiteController,,,OK
apps/web/src/app/book/[slug]/components/review-display.tsx,/site/storefront/public/:param/reviews,/site/storefront/public/:param/reviews,FALSE,TRUE,TRUE,SiteController,,,OK
apps/web/src/app/book/[slug]/layout.tsx,/identity/businesses/slug/:param,/identity/businesses/slug/:param,FALSE,TRUE,TRUE,IdentityController,,,OK
apps/web/src/app/book/[slug]/layout.tsx,/identity/businesses/public/:param,/identity/businesses/public/:param,FALSE,TRUE,TRUE,IdentityController,,,OK
apps/web/src/app/book/[slug]/layout.tsx,/site/storefront/public/:param,/site/storefront/public/:param,FALSE,TRUE,TRUE,SiteController,,,OK
apps/web/src/app/book/[slug]/page.tsx,/site/storefront/public/:param/validate-promo,/site/storefront/public/:param/validate-promo,FALSE,TRUE,TRUE,SiteController,,,OK
apps/web/src/app/book/[slug]/page.tsx,/identity/businesses/slug/:param,/identity/businesses/slug/:param,FALSE,TRUE,TRUE,IdentityController,,,OK
apps/web/src/app/book/[slug]/page.tsx,/identity/businesses/public/:param,/identity/businesses/public/:param,FALSE,TRUE,TRUE,IdentityController,,,OK
apps/web/src/app/book/[slug]/page.tsx,/site/storefront/public/:param,/site/storefront/public/:param,FALSE,TRUE,TRUE,SiteController,,,OK
apps/web/src/app/book/[slug]/page.tsx,/bookings/public/businesses/:param/services,/bookings/public/businesses/:param/services,FALSE,TRUE,TRUE,BookingsController,,,OK
apps/web/src/app/book/[slug]/page.tsx,/bookings/public/businesses/:param/staff,/bookings/public/businesses/:param/staff,FALSE,TRUE,TRUE,BookingsController,,,OK
apps/web/src/app/book/[slug]/page.tsx,/commerce/public/businesses/:param/products,/commerce/public/businesses/:param/products,FALSE,TRUE,TRUE,CommerceController,,,OK
apps/web/src/app/book/[slug]/page.tsx,/site/storefront/public/order/:param,/site/storefront/public/order/:param,FALSE,TRUE,TRUE,SiteController,,,OK
apps/web/src/app/book/[slug]/page.tsx,/site/storefront/public/:param/checkout,/site/storefront/public/:param/checkout,FALSE,TRUE,TRUE,SiteController,,,OK
apps/web/src/app/book/[slug]/page.tsx,/bookings/public/businesses/:param,/bookings/public/businesses/:param,FALSE,TRUE,TRUE,BookingsController,,,OK
apps/web/src/app/book/[slug]/product/[productId]/layout.tsx,/identity/businesses/slug/:param,/identity/businesses/slug/:param,FALSE,TRUE,TRUE,IdentityController,,,OK
apps/web/src/app/book/[slug]/product/[productId]/layout.tsx,/identity/businesses/public/:param,/identity/businesses/public/:param,FALSE,TRUE,TRUE,IdentityController,,,OK
apps/web/src/app/book/[slug]/product/[productId]/layout.tsx,/site/storefront/public/:param/product/:param,/site/storefront/public/:param/product/:param,FALSE,FALSE,,,/site/storefront/public/qualification/:journeyId/select /site/storefront/public/qualification/:journeyId/intake,,UNVERIFIED
apps/web/src/app/book/[slug]/product/[productId]/page.tsx,/identity/businesses/slug/:param,/identity/businesses/slug/:param,FALSE,TRUE,TRUE,IdentityController,,,OK
apps/web/src/app/book/[slug]/product/[productId]/page.tsx,/identity/businesses/public/:param,/identity/businesses/public/:param,FALSE,TRUE,TRUE,IdentityController,,,OK
apps/web/src/app/book/[slug]/product/[productId]/page.tsx,/site/storefront/public/:param,/site/storefront/public/:param,FALSE,TRUE,TRUE,SiteController,,,OK
apps/web/src/app/book/[slug]/product/[productId]/page.tsx,/bookings/public/businesses/:param/services,/bookings/public/businesses/:param/services,FALSE,TRUE,TRUE,BookingsController,,,OK
apps/web/src/app/book/[slug]/product/[productId]/page.tsx,/commerce/public/businesses/:param/products,/commerce/public/businesses/:param/products,FALSE,TRUE,TRUE,CommerceController,,,OK
apps/web/src/app/book/page.tsx,/bookings/public/businesses/:param,/bookings/public/businesses/:param,FALSE,TRUE,TRUE,BookingsController,,,OK
apps/web/src/app/directory/page.tsx,/site/presence/directory,/site/presence/directory,FALSE,TRUE,TRUE,PresenceController,,,OK
apps/web/src/app/me/refer/page.tsx,/site/storefront/public/:param/customer-referral,/site/storefront/public/:param/customer-referral,FALSE,TRUE,TRUE,SiteController,,,OK
apps/web/src/app/order/[token]/page.tsx,/marketplace/order-status/:param,/marketplace/order-status/:param,FALSE,TRUE,TRUE,MarketplacePublicController,,,OK
apps/web/src/app/pay/[invoiceId]/page.tsx,/commerce/invoices/:param,/commerce/invoices/:param,FALSE,TRUE,TRUE,CommerceController,,,OK
apps/web/src/app/pay/[invoiceId]/page.tsx,/payments/wipay/callback,/payments/wipay/callback,FALSE,TRUE,TRUE,PaymentsController,,,OK
apps/web/src/app/pay/[invoiceId]/page.tsx,/payments/paypal/capture/:param,/payments/paypal/capture/:param,FALSE,TRUE,TRUE,PaymentsController,,,OK
apps/web/src/app/pay/[invoiceId]/page.tsx,/payments/invoice/:param/gateways,/payments/invoice/:param/gateways,FALSE,TRUE,TRUE,PaymentsController,,,OK
apps/web/src/app/pay/[invoiceId]/page.tsx,/commerce/invoices/:param/payment-intent,/commerce/invoices/:param/payment-intent,FALSE,TRUE,TRUE,CommerceController,,,OK
apps/web/src/app/pay/[invoiceId]/page.tsx,/payments/invoice/:param/wipay,/payments/invoice/:param/wipay,FALSE,TRUE,TRUE,PaymentsController,,,OK
apps/web/src/app/pay/[invoiceId]/page.tsx,/payments/invoice/:param/paypal/create-order,/payments/invoice/:param/paypal/create-order,FALSE,TRUE,TRUE,PaymentsController,,,OK
apps/web/src/app/pay/[invoiceId]/page.tsx,/payments/invoice/:param/stripe,/payments/invoice/:param/stripe,FALSE,TRUE,TRUE,PaymentsController,,,OK
apps/web/src/app/pay/link/[token]/page.tsx,/commerce/payment-links/:param,/commerce/payment-links/:param,FALSE,TRUE,TRUE,CommerceController,,,OK
apps/web/src/app/public/book/page.tsx,/bookings/public/businesses/:param,/bookings/public/businesses/:param,FALSE,TRUE,TRUE,BookingsController,,,OK
apps/web/src/app/public/pay/page.tsx,/commerce/invoices/:param/paid,/commerce/invoices/:param/paid,FALSE,TRUE,TRUE,CommerceController,,,OK
apps/web/src/app/site/[slug]/page.tsx,/site/presence/public/:param,/site/presence/public/:param,FALSE,TRUE,TRUE,PresenceController,,,OK
apps/web/src/app/site/[slug]/page.tsx,/site/storefront/public/:param/case-studies,/site/storefront/public/:param/case-studies,FALSE,TRUE,TRUE,SiteController,,,OK
apps/web/src/app/site/preview/[token]/page.tsx,/site/presence/preview/:param,/site/presence/preview/:param,FALSE,TRUE,TRUE,PresenceController,,,OK
apps/web/src/app/sitemap.ts,/site/presence/directory,/site/presence/directory,FALSE,TRUE,TRUE,PresenceController,,,OK
apps/web/src/app/widgets/booking/[slug]/page.tsx,/site/storefront/public/:param,/site/storefront/public/:param,FALSE,TRUE,TRUE,SiteController,,,OK
apps/web/src/app/widgets/booking/[slug]/page.tsx,/bookings/public/businesses/:param,/bookings/public/businesses/:param,FALSE,TRUE,TRUE,BookingsController,,,OK
apps/web/src/app/widgets/cart/[slug]/page.tsx,/site/storefront/public/:param,/site/storefront/public/:param,FALSE,TRUE,TRUE,SiteController,,,OK
apps/web/src/app/widgets/cart/[slug]/page.tsx,/site/storefront/public/:param/checkout,/site/storefront/public/:param/checkout,FALSE,TRUE,TRUE,SiteController,,,OK
apps/web/src/app/widgets/pay/[invoiceId]/page.tsx,/commerce/invoices/:param,/commerce/invoices/:param,FALSE,TRUE,TRUE,CommerceController,,,OK
apps/web/src/app/widgets/pay/[invoiceId]/page.tsx,/payments/create-checkout,/payments/create-checkout,FALSE,TRUE,TRUE,PaymentsController,,,OK
apps/web/src/app/widgets/pay/[invoiceId]/page.tsx,/payments/paypal/capture/:param,/payments/paypal/capture/:param,FALSE,TRUE,TRUE,PaymentsController,,,OK
apps/web/src/components/contacts/contact-detail.tsx,/crm/businesses/:param/contacts/:param/export,/crm/businesses/:param/contacts/:param/export,FALSE,TRUE,TRUE,ContactPrivacyController,,,OK
apps/web/src/components/contacts/contact-detail.tsx,/crm/contact-exports/:param/download,/crm/contact-exports/:param/download,FALSE,TRUE,TRUE,ContactPrivacyController,,,OK
apps/web/src/components/contacts/contact-detail.tsx,/crm/businesses/:param/contacts/:param/forget,/crm/businesses/:param/contacts/:param/forget,FALSE,TRUE,TRUE,ContactPrivacyController,,,OK
apps/web/src/components/contacts/contact-insight-card.tsx,/commerce/businesses/:param/time-cost/contact/:param,/commerce/businesses/:param/time-cost/contact/:param,FALSE,TRUE,TRUE,LeverageController,,,OK
apps/web/src/components/device/capture-sheet.tsx,/uploads/request-url,/uploads/request-url,FALSE,TRUE,TRUE,UploadsController,,,OK
apps/web/src/components/dormant-route.tsx,/api/feature-flags,/api/feature-flags,FALSE,TRUE,TRUE,FeatureFlagsController,,,OK
apps/web/src/components/key/KeyBusinessHealth.tsx,/api/v1/cortex/context,/api/v1/cortex/context,FALSE,TRUE,TRUE,KeyCortexController,,,OK
apps/web/src/components/key/KeySuggestionCards.tsx,/api/v1/cortex/recommendations,/api/v1/cortex/recommendations,FALSE,TRUE,TRUE,KeyCortexController,,,OK
apps/web/src/components/key/KeySuggestionCards.tsx,/api/v1/cortex/execute,/api/v1/cortex/execute,FALSE,TRUE,TRUE,KeyCortexController,,,OK
apps/web/src/components/key/chat/use-key-cognition.ts,/api/v1/cortex/conscious/stream,/api/v1/cortex/conscious/stream,FALSE,TRUE,TRUE,KeyCortexController,,,OK
apps/web/src/components/key/chat/use-key-stream.ts,/ai/businesses/:param/flow/chat/stream,/ai/businesses/:param/flow/chat/stream,FALSE,TRUE,TRUE,AiFlowController,,,OK
apps/web/src/components/keyflow/blueprint-completeness-widget.tsx,/blueprint/businesses/:param,/blueprint/businesses/:param,FALSE,TRUE,TRUE,BlueprintController,,,OK
apps/web/src/components/keyflow/blueprint-completeness-widget.tsx,/blueprint/businesses/:param/setup-steps,/blueprint/businesses/:param/setup-steps,FALSE,TRUE,TRUE,BlueprintController,,,OK
apps/web/src/components/require-auth.tsx,/identity/me,/identity/me,FALSE,TRUE,TRUE,IdentityController,,,OK
apps/web/src/components/timeline/business-timeline.tsx,/api/flows/businesses/:param/activity,/api/flows/businesses/:param/activity,FALSE,TRUE,TRUE,FlowController,,,OK
apps/web/src/components/tts/tts-engine.ts,/voice/businesses/:param/providers,/voice/businesses/:param/providers,FALSE,TRUE,TRUE,VoiceController,,,OK
apps/web/src/components/tts/tts-engine.ts,/voice/businesses/:param/tts,/voice/businesses/:param/tts,FALSE,TRUE,TRUE,VoiceController,,,OK
apps/web/src/components/ui/getting-started-checklist.tsx,/onboarding-concierge/businesses/:param/status,/onboarding-concierge/businesses/:param/status,FALSE,TRUE,TRUE,OnboardingConciergeController,,,OK
apps/web/src/components/ui/referral-stats-widget.tsx,/conversion/businesses/:param/contacts/:param/referral-stats,/conversion/businesses/:param/contacts/:param/referral-stats,FALSE,TRUE,TRUE,ConversionController,,,OK
apps/web/src/hooks/use-app-layout.ts,/identity/businesses/:param,/identity/businesses/:param,FALSE,TRUE,TRUE,IdentityController,,,OK
apps/web/src/hooks/use-app-layout.ts,/api/feature-flags,/api/feature-flags,FALSE,TRUE,TRUE,FeatureFlagsController,,,OK
apps/web/src/hooks/use-app-layout.ts,/notifications/businesses/:param,/notifications/businesses/:param,FALSE,TRUE,TRUE,NotificationsController,,,OK
apps/web/src/hooks/use-app-layout.ts,/notifications/businesses/:param/unread-count,/notifications/businesses/:param/unread-count,FALSE,TRUE,TRUE,NotificationsController,,,OK
apps/web/src/hooks/use-app-layout.ts,/connectors/businesses/:param/needs-attention,/connectors/businesses/:param/needs-attention,FALSE,TRUE,TRUE,ConnectorController,,,OK
apps/web/src/hooks/use-app-layout.ts,/notifications/businesses/:param/read-all,/notifications/businesses/:param/read-all,FALSE,TRUE,TRUE,NotificationsController,,,OK
apps/web/src/hooks/use-app-layout.ts,/identity/logout,/identity/logout,FALSE,TRUE,TRUE,IdentityController,,,OK
apps/web/src/hooks/use-entity-resolver.ts,/intelligence/businesses/:param/entities/resolve,/intelligence/businesses/:param/entities/resolve,FALSE,TRUE,TRUE,IntelligenceController,,,OK
apps/web/src/hooks/use-entity-resolver.ts,/intelligence/businesses/:param/entities/resolve-many,/intelligence/businesses/:param/entities/resolve-many,FALSE,TRUE,TRUE,IntelligenceController,,,OK
apps/web/src/hooks/use-plan.ts,/subscriptions/businesses/:param/billing-dashboard,/subscriptions/businesses/:param/billing-dashboard,FALSE,TRUE,TRUE,SubscriptionsController,,,OK
apps/web/src/hooks/use-push-notifications.ts,/api/businesses/:param/push/config,/api/businesses/:param/push/config,FALSE,TRUE,TRUE,PushNotificationController,,,OK
apps/web/src/hooks/use-push-notifications.ts,/api/businesses/:param/push/subscribe,/api/businesses/:param/push/subscribe,FALSE,TRUE,TRUE,PushNotificationController,,,OK
apps/web/src/hooks/use-push-notifications.ts,/api/businesses/:param/push/unsubscribe,/api/businesses/:param/push/unsubscribe,FALSE,TRUE,TRUE,PushNotificationController,,,OK
apps/web/src/lib/__tests__/api-get-dedupe.test.ts,/crm/contacts,/crm/contacts,FALSE,FALSE,,,,,NO_SERVER_ROUTE
apps/web/src/lib/__tests__/api-get-dedupe.test.ts,/crm/companies,/crm/companies,FALSE,FALSE,,,,,NO_SERVER_ROUTE
apps/web/src/lib/__tests__/api-refresh-retry.test.ts,/crm/contacts,/crm/contacts,FALSE,FALSE,,,,,NO_SERVER_ROUTE
apps/web/src/lib/api/admin-analytics.ts,/api/admin/analytics/overview,/api/admin/analytics/overview,FALSE,TRUE,TRUE,AdminAnalyticsController,,,OK
apps/web/src/lib/api/admin-analytics.ts,/api/admin/analytics/activation-funnel,/api/admin/analytics/activation-funnel,FALSE,TRUE,TRUE,AdminAnalyticsController,,,OK
apps/web/src/lib/api/admin-analytics.ts,/api/admin/analytics/integration-health,/api/admin/analytics/integration-health,FALSE,TRUE,TRUE,AdminAnalyticsController,,,OK
apps/web/src/lib/api/admin-analytics.ts,/api/admin/analytics/feature-usage,/api/admin/analytics/feature-usage,FALSE,TRUE,TRUE,AdminAnalyticsController,,,OK
apps/web/src/lib/api/admin-analytics.ts,/api/admin/analytics/key-quality,/api/admin/analytics/key-quality,FALSE,TRUE,TRUE,AdminAnalyticsController,,,OK
apps/web/src/lib/api/admin-analytics.ts,/api/admin/analytics/feedback-inbox,/api/admin/analytics/feedback-inbox,FALSE,TRUE,TRUE,AdminAnalyticsController,,,OK
apps/web/src/lib/api/admin-analytics.ts,/api/admin/users,/api/admin/users,FALSE,TRUE,TRUE,AdminUserController,,,OK
apps/web/src/lib/api/admin-analytics.ts,/api/admin/businesses,/api/admin/businesses,FALSE,TRUE,TRUE,AdminBusinessController,,,OK
apps/web/src/lib/api/admin-analytics.ts,/api/admin/events,/api/admin/events,FALSE,TRUE,TRUE,AdminEventController,,,OK
apps/web/src/lib/api/ai-approvals.ts,/ai-approvals/businesses/:param/items,/ai-approvals/businesses/:param/items,FALSE,TRUE,TRUE,AiApprovalsController,,,OK
apps/web/src/lib/api/ai-approvals.ts,/ai-approvals/businesses/:param/items/:param,/ai-approvals/businesses/:param/items/:param,FALSE,TRUE,TRUE,AiApprovalsController,,,OK
apps/web/src/lib/api/ai-approvals.ts,/ai-approvals/businesses/:param/items/:param/resolve,/ai-approvals/businesses/:param/items/:param/resolve,FALSE,TRUE,TRUE,AiApprovalsController,,,OK
apps/web/src/lib/api/ai-approvals.ts,/ai-approvals/businesses/:param/items/bulk-resolve,/ai-approvals/businesses/:param/items/bulk-resolve,FALSE,TRUE,TRUE,AiApprovalsController,,,OK
apps/web/src/lib/api/ai-approvals.ts,/ai-approvals/businesses/:param/stats,/ai-approvals/businesses/:param/stats,FALSE,TRUE,TRUE,AiApprovalsController,,,OK
apps/web/src/lib/api/approvals.ts,/businesses/:param/approvals,/businesses/:param/approvals,FALSE,TRUE,TRUE,ApprovalController,,,OK
apps/web/src/lib/api/approvals.ts,/businesses/:param/approvals/pending-for-me,/businesses/:param/approvals/pending-for-me,FALSE,TRUE,TRUE,ApprovalController,,,OK
apps/web/src/lib/api/approvals.ts,/businesses/:param/approvals/:param,/businesses/:param/approvals/:param,FALSE,TRUE,TRUE,ApprovalController,,,OK
apps/web/src/lib/api/approvals.ts,/businesses/:param/approvals/:param/approve,/businesses/:param/approvals/:param/approve,FALSE,TRUE,TRUE,ApprovalController,,,OK
apps/web/src/lib/api/approvals.ts,/businesses/:param/approvals/:param/reject,/businesses/:param/approvals/:param/reject,FALSE,TRUE,TRUE,ApprovalController,,,OK
apps/web/src/lib/api/approvals.ts,/businesses/:param/approvals/:param/delegate,/businesses/:param/approvals/:param/delegate,FALSE,TRUE,TRUE,ApprovalController,,,OK
apps/web/src/lib/api/approvals.ts,/businesses/:param/approvals/:param/escalate,/businesses/:param/approvals/:param/escalate,FALSE,TRUE,TRUE,ApprovalController,,,OK
apps/web/src/lib/api/approvals.ts,/businesses/:param/approvals/:param/cancel,/businesses/:param/approvals/:param/cancel,FALSE,FALSE,,,,,NO_SERVER_ROUTE
apps/web/src/lib/api/assets.ts,/businesses/:param/assets,/businesses/:param/assets,FALSE,TRUE,TRUE,AssetController,,,OK
apps/web/src/lib/api/assets.ts,/businesses/:param/assets/folders/list,/businesses/:param/assets/folders/list,FALSE,TRUE,TRUE,AssetController,,,OK
apps/web/src/lib/api/assets.ts,/businesses/:param/assets/:param,/businesses/:param/assets/:param,FALSE,TRUE,TRUE,AssetController,,,OK
apps/web/src/lib/api/assets.ts,/businesses/:param/assets/:param/tag,/businesses/:param/assets/:param/tag,FALSE,TRUE,TRUE,AssetController,,,OK
apps/web/src/lib/api/assets.ts,/businesses/:param/assets/:param/untag,/businesses/:param/assets/:param/untag,FALSE,TRUE,TRUE,AssetController,,,OK
apps/web/src/lib/api/assets.ts,/businesses/:param/assets/:param/track-usage,/businesses/:param/assets/:param/track-usage,FALSE,TRUE,TRUE,AssetController,,,OK
apps/web/src/lib/api/business-assets.ts,/businesses/:param/business-assets,/businesses/:param/business-assets,FALSE,TRUE,TRUE,BusinessAssetsController,,,OK
apps/web/src/lib/api/business-assets.ts,/businesses/:param/business-assets/summary,/businesses/:param/business-assets/summary,FALSE,TRUE,TRUE,BusinessAssetsController,,,OK
apps/web/src/lib/api/business-assets.ts,/businesses/:param/business-assets/:param,/businesses/:param/business-assets/:param,FALSE,TRUE,TRUE,BusinessAssetsController,,,OK
apps/web/src/lib/api/business-blueprint.ts,/blueprint/businesses/:param,/blueprint/businesses/:param,FALSE,TRUE,TRUE,BlueprintController,,,OK
apps/web/src/lib/api/business-command-center.ts,/business-command-center/businesses/:param/snapshot,/business-command-center/businesses/:param/snapshot,FALSE,TRUE,TRUE,BusinessCommandCenterController,,,OK
apps/web/src/lib/api/business-genesis.ts,/business-genesis/businesses/:param/analyze-idea,/business-genesis/businesses/:param/analyze-idea,FALSE,TRUE,TRUE,BusinessGenesisController,,,OK
apps/web/src/lib/api/business-genesis.ts,/business-genesis/businesses/:param/questions/next,/business-genesis/businesses/:param/questions/next,FALSE,TRUE,TRUE,BusinessGenesisController,,,OK
apps/web/src/lib/api/business-genesis.ts,/business-genesis/businesses/:param/answers,/business-genesis/businesses/:param/answers,FALSE,TRUE,TRUE,BusinessGenesisController,,,OK
apps/web/src/lib/api/business-genesis.ts,/business-genesis/businesses/:param/readiness,/business-genesis/businesses/:param/readiness,FALSE,TRUE,TRUE,BusinessGenesisController,,,OK
apps/web/src/lib/api/business-genesis.ts,/business-genesis/businesses/:param/generate-roadmap,/business-genesis/businesses/:param/generate-roadmap,FALSE,TRUE,TRUE,BusinessGenesisController,,,OK
apps/web/src/lib/api/business-genesis.ts,/business-genesis/businesses/:param/generate-document-pack,/business-genesis/businesses/:param/generate-document-pack,FALSE,TRUE,TRUE,BusinessGenesisController,,,OK
apps/web/src/lib/api/business-genesis.ts,/business-genesis/businesses/:param/document-pack,/business-genesis/businesses/:param/document-pack,FALSE,TRUE,TRUE,BusinessGenesisController,,,OK
apps/web/src/lib/api/business-genesis.ts,/business-genesis/businesses/:param/generate-risk-register,/business-genesis/businesses/:param/generate-risk-register,FALSE,TRUE,TRUE,BusinessGenesisController,,,OK
apps/web/src/lib/api/business-genesis.ts,/business-genesis/businesses/:param/generate-market-strategy,/business-genesis/businesses/:param/generate-market-strategy,FALSE,TRUE,TRUE,BusinessGenesisController,,,OK
apps/web/src/lib/api/business-genesis.ts,/business-genesis/businesses/:param/market-strategy,/business-genesis/businesses/:param/market-strategy,FALSE,TRUE,TRUE,BusinessGenesisController,,,OK
apps/web/src/lib/api/business-genome.ts,/blueprint/businesses/:param/genome,/blueprint/businesses/:param/genome,FALSE,TRUE,TRUE,BlueprintController,,,OK
apps/web/src/lib/api/business-genome.ts,/blueprint/businesses/:param/genome/integrity,/blueprint/businesses/:param/genome/integrity,FALSE,TRUE,TRUE,BlueprintController,,,OK
apps/web/src/lib/api/business-genome.ts,/blueprint/businesses/:param/genome/three-pillar-status,/blueprint/businesses/:param/genome/three-pillar-status,FALSE,TRUE,TRUE,BlueprintController,,,OK
apps/web/src/lib/api/business-genome.ts,/business-genome/businesses/:param/key-genome/recommendations,/business-genome/businesses/:param/key-genome/recommendations,FALSE,TRUE,TRUE,KeyGenomeController,,,OK
apps/web/src/lib/api/business-genome.ts,/business-genome/businesses/:param/key-genome/recommendations/generate,/business-genome/businesses/:param/key-genome/recommendations/generate,FALSE,TRUE,TRUE,KeyGenomeController,,,OK
apps/web/src/lib/api/business-genome.ts,/business-genome/businesses/:param/key-genome/recommendations/:param/accept,/business-genome/businesses/:param/key-genome/recommendations/:param/accept,FALSE,TRUE,TRUE,KeyGenomeController,,,OK
apps/web/src/lib/api/business-genome.ts,/business-genome/businesses/:param/key-genome/recommendations/:param/dismiss,/business-genome/businesses/:param/key-genome/recommendations/:param/dismiss,FALSE,TRUE,TRUE,KeyGenomeController,,,OK
apps/web/src/lib/api/business-genome.ts,/business-genome/businesses/:param/key-genome/recommendations/:param/apply,/business-genome/businesses/:param/key-genome/recommendations/:param/apply,FALSE,TRUE,TRUE,KeyGenomeController,,,OK
apps/web/src/lib/api/business-genome.ts,/business-genome/businesses/:param/key-genome/recommendations/:param/track-outcome,/business-genome/businesses/:param/key-genome/recommendations/:param/track-outcome,FALSE,TRUE,TRUE,KeyGenomeController,,,OK
apps/web/src/lib/api/business-genome.ts,/business-genome/businesses/:param/key-genome/recommendations/:param/ignore,/business-genome/businesses/:param/key-genome/recommendations/:param/ignore,FALSE,TRUE,TRUE,KeyGenomeController,,,OK
apps/web/src/lib/api/business-genome.ts,/business-genome/businesses/:param/key-genome/recommendations/:param/escalate,/business-genome/businesses/:param/key-genome/recommendations/:param/escalate,FALSE,TRUE,TRUE,KeyGenomeController,,,OK
apps/web/src/lib/api/business-genome.ts,/business-genome/businesses/:param/key-genome/recommendations/:param/outcome,/business-genome/businesses/:param/key-genome/recommendations/:param/outcome,FALSE,TRUE,TRUE,KeyGenomeController,,,OK
apps/web/src/lib/api/business-genome.ts,/business-genome/businesses/:param/key-genome/outcomes,/business-genome/businesses/:param/key-genome/outcomes,FALSE,TRUE,TRUE,KeyGenomeController,,,OK
apps/web/src/lib/api/business-genome.ts,/business-genome/businesses/:param/key-genome/outcomes/summary,/business-genome/businesses/:param/key-genome/outcomes/summary,FALSE,TRUE,TRUE,KeyGenomeController,,,OK
apps/web/src/lib/api/business-genome.ts,/business-genome/businesses/:param/key-genome/outcomes/learning-summary,/business-genome/businesses/:param/key-genome/outcomes/learning-summary,FALSE,TRUE,TRUE,KeyGenomeController,,,OK
apps/web/src/lib/api/business-genome.ts,/business-genome/businesses/:param/key-genome/outcome-windows/:param,/business-genome/businesses/:param/key-genome/outcome-windows/:param,FALSE,TRUE,TRUE,KeyGenomeController,,,OK
apps/web/src/lib/api/business-genome.ts,/business-genome/businesses/:param/key-genome/outcomes/:param/close-observation,/business-genome/businesses/:param/key-genome/outcomes/:param/close-observation,FALSE,TRUE,TRUE,KeyGenomeController,,,OK
apps/web/src/lib/api/business-genome.ts,/business-genome/businesses/:param/key-genome/experiments,/business-genome/businesses/:param/key-genome/experiments,FALSE,TRUE,TRUE,KeyGenomeController,,,OK
apps/web/src/lib/api/business-genome.ts,/business-genome/businesses/:param/key-genome/experiments/:param/start,/business-genome/businesses/:param/key-genome/experiments/:param/start,FALSE,TRUE,TRUE,KeyGenomeController,,,OK
apps/web/src/lib/api/business-genome.ts,/business-genome/businesses/:param/key-genome/experiments/:param/complete,/business-genome/businesses/:param/key-genome/experiments/:param/complete,FALSE,TRUE,TRUE,KeyGenomeController,,,OK
apps/web/src/lib/api/business-genome.ts,/business-genome/businesses/:param/key-genome/experiments/:param/cancel,/business-genome/businesses/:param/key-genome/experiments/:param/cancel,FALSE,TRUE,TRUE,KeyGenomeController,,,OK
apps/web/src/lib/api/business-genome.ts,/blueprint/businesses/:param/genome/dna/:param,/blueprint/businesses/:param/genome/dna/:param,FALSE,TRUE,TRUE,BlueprintController,,,OK
apps/web/src/lib/api/business-genome.ts,/genome-chat/businesses/:param/messages,/genome-chat/businesses/:param/messages,FALSE,TRUE,TRUE,GenomeChatController,,,OK
apps/web/src/lib/api/business-genome.ts,/genome-chat/businesses/:param/apply-updates,/genome-chat/businesses/:param/apply-updates,FALSE,TRUE,TRUE,GenomeChatController,,,OK
apps/web/src/lib/api/business-genome.ts,/business-genome/businesses/:param/evolution-proposals,/business-genome/businesses/:param/evolution-proposals,FALSE,TRUE,TRUE,GenomeEvolutionController,,,OK
apps/web/src/lib/api/business-genome.ts,/business-genome/businesses/:param/evolution-proposals/generate-from-temporal-flow,/business-genome/businesses/:param/evolution-proposals/generate-from-temporal-flow,FALSE,TRUE,TRUE,GenomeEvolutionController,,,OK
apps/web/src/lib/api/business-genome.ts,/business-genome/businesses/:param/evolution-proposals/:param/approve,/business-genome/businesses/:param/evolution-proposals/:param/approve,FALSE,TRUE,TRUE,GenomeEvolutionController,,,OK
apps/web/src/lib/api/business-genome.ts,/business-genome/businesses/:param/evolution-proposals/:param/reject,/business-genome/businesses/:param/evolution-proposals/:param/reject,FALSE,TRUE,TRUE,GenomeEvolutionController,,,OK
apps/web/src/lib/api/business-genome.ts,/business-genome/businesses/:param/evolution-proposals/:param,/business-genome/businesses/:param/evolution-proposals/:param,FALSE,TRUE,TRUE,GenomeEvolutionController,,,OK
apps/web/src/lib/api/business-genome.ts,/business-genome/businesses/:param/constitution/latest,/business-genome/businesses/:param/constitution/latest,FALSE,TRUE,TRUE,ConstitutionVersionController,,,OK
apps/web/src/lib/api/business-genome.ts,/business-genome/businesses/:param/constitution/versions,/business-genome/businesses/:param/constitution/versions,FALSE,TRUE,TRUE,ConstitutionVersionController,,,OK
apps/web/src/lib/api/business-genome.ts,/business-genome/businesses/:param/constitution/generate,/business-genome/businesses/:param/constitution/generate,FALSE,TRUE,TRUE,ConstitutionVersionController,,,OK
apps/web/src/lib/api/business-genome.ts,/business-genome/businesses/:param/constitution/staleness,/business-genome/businesses/:param/constitution/staleness,FALSE,TRUE,TRUE,ConstitutionVersionController,,,OK
apps/web/src/lib/api/business-genome.ts,/business-genome/businesses/:param/constitution/versions/:param/archive,/business-genome/businesses/:param/constitution/versions/:param/archive,FALSE,TRUE,TRUE,ConstitutionVersionController,,,OK
apps/web/src/lib/api/business-genome.ts,/business-genome/businesses/:param/key-genome/signals,/business-genome/businesses/:param/key-genome/signals,FALSE,TRUE,TRUE,KeyGenomeController,,,OK
apps/web/src/lib/api/business-genome.ts,/business-genome/businesses/:param/key-genome/signals/:param/review,/business-genome/businesses/:param/key-genome/signals/:param/review,FALSE,TRUE,TRUE,KeyGenomeController,,,OK
apps/web/src/lib/api/business-genome.ts,/business-genome/businesses/:param/key-genome/signals/:param/accept,/business-genome/businesses/:param/key-genome/signals/:param/accept,FALSE,TRUE,TRUE,KeyGenomeController,,,OK
apps/web/src/lib/api/business-genome.ts,/business-genome/businesses/:param/key-genome/signals/:param/reject,/business-genome/businesses/:param/key-genome/signals/:param/reject,FALSE,TRUE,TRUE,KeyGenomeController,,,OK
apps/web/src/lib/api/business-genome.ts,/business-genome/businesses/:param/key-genome/signals/:param/merge,/business-genome/businesses/:param/key-genome/signals/:param/merge,FALSE,TRUE,TRUE,KeyGenomeController,,,OK
apps/web/src/lib/api/business-genome.ts,/business-genome/businesses/:param/key-genome/governance,/business-genome/businesses/:param/key-genome/governance,FALSE,TRUE,TRUE,KeyGenomeController,,,OK
apps/web/src/lib/api/business-genome.ts,/business-genome/businesses/:param/key-genome/governance/queue,/business-genome/businesses/:param/key-genome/governance/queue,FALSE,TRUE,TRUE,KeyGenomeController,,,OK
apps/web/src/lib/api/business-genome.ts,/business-genome/businesses/:param/key-genome/recommendations/:param/action-preview,/business-genome/businesses/:param/key-genome/recommendations/:param/action-preview,FALSE,TRUE,TRUE,KeyGenomeBridgeController,,,OK
apps/web/src/lib/api/business-genome.ts,/business-genome/businesses/:param/key-genome/recommendations/:param/bridge-action,/business-genome/businesses/:param/key-genome/recommendations/:param/bridge-action,FALSE,TRUE,TRUE,KeyGenomeBridgeController,,,OK
apps/web/src/lib/api/business-genome.ts,/business-genome/businesses/:param/key-genome/recommendations/:param/execution-status,/business-genome/businesses/:param/key-genome/recommendations/:param/execution-status,FALSE,TRUE,TRUE,KeyGenomeController,,,OK
apps/web/src/lib/api/business-genome.ts,/business-genome/businesses/:param/key-genome/memory,/business-genome/businesses/:param/key-genome/memory,FALSE,TRUE,TRUE,KeyGenomeController,,,OK
apps/web/src/lib/api/business-genome.ts,/business-genome/businesses/:param/key-genome/memory/:param,/business-genome/businesses/:param/key-genome/memory/:param,FALSE,TRUE,TRUE,KeyGenomeController,,,OK
apps/web/src/lib/api/business-genome.ts,/business-genome/businesses/:param/key-genome/memory/summary,/business-genome/businesses/:param/key-genome/memory/summary,FALSE,TRUE,TRUE,KeyGenomeController,,,OK
apps/web/src/lib/api/business-genome.ts,/business-genome/businesses/:param/key-genome/memory/similar,/business-genome/businesses/:param/key-genome/memory/similar,FALSE,TRUE,TRUE,KeyGenomeController,,,OK
apps/web/src/lib/api/business-genome.ts,/business-genome/businesses/:param/key-genome/departments,/business-genome/businesses/:param/key-genome/departments,FALSE,TRUE,TRUE,KeyGenomeController,,,OK
apps/web/src/lib/api/business-genome.ts,/business-genome/businesses/:param/key-genome/departments/summary,/business-genome/businesses/:param/key-genome/departments/summary,FALSE,TRUE,TRUE,KeyGenomeController,,,OK
apps/web/src/lib/api/business-genome.ts,/business-genome/businesses/:param/key-genome/departments/:param,/business-genome/businesses/:param/key-genome/departments/:param,FALSE,TRUE,TRUE,KeyGenomeController,,,OK
apps/web/src/lib/api/business-genome.ts,/business-genome/businesses/:param/key-genome/departments/seed,/business-genome/businesses/:param/key-genome/departments/seed,FALSE,TRUE,TRUE,KeyGenomeController,,,OK
apps/web/src/lib/api/business-genome.ts,/business-genome/businesses/:param/key-genome/departments/compute,/business-genome/businesses/:param/key-genome/departments/compute,FALSE,TRUE,TRUE,KeyGenomeController,,,OK
apps/web/src/lib/api/business-genome.ts,/business-genome/businesses/:param/key-genome/departments/:param/compute,/business-genome/businesses/:param/key-genome/departments/:param/compute,FALSE,TRUE,TRUE,KeyGenomeController,,,OK
apps/web/src/lib/api/business-genome.ts,/business-genome/businesses/:param/key-genome/finance/metrics,/business-genome/businesses/:param/key-genome/finance/metrics,FALSE,TRUE,TRUE,KeyGenomeController,,,OK
apps/web/src/lib/api/business-genome.ts,/business-genome/businesses/:param/key-genome/finance/snapshot,/business-genome/businesses/:param/key-genome/finance/snapshot,FALSE,TRUE,TRUE,KeyGenomeController,,,OK
apps/web/src/lib/api/business-genome.ts,/business-genome/businesses/:param/key-genome/finance/snapshot/compute,/business-genome/businesses/:param/key-genome/finance/snapshot/compute,FALSE,TRUE,TRUE,KeyGenomeController,,,OK
apps/web/src/lib/api/business-genome.ts,/business-genome/businesses/:param/key-genome/finance/snapshots,/business-genome/businesses/:param/key-genome/finance/snapshots,FALSE,TRUE,TRUE,KeyGenomeController,,,OK
apps/web/src/lib/api/business-genome.ts,/business-genome/businesses/:param/key-genome/finance/signals/generate,/business-genome/businesses/:param/key-genome/finance/signals/generate,FALSE,TRUE,TRUE,KeyGenomeController,,,OK
apps/web/src/lib/api/business-genome.ts,/business-genome/businesses/:param/key-genome/finance/recommendations/generate,/business-genome/businesses/:param/key-genome/finance/recommendations/generate,FALSE,TRUE,TRUE,KeyGenomeController,,,OK
apps/web/src/lib/api/business-genome.ts,/business-genome/businesses/:param/key-genome/customer-sales/segments,/business-genome/businesses/:param/key-genome/customer-sales/segments,FALSE,TRUE,TRUE,KeyGenomeController,,,OK
apps/web/src/lib/api/business-genome.ts,/business-genome/businesses/:param/key-genome/customer-sales/segments/:param,/business-genome/businesses/:param/key-genome/customer-sales/segments/:param,FALSE,TRUE,TRUE,KeyGenomeController,,,OK
apps/web/src/lib/api/business-genome.ts,/business-genome/businesses/:param/key-genome/customer-sales/motions,/business-genome/businesses/:param/key-genome/customer-sales/motions,FALSE,TRUE,TRUE,KeyGenomeController,,,OK
apps/web/src/lib/api/business-genome.ts,/business-genome/businesses/:param/key-genome/customer-sales/motions/:param,/business-genome/businesses/:param/key-genome/customer-sales/motions/:param,FALSE,TRUE,TRUE,KeyGenomeController,,,OK
apps/web/src/lib/api/business-genome.ts,/business-genome/businesses/:param/key-genome/customer-sales/snapshot,/business-genome/businesses/:param/key-genome/customer-sales/snapshot,FALSE,TRUE,TRUE,KeyGenomeController,,,OK
apps/web/src/lib/api/business-genome.ts,/business-genome/businesses/:param/key-genome/customer-sales/snapshot/compute,/business-genome/businesses/:param/key-genome/customer-sales/snapshot/compute,FALSE,TRUE,TRUE,KeyGenomeController,,,OK
apps/web/src/lib/api/business-genome.ts,/business-genome/businesses/:param/key-genome/customer-sales/snapshots,/business-genome/businesses/:param/key-genome/customer-sales/snapshots,FALSE,TRUE,TRUE,KeyGenomeController,,,OK
apps/web/src/lib/api/business-genome.ts,/business-genome/businesses/:param/key-genome/customer-sales/signals/generate,/business-genome/businesses/:param/key-genome/customer-sales/signals/generate,FALSE,TRUE,TRUE,KeyGenomeController,,,OK
apps/web/src/lib/api/business-genome.ts,/business-genome/businesses/:param/key-genome/customer-sales/recommendations/generate,/business-genome/businesses/:param/key-genome/customer-sales/recommendations/generate,FALSE,TRUE,TRUE,KeyGenomeController,,,OK
apps/web/src/lib/api/business-genome.ts,/business-genome/businesses/:param/key-genome/operations/processes,/business-genome/businesses/:param/key-genome/operations/processes,FALSE,TRUE,TRUE,KeyGenomeController,,,OK
apps/web/src/lib/api/business-genome.ts,/business-genome/businesses/:param/key-genome/operations/processes/:param,/business-genome/businesses/:param/key-genome/operations/processes/:param,FALSE,TRUE,TRUE,KeyGenomeController,,,OK
apps/web/src/lib/api/business-genome.ts,/business-genome/businesses/:param/key-genome/operations/capabilities,/business-genome/businesses/:param/key-genome/operations/capabilities,FALSE,TRUE,TRUE,KeyGenomeController,,,OK
apps/web/src/lib/api/business-genome.ts,/business-genome/businesses/:param/key-genome/operations/capabilities/:param,/business-genome/businesses/:param/key-genome/operations/capabilities/:param,FALSE,TRUE,TRUE,KeyGenomeController,,,OK
apps/web/src/lib/api/business-genome.ts,/business-genome/businesses/:param/key-genome/operations/snapshot,/business-genome/businesses/:param/key-genome/operations/snapshot,FALSE,TRUE,TRUE,KeyGenomeController,,,OK
apps/web/src/lib/api/business-genome.ts,/business-genome/businesses/:param/key-genome/operations/snapshot/compute,/business-genome/businesses/:param/key-genome/operations/snapshot/compute,FALSE,TRUE,TRUE,KeyGenomeController,,,OK
apps/web/src/lib/api/business-genome.ts,/business-genome/businesses/:param/key-genome/operations/snapshots,/business-genome/businesses/:param/key-genome/operations/snapshots,FALSE,TRUE,TRUE,KeyGenomeController,,,OK
apps/web/src/lib/api/business-genome.ts,/business-genome/businesses/:param/key-genome/operations/signals/generate,/business-genome/businesses/:param/key-genome/operations/signals/generate,FALSE,TRUE,TRUE,KeyGenomeController,,,OK
apps/web/src/lib/api/business-genome.ts,/business-genome/businesses/:param/key-genome/operations/recommendations/generate,/business-genome/businesses/:param/key-genome/operations/recommendations/generate,FALSE,TRUE,TRUE,KeyGenomeController,,,OK
apps/web/src/lib/api/business-genome.ts,/business-genome/businesses/:param/key-genome/marketing-growth/channels,/business-genome/businesses/:param/key-genome/marketing-growth/channels,FALSE,TRUE,TRUE,KeyGenomeController,,,OK
apps/web/src/lib/api/business-genome.ts,/business-genome/businesses/:param/key-genome/marketing-growth/channels/:param,/business-genome/businesses/:param/key-genome/marketing-growth/channels/:param,FALSE,TRUE,TRUE,KeyGenomeController,,,OK
apps/web/src/lib/api/business-genome.ts,/business-genome/businesses/:param/key-genome/marketing-growth/content-strategy,/business-genome/businesses/:param/key-genome/marketing-growth/content-strategy,FALSE,TRUE,TRUE,KeyGenomeController,,,OK
apps/web/src/lib/api/business-genome.ts,/business-genome/businesses/:param/key-genome/marketing-growth/content-strategy/:param,/business-genome/businesses/:param/key-genome/marketing-growth/content-strategy/:param,FALSE,TRUE,TRUE,KeyGenomeController,,,OK
apps/web/src/lib/api/business-genome.ts,/business-genome/businesses/:param/key-genome/marketing-growth/snapshot,/business-genome/businesses/:param/key-genome/marketing-growth/snapshot,FALSE,TRUE,TRUE,KeyGenomeController,,,OK
apps/web/src/lib/api/business-genome.ts,/business-genome/businesses/:param/key-genome/marketing-growth/snapshot/compute,/business-genome/businesses/:param/key-genome/marketing-growth/snapshot/compute,FALSE,TRUE,TRUE,KeyGenomeController,,,OK
apps/web/src/lib/api/business-genome.ts,/business-genome/businesses/:param/key-genome/marketing-growth/snapshots,/business-genome/businesses/:param/key-genome/marketing-growth/snapshots,FALSE,TRUE,TRUE,KeyGenomeController,,,OK
apps/web/src/lib/api/business-genome.ts,/business-genome/businesses/:param/key-genome/marketing-growth/signals/generate,/business-genome/businesses/:param/key-genome/marketing-growth/signals/generate,FALSE,TRUE,TRUE,KeyGenomeController,,,OK
apps/web/src/lib/api/business-genome.ts,/business-genome/businesses/:param/key-genome/marketing-growth/recommendations/generate,/business-genome/businesses/:param/key-genome/marketing-growth/recommendations/generate,FALSE,TRUE,TRUE,KeyGenomeController,,,OK
apps/web/src/lib/api/business-genome.ts,/business-genome/businesses/:param/key-genome/cross-domain/snapshot,/business-genome/businesses/:param/key-genome/cross-domain/snapshot,FALSE,TRUE,TRUE,KeyGenomeController,,,OK
apps/web/src/lib/api/business-genome.ts,/business-genome/businesses/:param/key-genome/cross-domain/snapshot/compute,/business-genome/businesses/:param/key-genome/cross-domain/snapshot/compute,FALSE,TRUE,TRUE,KeyGenomeController,,,OK
apps/web/src/lib/api/business-genome.ts,/business-genome/businesses/:param/key-genome/cross-domain/snapshots,/business-genome/businesses/:param/key-genome/cross-domain/snapshots,FALSE,TRUE,TRUE,KeyGenomeController,,,OK
apps/web/src/lib/api/business-genome.ts,/business-genome/businesses/:param/key-genome/cross-domain/recommendations/ranked,/business-genome/businesses/:param/key-genome/cross-domain/recommendations/ranked,FALSE,TRUE,TRUE,KeyGenomeController,,,OK
apps/web/src/lib/api/business-genome.ts,/business-genome/businesses/:param/key-genome/cross-domain/recommendations/ranked/generate,/business-genome/businesses/:param/key-genome/cross-domain/recommendations/ranked/generate,FALSE,TRUE,TRUE,KeyGenomeController,,,OK
apps/web/src/lib/api/business-genome.ts,/business-genome/businesses/:param/key-genome/cross-domain/opportunities,/business-genome/businesses/:param/key-genome/cross-domain/opportunities,FALSE,TRUE,TRUE,KeyGenomeController,,,OK
apps/web/src/lib/api/business-genome.ts,/business-genome/businesses/:param/key-genome/cross-domain/opportunities/detect,/business-genome/businesses/:param/key-genome/cross-domain/opportunities/detect,FALSE,TRUE,TRUE,KeyGenomeController,,,OK
apps/web/src/lib/api/business-genome.ts,/business-genome/businesses/:param/key-genome/cross-domain/autonomy-gate/check,/business-genome/businesses/:param/key-genome/cross-domain/autonomy-gate/check,FALSE,TRUE,TRUE,KeyGenomeController,,,OK
apps/web/src/lib/api/business-profile.ts,/identity/businesses/:param,/identity/businesses/:param,FALSE,TRUE,TRUE,IdentityController,,,OK
apps/web/src/lib/api/command.ts,/command/businesses/:param/items,/command/businesses/:param/items,FALSE,TRUE,TRUE,CommandController,,,OK
apps/web/src/lib/api/command.ts,/command/businesses/:param/items/due,/command/businesses/:param/items/due,FALSE,TRUE,TRUE,CommandController,,,OK
apps/web/src/lib/api/command.ts,/command/businesses/:param/items/:param/discharge,/command/businesses/:param/items/:param/discharge,FALSE,TRUE,TRUE,CommandController,,,OK
apps/web/src/lib/api/command.ts,/command/businesses/:param/items/:param,/command/businesses/:param/items/:param,FALSE,TRUE,TRUE,CommandController,,,OK
apps/web/src/lib/api/command.ts,/command/businesses/:param/items/:param/dismiss,/command/businesses/:param/items/:param/dismiss,FALSE,TRUE,TRUE,CommandController,,,OK
apps/web/src/lib/api/command.ts,/command/businesses/:param/items/:param/snooze,/command/businesses/:param/items/:param/snooze,FALSE,TRUE,TRUE,CommandController,,,OK
apps/web/src/lib/api/command.ts,/command/businesses/:param/items/:param/approve,/command/businesses/:param/items/:param/approve,FALSE,TRUE,TRUE,CommandController,,,OK
apps/web/src/lib/api/command.ts,/command/businesses/:param/items/:param/execute,/command/businesses/:param/items/:param/execute,FALSE,TRUE,TRUE,CommandController,,,OK
apps/web/src/lib/api/command.ts,/command/businesses/:param/items/:param/complete,/command/businesses/:param/items/:param/complete,FALSE,TRUE,TRUE,CommandController,,,OK
apps/web/src/lib/api/command.ts,/command/businesses/:param/items/:param/assign,/command/businesses/:param/items/:param/assign,FALSE,TRUE,TRUE,CommandController,,,OK
apps/web/src/lib/api/command.ts,/command/businesses/:param/items/:param/reopen,/command/businesses/:param/items/:param/reopen,FALSE,TRUE,TRUE,CommandController,,,OK
apps/web/src/lib/api/command.ts,/command/businesses/:param/generate,/command/businesses/:param/generate,FALSE,TRUE,TRUE,CommandController,,,OK
apps/web/src/lib/api/command.ts,/command/businesses/:param/summary,/command/businesses/:param/summary,FALSE,TRUE,TRUE,CommandController,,,OK
apps/web/src/lib/api/command.ts,/command/businesses/:param/last-scan,/command/businesses/:param/last-scan,FALSE,TRUE,TRUE,CommandController,,,OK
apps/web/src/lib/api/command.ts,/command/businesses/:param/auto-scan,/command/businesses/:param/auto-scan,FALSE,TRUE,TRUE,CommandController,,,OK
apps/web/src/lib/api/command.ts,/command/businesses/:param/items/bulk/complete,/command/businesses/:param/items/bulk/complete,FALSE,TRUE,TRUE,CommandController,,,OK
apps/web/src/lib/api/command.ts,/command/businesses/:param/items/bulk/dismiss,/command/businesses/:param/items/bulk/dismiss,FALSE,TRUE,TRUE,CommandController,,,OK
apps/web/src/lib/api/command.ts,/command/businesses/:param/items/bulk/delete,/command/businesses/:param/items/bulk/delete,FALSE,TRUE,TRUE,CommandController,,,OK
apps/web/src/lib/api/connectors.ts,/connectors/businesses/:param/statuses,/connectors/businesses/:param/statuses,FALSE,TRUE,TRUE,ConnectorController,,,OK
apps/web/src/lib/api/connectors.ts,/connectors/businesses/:param/activity,/connectors/businesses/:param/activity,FALSE,TRUE,TRUE,ConnectorController,,,OK
apps/web/src/lib/api/connectors.ts,/connectors/businesses/:param/needs-attention,/connectors/businesses/:param/needs-attention,FALSE,TRUE,TRUE,ConnectorController,,,OK
apps/web/src/lib/api/connectors.ts,/connectors/businesses/:param/health-check/run,/connectors/businesses/:param/health-check/run,FALSE,TRUE,TRUE,ConnectorController,,,OK
apps/web/src/lib/api/continental-ops.ts,/continental-ops/businesses/:param/delivery-notes,/continental-ops/businesses/:param/delivery-notes,FALSE,TRUE,TRUE,DeliveryNoteController,,,OK
apps/web/src/lib/api/continental-ops.ts,/continental-ops/businesses/:param/delivery-notes/:param,/continental-ops/businesses/:param/delivery-notes/:param,FALSE,TRUE,TRUE,DeliveryNoteController,,,OK
apps/web/src/lib/api/continental-ops.ts,/continental-ops/businesses/:param/delivery-notes/:param/fulfill,/continental-ops/businesses/:param/delivery-notes/:param/fulfill,FALSE,TRUE,TRUE,DeliveryNoteController,,,OK
apps/web/src/lib/api/continental-ops.ts,/continental-ops/businesses/:param/delivery-notes/:param/cancel,/continental-ops/businesses/:param/delivery-notes/:param/cancel,FALSE,TRUE,TRUE,DeliveryNoteController,,,OK
apps/web/src/lib/api/continental-ops.ts,/continental-ops/businesses/:param/goods-receipts,/continental-ops/businesses/:param/goods-receipts,FALSE,TRUE,TRUE,GoodsReceiptController,,,OK
apps/web/src/lib/api/continental-ops.ts,/continental-ops/businesses/:param/goods-receipts/:param,/continental-ops/businesses/:param/goods-receipts/:param,FALSE,TRUE,TRUE,GoodsReceiptController,,,OK
apps/web/src/lib/api/continental-ops.ts,/continental-ops/businesses/:param/goods-receipts/:param/post,/continental-ops/businesses/:param/goods-receipts/:param/post,FALSE,TRUE,TRUE,GoodsReceiptController,,,OK
apps/web/src/lib/api/continental-ops.ts,/continental-ops/businesses/:param/receipts,/continental-ops/businesses/:param/receipts,FALSE,TRUE,TRUE,ReceiptController,,,OK
apps/web/src/lib/api/continental-ops.ts,/continental-ops/businesses/:param/receipts/:param,/continental-ops/businesses/:param/receipts/:param,FALSE,TRUE,TRUE,ReceiptController,,,OK
apps/web/src/lib/api/continental-ops.ts,/continental-ops/businesses/:param/stock-counts,/continental-ops/businesses/:param/stock-counts,FALSE,TRUE,TRUE,StockCountController,,,OK
apps/web/src/lib/api/continental-ops.ts,/continental-ops/businesses/:param/stock-counts/:param,/continental-ops/businesses/:param/stock-counts/:param,FALSE,TRUE,TRUE,StockCountController,,,OK
apps/web/src/lib/api/continental-ops.ts,/continental-ops/businesses/:param/stock-counts/:param/adjust,/continental-ops/businesses/:param/stock-counts/:param/adjust,FALSE,TRUE,TRUE,StockCountController,,,OK
apps/web/src/lib/api/contracts.ts,/contracts/businesses/:param,/contracts/businesses/:param,FALSE,TRUE,TRUE,ContractsController,,,OK
apps/web/src/lib/api/contracts.ts,/contracts/businesses/:param/stats,/contracts/businesses/:param/stats,FALSE,TRUE,TRUE,ContractsController,,,OK
apps/web/src/lib/api/contracts.ts,/contracts/businesses/:param/:param,/contracts/businesses/:param/:param,FALSE,TRUE,TRUE,ContractsController,,,OK
apps/web/src/lib/api/contracts.ts,/contracts/businesses/:param/:param/extract,/contracts/businesses/:param/:param/extract,FALSE,TRUE,TRUE,ContractsController,,,OK
apps/web/src/lib/api/contracts.ts,/contracts/businesses/:param/:param/acknowledge-alert/:param,/contracts/businesses/:param/:param/acknowledge-alert/:param,FALSE,TRUE,TRUE,ContractsController,,,OK
apps/web/src/lib/api/contracts.ts,/contracts/businesses/:param/tags,/contracts/businesses/:param/tags,FALSE,TRUE,TRUE,ContractsController,,,OK
apps/web/src/lib/api/contracts.ts,/contracts/businesses/:param/tags/:param,/contracts/businesses/:param/tags/:param,FALSE,TRUE,TRUE,ContractsController,,,OK
apps/web/src/lib/api/data-inbox.ts,/data-inbox/businesses/:param/items,/data-inbox/businesses/:param/items,FALSE,TRUE,TRUE,DataInboxController,,,OK
apps/web/src/lib/api/data-inbox.ts,/data-inbox/businesses/:param/items/:param,/data-inbox/businesses/:param/items/:param,FALSE,TRUE,TRUE,DataInboxController,,,OK
apps/web/src/lib/api/data-inbox.ts,/data-inbox/businesses/:param/items/:param/approve,/data-inbox/businesses/:param/items/:param/approve,FALSE,TRUE,TRUE,DataInboxController,,,OK
apps/web/src/lib/api/data-inbox.ts,/data-inbox/businesses/:param/items/:param/reject,/data-inbox/businesses/:param/items/:param/reject,FALSE,TRUE,TRUE,DataInboxController,,,OK
apps/web/src/lib/api/data-inbox.ts,/data-inbox/businesses/:param/items/:param/correct,/data-inbox/businesses/:param/items/:param/correct,FALSE,TRUE,TRUE,DataInboxController,,,OK
apps/web/src/lib/api/device.ts,/api/device/businesses/:param/captures,/api/device/businesses/:param/captures,FALSE,TRUE,TRUE,DeviceController,,,OK
apps/web/src/lib/api/device.ts,/api/device/businesses/:param/captures/:param,/api/device/businesses/:param/captures/:param,FALSE,TRUE,TRUE,DeviceController,,,OK
apps/web/src/lib/api/device.ts,/api/device/businesses/:param/contacts-from-card,/api/device/businesses/:param/contacts-from-card,FALSE,TRUE,TRUE,DeviceController,,,OK
apps/web/src/lib/api/device.ts,/api/device/businesses/:param/intakes,/api/device/businesses/:param/intakes,FALSE,TRUE,TRUE,DeviceController,,,OK
apps/web/src/lib/api/device.ts,/api/device/businesses/:param/intakes/:param/approve,/api/device/businesses/:param/intakes/:param/approve,FALSE,TRUE,TRUE,DeviceController,,,OK
apps/web/src/lib/api/device.ts,/api/device/businesses/:param/intakes/:param/reject,/api/device/businesses/:param/intakes/:param/reject,FALSE,TRUE,TRUE,DeviceController,,,OK
apps/web/src/lib/api/device.ts,/api/device/businesses/:param/captures/:param/process,/api/device/businesses/:param/captures/:param/process,FALSE,TRUE,TRUE,DeviceController,,,OK
apps/web/src/lib/api/drive.ts,/drive/businesses/:param/sync,/drive/businesses/:param/sync,FALSE,TRUE,TRUE,DriveIntakeController,,,OK
apps/web/src/lib/api/drive.ts,/drive/businesses/:param/intake,/drive/businesses/:param/intake,FALSE,TRUE,TRUE,DriveIntakeController,,,OK
apps/web/src/lib/api/drive.ts,/drive/businesses/:param/intake/:param/reject,/drive/businesses/:param/intake/:param/reject,FALSE,TRUE,TRUE,DriveIntakeController,,,OK
apps/web/src/lib/api/events.ts,/businesses/:param/events,/businesses/:param/events,FALSE,TRUE,TRUE,EventsController,,,OK
apps/web/src/lib/api/events.ts,/businesses/:param/events/:param,/businesses/:param/events/:param,FALSE,TRUE,TRUE,EventsController,,,OK
apps/web/src/lib/api/events.ts,/businesses/:param/events/:param/ticket-types,/businesses/:param/events/:param/ticket-types,FALSE,TRUE,TRUE,EventsController,,,OK
apps/web/src/lib/api/events.ts,/businesses/:param/events/:param/ticket-types/:param,/businesses/:param/events/:param/ticket-types/:param,FALSE,TRUE,TRUE,EventsController,,,OK
apps/web/src/lib/api/events.ts,/businesses/:param/events/:param/attendees,/businesses/:param/events/:param/attendees,FALSE,TRUE,TRUE,EventsController,,,OK
apps/web/src/lib/api/events.ts,/businesses/:param/events/:param/attendees/:param,/businesses/:param/events/:param/attendees/:param,FALSE,TRUE,TRUE,EventsController,,,OK
apps/web/src/lib/api/events.ts,/businesses/:param/events/:param/attendees/:param/check-in,/businesses/:param/events/:param/attendees/:param/check-in,FALSE,TRUE,TRUE,EventsController,,,OK
apps/web/src/lib/api/evidence.ts,/businesses/:param/evidence,/businesses/:param/evidence,FALSE,TRUE,TRUE,EvidenceController,,,OK
apps/web/src/lib/api/evidence.ts,/evidence/:param,/evidence/:param,FALSE,TRUE,TRUE,EvidenceController,,,OK
apps/web/src/lib/api/evidence.ts,/evidence/:param/verify,/evidence/:param/verify,FALSE,TRUE,TRUE,EvidenceController,,,OK
apps/web/src/lib/api/evidence.ts,/evidence/check,/evidence/check,FALSE,FALSE,,,,,NO_SERVER_ROUTE
apps/web/src/lib/api/finance.ts,/finance/businesses/:param/reserves,/finance/businesses/:param/reserves,FALSE,TRUE,TRUE,FinanceController,,,OK
apps/web/src/lib/api/finance.ts,/finance/businesses/:param/reserves/:param,/finance/businesses/:param/reserves/:param,FALSE,TRUE,TRUE,FinanceController,,,OK
apps/web/src/lib/api/finance.ts,/finance/businesses/:param/chart-of-accounts,/finance/businesses/:param/chart-of-accounts,FALSE,TRUE,TRUE,FinanceController,,,OK
apps/web/src/lib/api/finance.ts,/finance/businesses/:param/general-ledger,/finance/businesses/:param/general-ledger,FALSE,TRUE,TRUE,FinanceController,,,OK
apps/web/src/lib/api/finance.ts,/finance/businesses/:param/trial-balance,/finance/businesses/:param/trial-balance,FALSE,TRUE,TRUE,FinanceController,,,OK
apps/web/src/lib/api/finance.ts,/finance/businesses/:param/trial-balance/account/:param,/finance/businesses/:param/trial-balance/account/:param,FALSE,TRUE,TRUE,FinanceController,,,OK
apps/web/src/lib/api/finance.ts,/finance/businesses/:param/bank-rules,/finance/businesses/:param/bank-rules,FALSE,TRUE,TRUE,FinanceController,,,OK
apps/web/src/lib/api/finance.ts,/finance/businesses/:param/bank-rules/:param,/finance/businesses/:param/bank-rules/:param,FALSE,TRUE,TRUE,FinanceController,,,OK
apps/web/src/lib/api/finance.ts,/finance/businesses/:param/bank-rules/apply,/finance/businesses/:param/bank-rules/apply,FALSE,TRUE,TRUE,FinanceController,,,OK
apps/web/src/lib/api/finance.ts,/finance/businesses/:param/recurring-journal-entries,/finance/businesses/:param/recurring-journal-entries,FALSE,TRUE,TRUE,FinanceController,,,OK
apps/web/src/lib/api/finance.ts,/finance/businesses/:param/recurring-journal-entries/:param,/finance/businesses/:param/recurring-journal-entries/:param,FALSE,TRUE,TRUE,FinanceController,,,OK
apps/web/src/lib/api/finance.ts,/finance/businesses/:param/recurring-journal-entries/:param/run,/finance/businesses/:param/recurring-journal-entries/:param/run,FALSE,TRUE,TRUE,FinanceController,,,OK
apps/web/src/lib/api/finance.ts,/finance/businesses/:param/credit-notes,/finance/businesses/:param/credit-notes,FALSE,TRUE,TRUE,FinanceController,,,OK
apps/web/src/lib/api/finance.ts,/finance/businesses/:param/credit-notes/:param/apply,/finance/businesses/:param/credit-notes/:param/apply,FALSE,TRUE,TRUE,FinanceController,,,OK
apps/web/src/lib/api/finance.ts,/finance/businesses/:param/credit-notes/:param/void,/finance/businesses/:param/credit-notes/:param/void,FALSE,TRUE,TRUE,FinanceController,,,OK
apps/web/src/lib/api/finance.ts,/finance/businesses/:param/accounting-periods,/finance/businesses/:param/accounting-periods,FALSE,TRUE,TRUE,FinanceController,,,OK
apps/web/src/lib/api/finance.ts,/finance/businesses/:param/accounting-periods/:param/close,/finance/businesses/:param/accounting-periods/:param/close,FALSE,TRUE,TRUE,FinanceController,,,OK
apps/web/src/lib/api/finance.ts,/finance/businesses/:param/accounting-periods/:param/reopen,/finance/businesses/:param/accounting-periods/:param/reopen,FALSE,TRUE,TRUE,FinanceController,,,OK
apps/web/src/lib/api/finance.ts,/finance/businesses/:param/bank-connections,/finance/businesses/:param/bank-connections,FALSE,TRUE,TRUE,FinanceController,,,OK
apps/web/src/lib/api/finance.ts,/finance/businesses/:param/bank-connections/:param,/finance/businesses/:param/bank-connections/:param,FALSE,TRUE,TRUE,FinanceController,,,OK
apps/web/src/lib/api/finance.ts,/finance/businesses/:param/bank-connections/:param/sync,/finance/businesses/:param/bank-connections/:param/sync,FALSE,TRUE,TRUE,FinanceController,,,OK
apps/web/src/lib/api/finance.ts,/finance/businesses/:param/exchange-rates,/finance/businesses/:param/exchange-rates,FALSE,TRUE,TRUE,FinanceController,,,OK
apps/web/src/lib/api/finance.ts,/finance/businesses/:param/exchange-rates/:param,/finance/businesses/:param/exchange-rates/:param,FALSE,TRUE,TRUE,FinanceController,,,OK
apps/web/src/lib/api/finance.ts,/finance/businesses/:param/fixed-assets,/finance/businesses/:param/fixed-assets,FALSE,TRUE,TRUE,FinanceController,,,OK
apps/web/src/lib/api/finance.ts,/finance/businesses/:param/fixed-assets/:param/depreciate,/finance/businesses/:param/fixed-assets/:param/depreciate,FALSE,TRUE,TRUE,FinanceController,,,OK
apps/web/src/lib/api/finance.ts,/finance/businesses/:param/fixed-assets/:param,/finance/businesses/:param/fixed-assets/:param,FALSE,TRUE,TRUE,FinanceController,,,OK
apps/web/src/lib/api/flow-signal.ts,/flow-signals/roles,/flow-signals/roles,FALSE,TRUE,TRUE,FlowSignalRoleController,,,OK
apps/web/src/lib/api/flow-signal.ts,/flow-signals/businesses/:param/roles,/flow-signals/businesses/:param/roles,FALSE,TRUE,TRUE,FlowSignalRoleController,,,OK
apps/web/src/lib/api/flow-signal.ts,/flow-signals/businesses/:param,/flow-signals/businesses/:param,FALSE,TRUE,TRUE,FlowSignalController,,,OK
apps/web/src/lib/api/flow-signal.ts,/flow-signals/businesses/:param/role/:param,/flow-signals/businesses/:param/role/:param,FALSE,TRUE,TRUE,FlowSignalController,,,OK
apps/web/src/lib/api/flow-signal.ts,/flow-signals/businesses/:param/:param/resolve,/flow-signals/businesses/:param/:param/resolve,FALSE,TRUE,TRUE,FlowSignalController,,,OK
apps/web/src/lib/api/flow-signal.ts,/flow-signals/businesses/:param/:param/action-required,/flow-signals/businesses/:param/:param/action-required,FALSE,TRUE,TRUE,FlowSignalController,,,OK
apps/web/src/lib/api/flow-signal.ts,/flow-signals/businesses/:param/:param/snooze,/flow-signals/businesses/:param/:param/snooze,FALSE,TRUE,TRUE,FlowSignalController,,,OK
apps/web/src/lib/api/flow.ts,/api/flows/businesses/:param/templates,/api/flows/businesses/:param/templates,FALSE,TRUE,TRUE,FlowController,,,OK
apps/web/src/lib/api/flow.ts,/api/flows/businesses/:param/templates/:param/clone,/api/flows/businesses/:param/templates/:param/clone,FALSE,TRUE,TRUE,FlowController,,,OK
apps/web/src/lib/api/flow.ts,/api/flows/businesses/:param/flows,/api/flows/businesses/:param/flows,FALSE,TRUE,TRUE,FlowController,,,OK
apps/web/src/lib/api/flow.ts,/api/flows/businesses/:param/flows/:param,/api/flows/businesses/:param/flows/:param,FALSE,TRUE,TRUE,FlowController,,,OK
apps/web/src/lib/api/flow.ts,/api/flows/businesses/:param/flows/:param/publish,/api/flows/businesses/:param/flows/:param/publish,FALSE,TRUE,TRUE,FlowController,,,OK
apps/web/src/lib/api/flow.ts,/api/flows/businesses/:param/flows/:param/test,/api/flows/businesses/:param/flows/:param/test,FALSE,TRUE,TRUE,FlowController,,,OK
apps/web/src/lib/api/flow.ts,/api/flows/businesses/:param/flows/:param/runs,/api/flows/businesses/:param/flows/:param/runs,FALSE,TRUE,TRUE,FlowController,,,OK
apps/web/src/lib/api/flow.ts,/api/flows/businesses/:param/flows/:param/runs/:param/steps,/api/flows/businesses/:param/flows/:param/runs/:param/steps,FALSE,TRUE,TRUE,FlowController,,,OK
apps/web/src/lib/api/integration-hub.ts,/integration-hub/businesses/me/providers,/integration-hub/businesses/me/providers,FALSE,FALSE,,,,,NO_SERVER_ROUTE
apps/web/src/lib/api/integration-hub.ts,/integration-hub/businesses/:param/dashboard,/integration-hub/businesses/:param/dashboard,FALSE,TRUE,TRUE,IntegrationHubController,,,OK
apps/web/src/lib/api/integration-hub.ts,/integration-hub/businesses/:param/connections/:param,/integration-hub/businesses/:param/connections/:param,FALSE,TRUE,TRUE,IntegrationHubController,,,OK
apps/web/src/lib/api/integration-hub.ts,/integration-hub/businesses/:param/sync-runs,/integration-hub/businesses/:param/sync-runs,FALSE,TRUE,TRUE,IntegrationHubController,,,OK
apps/web/src/lib/api/intelligence.ts,/intelligence/businesses/:param/rules,/intelligence/businesses/:param/rules,FALSE,TRUE,TRUE,IntelligenceController,,,OK
apps/web/src/lib/api/intelligence.ts,/intelligence/businesses/:param/rules/seed,/intelligence/businesses/:param/rules/seed,FALSE,TRUE,TRUE,IntelligenceController,,,OK
apps/web/src/lib/api/intelligence.ts,/intelligence/businesses/:param/signals,/intelligence/businesses/:param/signals,FALSE,TRUE,TRUE,IntelligenceController,,,OK
apps/web/src/lib/api/intelligence.ts,/intelligence/businesses/:param/signals/:param/resolve,/intelligence/businesses/:param/signals/:param/resolve,FALSE,TRUE,TRUE,IntelligenceController,,,OK
apps/web/src/lib/api/intelligence.ts,/intelligence/businesses/:param/signals/:param/dismiss,/intelligence/businesses/:param/signals/:param/dismiss,FALSE,TRUE,TRUE,IntelligenceController,,,OK
apps/web/src/lib/api/intelligence.ts,/intelligence/businesses/:param/health,/intelligence/businesses/:param/health,FALSE,TRUE,TRUE,IntelligenceController,,,OK
apps/web/src/lib/api/intelligence.ts,/intelligence/businesses/:param/health/refresh,/intelligence/businesses/:param/health/refresh,FALSE,TRUE,TRUE,IntelligenceController,,,OK
apps/web/src/lib/api/intelligence.ts,/intelligence/businesses/:param/scan,/intelligence/businesses/:param/scan,FALSE,TRUE,TRUE,IntelligenceController,,,OK
apps/web/src/lib/api/intelligence.ts,/intelligence/businesses/:param/executive-brief,/intelligence/businesses/:param/executive-brief,FALSE,TRUE,TRUE,BusinessIntelligenceController,,,OK
apps/web/src/lib/api/intelligence.ts,/intelligence/businesses/:param/key-modes,/intelligence/businesses/:param/key-modes,FALSE,TRUE,TRUE,KeyExecutiveModeController,,,OK
apps/web/src/lib/api/intelligence.ts,/intelligence/businesses/:param/key-modes/:param,/intelligence/businesses/:param/key-modes/:param,FALSE,TRUE,TRUE,KeyExecutiveModeController,,,OK
apps/web/src/lib/api/key-agent.ts,/ai/businesses/:param/ai/agent-config,/ai/businesses/:param/ai/agent-config,FALSE,TRUE,TRUE,AiController,,,OK
apps/web/src/lib/api/key-autonomy.ts,/key-autonomy/businesses/:param/actions/proposals,/key-autonomy/businesses/:param/actions/proposals,FALSE,TRUE,TRUE,KeyActionProposalController,,,OK
apps/web/src/lib/api/key-autonomy.ts,/key-autonomy/businesses/:param/actions/proposals/:param,/key-autonomy/businesses/:param/actions/proposals/:param,FALSE,TRUE,TRUE,KeyActionProposalController,,,OK
apps/web/src/lib/api/key-autonomy.ts,/key-autonomy/businesses/:param/actions/proposals/:param/approve,/key-autonomy/businesses/:param/actions/proposals/:param/approve,FALSE,TRUE,TRUE,KeyActionProposalController,,,OK
apps/web/src/lib/api/key-autonomy.ts,/key-autonomy/businesses/:param/actions/proposals/:param/reject,/key-autonomy/businesses/:param/actions/proposals/:param/reject,FALSE,TRUE,TRUE,KeyActionProposalController,,,OK
apps/web/src/lib/api/key-autonomy.ts,/key-autonomy/businesses/:param/actions/proposals/:param/cancel,/key-autonomy/businesses/:param/actions/proposals/:param/cancel,FALSE,TRUE,TRUE,KeyActionProposalController,,,OK
apps/web/src/lib/api/key-autonomy.ts,/key-autonomy/businesses/:param/actions/proposals/:param/execute,/key-autonomy/businesses/:param/actions/proposals/:param/execute,FALSE,TRUE,TRUE,KeyActionProposalController,,,OK
apps/web/src/lib/api/key-connect.ts,/connectors/businesses/:param/statuses,/connectors/businesses/:param/statuses,FALSE,TRUE,TRUE,ConnectorController,,,OK
apps/web/src/lib/api/key-connect.ts,/connectors/businesses/:param/authenticate/:param,/connectors/businesses/:param/authenticate/:param,FALSE,TRUE,TRUE,ConnectorController,,,OK
apps/web/src/lib/api/key-connect.ts,/connectors/businesses/:param/disconnect/:param,/connectors/businesses/:param/disconnect/:param,FALSE,TRUE,TRUE,ConnectorController,,,OK
apps/web/src/lib/api/key-connect.ts,/connectors/businesses/:param/sync/:param,/connectors/businesses/:param/sync/:param,FALSE,TRUE,TRUE,ConnectorController,,,OK
apps/web/src/lib/api/key-connect.ts,/connectors/businesses/:param/test/:param,/connectors/businesses/:param/test/:param,FALSE,TRUE,TRUE,ConnectorController,,,OK
apps/web/src/lib/api/key-connect.ts,/connectors/businesses/:param/inbox-config/:param,/connectors/businesses/:param/inbox-config/:param,FALSE,TRUE,TRUE,ConnectorController,,,OK
apps/web/src/lib/api/key-connect.ts,/drive/businesses/:param/auth-url,/drive/businesses/:param/auth-url,FALSE,TRUE,TRUE,GoogleDriveController,,,OK
apps/web/src/lib/api/key-connect.ts,/drive/businesses/:param/sync,/drive/businesses/:param/sync,FALSE,TRUE,TRUE,DriveIntakeController,,,OK
apps/web/src/lib/api/key-inbox.ts,/key-inbox/businesses/:param/threads,/key-inbox/businesses/:param/threads,FALSE,TRUE,TRUE,KeyInboxController,,,OK
apps/web/src/lib/api/key-inbox.ts,/key-inbox/businesses/:param/threads/:param,/key-inbox/businesses/:param/threads/:param,FALSE,TRUE,TRUE,KeyInboxController,,,OK
apps/web/src/lib/api/key-inbox.ts,/key-inbox/businesses/:param/threads/:param/reply,/key-inbox/businesses/:param/threads/:param/reply,FALSE,TRUE,TRUE,KeyInboxController,,,OK
apps/web/src/lib/api/key-inbox.ts,/key-inbox/businesses/:param/threads/:param/analyze,/key-inbox/businesses/:param/threads/:param/analyze,FALSE,TRUE,TRUE,KeyInboxController,,,OK
apps/web/src/lib/api/key-inbox.ts,/key-inbox/businesses/:param/threads/:param/actions/:param/execute,/key-inbox/businesses/:param/threads/:param/actions/:param/execute,FALSE,TRUE,TRUE,KeyInboxController,,,OK
apps/web/src/lib/api/key-inbox.ts,/key-inbox/businesses/:param/brief,/key-inbox/businesses/:param/brief,FALSE,TRUE,TRUE,KeyInboxController,,,OK
apps/web/src/lib/api/key-inbox.ts,/key-inbox/businesses/:param/brief/generate,/key-inbox/businesses/:param/brief/generate,FALSE,TRUE,TRUE,KeyInboxController,,,OK
apps/web/src/lib/api/key-inbox.ts,/key-inbox/businesses/:param/intelligence/generate,/key-inbox/businesses/:param/intelligence/generate,FALSE,TRUE,TRUE,KeyInboxController,,,OK
apps/web/src/lib/api/key-inbox.ts,/key-inbox/businesses/:param/intelligence/latest,/key-inbox/businesses/:param/intelligence/latest,FALSE,TRUE,TRUE,KeyInboxController,,,OK
apps/web/src/lib/api/key-inbox.ts,/key-inbox/businesses/:param/intelligence,/key-inbox/businesses/:param/intelligence,FALSE,TRUE,TRUE,KeyInboxController,,,OK
apps/web/src/lib/api/key-inbox.ts,/key-inbox/businesses/:param/intelligence/:param,/key-inbox/businesses/:param/intelligence/:param,FALSE,TRUE,TRUE,KeyInboxController,,,OK
apps/web/src/lib/api/livekit.ts,/livekit/businesses/:param/voice-session,/livekit/businesses/:param/voice-session,FALSE,TRUE,TRUE,LivekitController,,,OK
apps/web/src/lib/api/livekit.ts,/livekit/businesses/:param/voice-session/:param/end,/livekit/businesses/:param/voice-session/:param/end,FALSE,TRUE,TRUE,LivekitController,,,OK
apps/web/src/lib/api/livekit.ts,/livekit/businesses/:param/rooms,/livekit/businesses/:param/rooms,FALSE,TRUE,TRUE,LivekitController,,,OK
apps/web/src/lib/api/marketing.ts,/marketing/businesses/:param/campaigns,/marketing/businesses/:param/campaigns,FALSE,TRUE,TRUE,MarketingController,,,OK
apps/web/src/lib/api/marketing.ts,/marketing/businesses/:param/campaigns/:param,/marketing/businesses/:param/campaigns/:param,FALSE,TRUE,TRUE,MarketingController,,,OK
apps/web/src/lib/api/message-intake.ts,/communications/businesses/:param/message-intake,/communications/businesses/:param/message-intake,FALSE,TRUE,TRUE,MessageIntakeController,,,OK
apps/web/src/lib/api/message-intake.ts,/communications/businesses/:param/message-intake/:param/reject,/communications/businesses/:param/message-intake/:param/reject,FALSE,TRUE,TRUE,MessageIntakeController,,,OK
apps/web/src/lib/api/omnichannel.ts,/api/communications/businesses/:param/channel-accounts,/api/communications/businesses/:param/channel-accounts,FALSE,TRUE,TRUE,OmnichannelController,,,OK
apps/web/src/lib/api/omnichannel.ts,/api/communications/businesses/:param/intents,/api/communications/businesses/:param/intents,FALSE,TRUE,TRUE,OmnichannelController,,,OK
apps/web/src/lib/api/omnichannel.ts,/api/communications/businesses/:param/intents/:param/score,/api/communications/businesses/:param/intents/:param/score,FALSE,TRUE,TRUE,OmnichannelController,,,OK
apps/web/src/lib/api/omnichannel.ts,/api/communications/businesses/:param/drafts,/api/communications/businesses/:param/drafts,FALSE,TRUE,TRUE,OmnichannelController,,,OK
apps/web/src/lib/api/omnichannel.ts,/api/communications/businesses/:param/drafts/:param/approve,/api/communications/businesses/:param/drafts/:param/approve,FALSE,TRUE,TRUE,OmnichannelController,,,OK
apps/web/src/lib/api/omnichannel.ts,/api/communications/businesses/:param/drafts/:param/reject,/api/communications/businesses/:param/drafts/:param/reject,FALSE,TRUE,TRUE,OmnichannelController,,,OK
apps/web/src/lib/api/omnichannel.ts,/api/communications/businesses/:param/drafts/:param/sent,/api/communications/businesses/:param/drafts/:param/sent,FALSE,TRUE,TRUE,OmnichannelController,,,OK
apps/web/src/lib/api/omnichannel.ts,/api/communications/businesses/:param/drafts/:param/send,/api/communications/businesses/:param/drafts/:param/send,FALSE,TRUE,TRUE,OmnichannelController,,,OK
apps/web/src/lib/api/omnichannel.ts,/api/communications/businesses/:param/drafts/:param,/api/communications/businesses/:param/drafts/:param,FALSE,TRUE,TRUE,OmnichannelController,,,OK
apps/web/src/lib/api/omnichannel.ts,/api/communications/businesses/:param/consent/:param,/api/communications/businesses/:param/consent/:param,FALSE,TRUE,TRUE,OmnichannelController,,,OK
apps/web/src/lib/api/omnichannel.ts,/api/communications/businesses/:param/consent,/api/communications/businesses/:param/consent,FALSE,TRUE,TRUE,OmnichannelController,,,OK
apps/web/src/lib/api/omnichannel.ts,/api/communications/businesses/:param/triggers,/api/communications/businesses/:param/triggers,FALSE,TRUE,TRUE,OmnichannelController,,,OK
apps/web/src/lib/api/omnichannel.ts,/api/communications/triggers/:param/toggle,/api/communications/triggers/:param/toggle,FALSE,FALSE,,,,,NO_SERVER_ROUTE
apps/web/src/lib/api/omnichannel.ts,/api/communications/businesses/:param/triggers/seed,/api/communications/businesses/:param/triggers/seed,FALSE,TRUE,TRUE,OmnichannelController,,,OK
apps/web/src/lib/api/omnichannel.ts,/api/communications/businesses/:param/unified-inbox,/api/communications/businesses/:param/unified-inbox,FALSE,TRUE,TRUE,OmnichannelController,,,OK
apps/web/src/lib/api/omnichannel.ts,/api/communications/businesses/:param/threads/:param/generate-reply,/api/communications/businesses/:param/threads/:param/generate-reply,FALSE,TRUE,TRUE,OmnichannelController,,,OK
apps/web/src/lib/api/onboarding-concierge.ts,/onboarding-concierge/businesses/:param/onboarding-state,/onboarding-concierge/businesses/:param/onboarding-state,FALSE,TRUE,TRUE,OnboardingConciergeController,,,OK
apps/web/src/lib/api/onboarding-concierge.ts,/onboarding-concierge/businesses/:param/onboarding-step,/onboarding-concierge/businesses/:param/onboarding-step,FALSE,TRUE,TRUE,OnboardingConciergeController,,,OK
apps/web/src/lib/api/onboarding-concierge.ts,/onboarding-concierge/businesses/:param/welcome,/onboarding-concierge/businesses/:param/welcome,FALSE,TRUE,TRUE,OnboardingConciergeController,,,OK
apps/web/src/lib/api/onboarding-concierge.ts,/onboarding-concierge/businesses/:param/chat,/onboarding-concierge/businesses/:param/chat,FALSE,TRUE,TRUE,OnboardingConciergeController,,,OK
apps/web/src/lib/api/onboarding-concierge.ts,/onboarding-concierge/businesses/:param/templates,/onboarding-concierge/businesses/:param/templates,FALSE,TRUE,TRUE,OnboardingConciergeController,,,OK
apps/web/src/lib/api/onboarding-concierge.ts,/onboarding-concierge/businesses/:param/templates/:param,/onboarding-concierge/businesses/:param/templates/:param,FALSE,TRUE,TRUE,OnboardingConciergeController,,,OK
apps/web/src/lib/api/onboarding-concierge.ts,/onboarding-concierge/businesses/:param/auto-configure,/onboarding-concierge/businesses/:param/auto-configure,FALSE,TRUE,TRUE,OnboardingConciergeController,,,OK
apps/web/src/lib/api/onboarding-concierge.ts,/onboarding-concierge/businesses/:param/seed-demo,/onboarding-concierge/businesses/:param/seed-demo,FALSE,TRUE,TRUE,OnboardingConciergeController,,,OK
apps/web/src/lib/api/onboarding-concierge.ts,/onboarding-concierge/businesses/:param/nudges,/onboarding-concierge/businesses/:param/nudges,FALSE,TRUE,TRUE,OnboardingConciergeController,,,OK
apps/web/src/lib/api/onboarding-concierge.ts,/onboarding-concierge/businesses/:param/nudges/:param/snooze,/onboarding-concierge/businesses/:param/nudges/:param/snooze,FALSE,TRUE,TRUE,OnboardingConciergeController,,,OK
apps/web/src/lib/api/onboarding-concierge.ts,/onboarding-concierge/businesses/:param/complete,/onboarding-concierge/businesses/:param/complete,FALSE,TRUE,TRUE,OnboardingConciergeController,,,OK
apps/web/src/lib/api/os.ts,/os/businesses/:param/command-center,/os/businesses/:param/command-center,FALSE,TRUE,TRUE,OsController,,,OK
apps/web/src/lib/api/payments-gateway.ts,/payments/businesses/:param/gateways/payables,/payments/businesses/:param/gateways/payables,FALSE,TRUE,TRUE,PaymentsOpsController,,,OK
apps/web/src/lib/api/payments-gateway.ts,/payments/create-checkout,/payments/create-checkout,FALSE,TRUE,TRUE,PaymentsController,,,OK
apps/web/src/lib/api/payroll.ts,/payroll/businesses/:param/rates,/payroll/businesses/:param/rates,FALSE,TRUE,TRUE,PayrollController,,,OK
apps/web/src/lib/api/payroll.ts,/payroll/businesses/:param/runs,/payroll/businesses/:param/runs,FALSE,TRUE,TRUE,PayrollController,,,OK
apps/web/src/lib/api/payroll.ts,/payroll/businesses/:param/runs/:param,/payroll/businesses/:param/runs/:param,FALSE,TRUE,TRUE,PayrollController,,,OK
apps/web/src/lib/api/payroll.ts,/payroll/businesses/:param/runs/:param/approve,/payroll/businesses/:param/runs/:param/approve,FALSE,TRUE,TRUE,PayrollController,,,OK
apps/web/src/lib/api/payroll.ts,/payroll/businesses/:param/runs/:param/mark-paid,/payroll/businesses/:param/runs/:param/mark-paid,FALSE,TRUE,TRUE,PayrollController,,,OK
apps/web/src/lib/api/people-flow.ts,/people-flow/businesses/:param/contacts/:param/health,/people-flow/businesses/:param/contacts/:param/health,FALSE,TRUE,TRUE,PeopleFlowController,,,OK
apps/web/src/lib/api/people-flow.ts,/people-flow/businesses/:param/segments,/people-flow/businesses/:param/segments,FALSE,TRUE,TRUE,PeopleFlowController,,,OK
apps/web/src/lib/api/product-analytics.ts,/analytics/businesses/:param/events,/analytics/businesses/:param/events,FALSE,TRUE,TRUE,ProductAnalyticsController,,,OK
apps/web/src/lib/api/product-analytics.ts,/analytics/businesses/:param/feedback,/analytics/businesses/:param/feedback,FALSE,TRUE,TRUE,ProductAnalyticsController,,,OK
apps/web/src/lib/api/product-analytics.ts,/analytics/businesses/:param/ai-quality,/analytics/businesses/:param/ai-quality,FALSE,TRUE,TRUE,ProductAnalyticsController,,,OK
apps/web/src/lib/api/product-analytics.ts,/analytics/businesses/:param/activation-funnel,/analytics/businesses/:param/activation-funnel,FALSE,TRUE,TRUE,ProductAnalyticsController,,,OK
apps/web/src/lib/api/product-cost.ts,/commerce/businesses/:param/products/:param/cost-profile,/commerce/businesses/:param/products/:param/cost-profile,FALSE,TRUE,TRUE,CommerceController,,,OK
apps/web/src/lib/api/sop.ts,/sop/businesses/:param/sops,/sop/businesses/:param/sops,FALSE,TRUE,TRUE,SopController,,,OK
apps/web/src/lib/api/sop.ts,/sop/businesses/:param/sops/:param,/sop/businesses/:param/sops/:param,FALSE,TRUE,TRUE,SopController,,,OK
apps/web/src/lib/api/staff-performance.ts,/staff-performance/businesses/:param/team-summary,/staff-performance/businesses/:param/team-summary,FALSE,TRUE,TRUE,StaffPerformanceController,,,OK
apps/web/src/lib/api/staff-performance.ts,/staff-performance/businesses/:param/scorecard,/staff-performance/businesses/:param/scorecard,FALSE,TRUE,TRUE,StaffPerformanceController,,,OK
apps/web/src/lib/api/staff-performance.ts,/staff-performance/businesses/:param/trend,/staff-performance/businesses/:param/trend,FALSE,TRUE,TRUE,StaffPerformanceController,,,OK
apps/web/src/lib/api/staff-performance.ts,/staff-performance/businesses/:param/snapshot,/staff-performance/businesses/:param/snapshot,FALSE,TRUE,TRUE,StaffPerformanceController,,,OK
apps/web/src/lib/api/store.ts,/site/businesses/:param/orders,/site/businesses/:param/orders,FALSE,TRUE,TRUE,SiteController,,,OK
apps/web/src/lib/api/store.ts,/site/businesses/:param/orders/summary,/site/businesses/:param/orders/summary,FALSE,TRUE,TRUE,SiteController,,,OK
apps/web/src/lib/api/store.ts,/site/businesses/:param/orders/:param/status,/site/businesses/:param/orders/:param/status,FALSE,TRUE,TRUE,SiteController,,,OK
apps/web/src/lib/api/store.ts,/site/businesses/:param/orders/:param/refund,/site/businesses/:param/orders/:param/refund,FALSE,TRUE,TRUE,SiteController,,,OK
apps/web/src/lib/api/store.ts,/site/businesses/:param/promo-codes,/site/businesses/:param/promo-codes,FALSE,TRUE,TRUE,SiteController,,,OK
apps/web/src/lib/api/store.ts,/site/businesses/:param/promo-codes/:param,/site/businesses/:param/promo-codes/:param,FALSE,TRUE,TRUE,SiteController,,,OK
apps/web/src/lib/api/store.ts,/site/businesses/:param/promo-codes/:param/delete,/site/businesses/:param/promo-codes/:param/delete,FALSE,TRUE,TRUE,SiteController,,,OK
apps/web/src/lib/api/store.ts,/commerce/businesses/:param/insights/margins,/commerce/businesses/:param/insights/margins,FALSE,TRUE,TRUE,CommerceInsightsController,,,OK
apps/web/src/lib/api/structure.ts,/structure/businesses/:param/org-units,/structure/businesses/:param/org-units,FALSE,TRUE,TRUE,StructureController,,,OK
apps/web/src/lib/api/structure.ts,/structure/businesses/:param/org-units/:param,/structure/businesses/:param/org-units/:param,FALSE,TRUE,TRUE,StructureController,,,OK
apps/web/src/lib/api/structure.ts,/structure/businesses/:param/job-roles,/structure/businesses/:param/job-roles,FALSE,TRUE,TRUE,StructureController,,,OK
apps/web/src/lib/api/structure.ts,/structure/businesses/:param/job-roles/:param,/structure/businesses/:param/job-roles/:param,FALSE,TRUE,TRUE,StructureController,,,OK
apps/web/src/lib/api/structure.ts,/structure/businesses/:param/assignments,/structure/businesses/:param/assignments,FALSE,TRUE,TRUE,StructureController,,,OK
apps/web/src/lib/api/structure.ts,/structure/businesses/:param/assignments/:param,/structure/businesses/:param/assignments/:param,FALSE,TRUE,TRUE,StructureController,,,OK
apps/web/src/lib/api/structure.ts,/structure/businesses/:param/delegation-rules,/structure/businesses/:param/delegation-rules,FALSE,TRUE,TRUE,StructureController,,,OK
apps/web/src/lib/api/structure.ts,/structure/businesses/:param/delegation-rules/:param,/structure/businesses/:param/delegation-rules/:param,FALSE,TRUE,TRUE,StructureController,,,OK
apps/web/src/lib/api/structure.ts,/structure/businesses/:param/tree,/structure/businesses/:param/tree,FALSE,TRUE,TRUE,StructureController,,,OK
apps/web/src/lib/api/structure.ts,/structure/businesses/:param/stats,/structure/businesses/:param/stats,FALSE,TRUE,TRUE,StructureController,,,OK
apps/web/src/lib/api/temporal-flow.ts,/temporal-flow/businesses/:param,/temporal-flow/businesses/:param,FALSE,TRUE,TRUE,TemporalFlowController,,,OK
apps/web/src/lib/api/temporal-flow.ts,/temporal-flow/businesses/:param/calendar,/temporal-flow/businesses/:param/calendar,FALSE,TRUE,TRUE,TemporalFlowController,,,OK
apps/web/src/lib/api/temporal-flow.ts,/temporal-flow/businesses/:param/reminders,/temporal-flow/businesses/:param/reminders,FALSE,TRUE,TRUE,TemporalFlowController,,,OK
apps/web/src/lib/api/temporal-flow.ts,/temporal-flow/businesses/:param/:param/resolve,/temporal-flow/businesses/:param/:param/resolve,FALSE,TRUE,TRUE,TemporalFlowController,,,OK
apps/web/src/lib/api/temporal-flow.ts,/temporal-flow/businesses/:param/analyze,/temporal-flow/businesses/:param/analyze,FALSE,TRUE,TRUE,TemporalFlowController,,,OK
apps/web/src/lib/api/temporal-flow.ts,/calendar/businesses/:param/sync/google/temporal-flow,/calendar/businesses/:param/sync/google/temporal-flow,FALSE,TRUE,TRUE,CalendarController,,,OK
apps/web/src/lib/api/temporal-flow.ts,/temporal-flow/businesses/:param/memory,/temporal-flow/businesses/:param/memory,FALSE,TRUE,TRUE,TemporalFlowController,,,OK
apps/web/src/lib/api/temporal-flow.ts,/temporal-flow/businesses/:param/memory/compact,/temporal-flow/businesses/:param/memory/compact,FALSE,TRUE,TRUE,TemporalFlowController,,,OK
apps/web/src/lib/api/temporal-flow.ts,/temporal-flow/businesses/:param/memory/detect-patterns,/temporal-flow/businesses/:param/memory/detect-patterns,FALSE,TRUE,TRUE,TemporalFlowController,,,OK
apps/web/src/lib/change-orders.ts,/change-orders/businesses/:param,/change-orders/businesses/:param,FALSE,TRUE,TRUE,ChangeOrderController,,,OK
apps/web/src/lib/change-orders.ts,/change-orders/businesses/:param/projects/:param,/change-orders/businesses/:param/projects/:param,FALSE,TRUE,TRUE,ChangeOrderController,,,OK
apps/web/src/lib/change-orders.ts,/change-orders/businesses/:param/:param,/change-orders/businesses/:param/:param,FALSE,TRUE,TRUE,ChangeOrderController,,,OK
apps/web/src/lib/client.ts,/crm/businesses/:param/contacts,/crm/businesses/:param/contacts,FALSE,TRUE,TRUE,CrmController,,,OK
apps/web/src/lib/client.ts,/crm/businesses/:param/contacts/poll,/crm/businesses/:param/contacts/poll,FALSE,TRUE,TRUE,CrmController,,,OK
apps/web/src/lib/client.ts,/crm/businesses/:param/contacts/:param,/crm/businesses/:param/contacts/:param,FALSE,TRUE,TRUE,CrmController,,,OK
apps/web/src/lib/client.ts,/bookings/businesses/:param,/bookings/businesses/:param,FALSE,TRUE,TRUE,BookingsController,,,OK
apps/web/src/lib/client.ts,/commerce/businesses/:param/products,/commerce/businesses/:param/products,FALSE,TRUE,TRUE,CommerceController,,,OK
apps/web/src/lib/client.ts,/commerce/businesses/:param/invoices,/commerce/businesses/:param/invoices,FALSE,TRUE,TRUE,CommerceController,,,OK
apps/web/src/lib/client.ts,/commerce/invoices/:param,/commerce/invoices/:param,FALSE,TRUE,TRUE,CommerceController,,,OK
apps/web/src/lib/client.ts,/crm/businesses/:param/contacts/:param/events,/crm/businesses/:param/contacts/:param/events,FALSE,TRUE,TRUE,CrmController,,,OK
apps/web/src/lib/client.ts,/crm/businesses/:param/contacts/:param/notes,/crm/businesses/:param/contacts/:param/notes,FALSE,TRUE,TRUE,CrmController,,,OK
apps/web/src/lib/client.ts,/crm/businesses/:param/contacts/:param/best-channel,/crm/businesses/:param/contacts/:param/best-channel,FALSE,TRUE,TRUE,CrmController,,,OK
apps/web/src/lib/client.ts,/crm/businesses/:param/contacts/:param/playbook,/crm/businesses/:param/contacts/:param/playbook,FALSE,TRUE,TRUE,CrmController,,,OK
apps/web/src/lib/client.ts,/crm/businesses/:param/contacts/:param/log-communication,/crm/businesses/:param/contacts/:param/log-communication,FALSE,TRUE,TRUE,CrmController,,,OK
apps/web/src/lib/client.ts,/crm/businesses/:param/contacts/:param/tasks,/crm/businesses/:param/contacts/:param/tasks,FALSE,TRUE,TRUE,CrmController,,,OK
apps/web/src/lib/client.ts,/crm/businesses/:param/notes/:param,/crm/businesses/:param/notes/:param,FALSE,TRUE,TRUE,CrmController,,,OK
apps/web/src/lib/client.ts,/crm/businesses/:param/tasks/:param,/crm/businesses/:param/tasks/:param,FALSE,TRUE,TRUE,CrmController,,,OK
apps/web/src/lib/client.ts,/crm/businesses/:param/contacts/:param/favorite,/crm/businesses/:param/contacts/:param/favorite,FALSE,TRUE,TRUE,CrmController,,,OK
apps/web/src/lib/client.ts,/crm/businesses/:param/contacts/favorites,/crm/businesses/:param/contacts/favorites,FALSE,TRUE,TRUE,CrmController,,,OK
apps/web/src/lib/client.ts,/crm/businesses/:param/deal-stages,/crm/businesses/:param/deal-stages,FALSE,TRUE,TRUE,CrmDealsController,,,OK
apps/web/src/lib/client.ts,/crm/businesses/:param/deal-stages/:param,/crm/businesses/:param/deal-stages/:param,FALSE,TRUE,TRUE,CrmDealsController,,,OK
apps/web/src/lib/client.ts,/crm/businesses/:param/deals,/crm/businesses/:param/deals,FALSE,TRUE,TRUE,CrmDealsController,,,OK
apps/web/src/lib/client.ts,/crm/businesses/:param/deals/:param,/crm/businesses/:param/deals/:param,FALSE,TRUE,TRUE,CrmDealsController,,,OK
apps/web/src/lib/client.ts,/crm/businesses/:param/accounts,/crm/businesses/:param/accounts,FALSE,TRUE,TRUE,CrmAccountsController,,,OK
apps/web/src/lib/client.ts,/crm/businesses/:param/accounts/:param/insight,/crm/businesses/:param/accounts/:param/insight,FALSE,TRUE,TRUE,CrmAccountsController,,,OK
apps/web/src/lib/client.ts,/crm/businesses/:param/accounts/:param,/crm/businesses/:param/accounts/:param,FALSE,TRUE,TRUE,CrmAccountsController,,,OK
apps/web/src/lib/client.ts,/crm/businesses/:param/contacts/:param/account-suggestion,/crm/businesses/:param/contacts/:param/account-suggestion,FALSE,TRUE,TRUE,CrmAccountsController,,,OK
apps/web/src/lib/client.ts,/crm/businesses/:param/deals/:param/move-stage,/crm/businesses/:param/deals/:param/move-stage,FALSE,TRUE,TRUE,CrmDealsController,,,OK
apps/web/src/lib/client.ts,/crm/businesses/:param/deals/:param/win,/crm/businesses/:param/deals/:param/win,FALSE,TRUE,TRUE,CrmDealsController,,,OK
apps/web/src/lib/client.ts,/crm/businesses/:param/deals/:param/lose,/crm/businesses/:param/deals/:param/lose,FALSE,TRUE,TRUE,CrmDealsController,,,OK
apps/web/src/lib/client.ts,/crm/businesses/:param/deals/intelligence/forecast,/crm/businesses/:param/deals/intelligence/forecast,FALSE,TRUE,TRUE,CrmDealsController,,,OK
apps/web/src/lib/client.ts,/crm/businesses/:param/deals/intelligence/velocity,/crm/businesses/:param/deals/intelligence/velocity,FALSE,TRUE,TRUE,CrmDealsController,,,OK
apps/web/src/lib/client.ts,/crm/businesses/:param/won-lost-reasons,/crm/businesses/:param/won-lost-reasons,FALSE,TRUE,TRUE,CrmDealsController,,,OK
apps/web/src/lib/client.ts,/crm/businesses/:param/won-lost-reasons/:param,/crm/businesses/:param/won-lost-reasons/:param,FALSE,TRUE,TRUE,CrmDealsController,,,OK
apps/web/src/lib/client.ts,/crm/businesses/:param/contacts/:param/deals,/crm/businesses/:param/contacts/:param/deals,FALSE,TRUE,TRUE,CrmDealsController,,,OK
apps/web/src/lib/client.ts,/crm/businesses/:param/autopilot-actions/:param/approve,/crm/businesses/:param/autopilot-actions/:param/approve,FALSE,TRUE,TRUE,CrmController,,,OK
apps/web/src/lib/client.ts,/crm/businesses/:param/autopilot-actions/:param/deny,/crm/businesses/:param/autopilot-actions/:param/deny,FALSE,TRUE,TRUE,CrmController,,,OK
apps/web/src/lib/client.ts,/crm/businesses/:param/contact-stats,/crm/businesses/:param/contact-stats,FALSE,TRUE,TRUE,CrmController,,,OK
apps/web/src/lib/client.ts,/crm/businesses/:param/segments,/crm/businesses/:param/segments,FALSE,TRUE,TRUE,CrmController,,,OK
apps/web/src/lib/client.ts,/crm/businesses/:param/relationship-health/settings,/crm/businesses/:param/relationship-health/settings,FALSE,TRUE,TRUE,CrmController,,,OK
apps/web/src/lib/client.ts,/crm/businesses/:param/relationship-health/at-risk,/crm/businesses/:param/relationship-health/at-risk,FALSE,TRUE,TRUE,CrmController,,,OK
apps/web/src/lib/client.ts,/crm/businesses/:param/contacts/:param/relationship-health,/crm/businesses/:param/contacts/:param/relationship-health,FALSE,TRUE,TRUE,CrmController,,,OK
apps/web/src/lib/client.ts,/crm/businesses/:param/duplicates,/crm/businesses/:param/duplicates,FALSE,TRUE,TRUE,CrmController,,,OK
apps/web/src/lib/client.ts,/crm/businesses/:param/duplicates/merges/:param/revert,/crm/businesses/:param/duplicates/merges/:param/revert,FALSE,TRUE,TRUE,CrmController,,,OK
apps/web/src/lib/client.ts,/crm/businesses/:param/highlights,/crm/businesses/:param/highlights,FALSE,TRUE,TRUE,CrmController,,,OK
apps/web/src/lib/client.ts,/crm/businesses/:param/contact-next-actions,/crm/businesses/:param/contact-next-actions,FALSE,TRUE,TRUE,CrmController,,,OK
apps/web/src/lib/client.ts,/crm/businesses/:param/contacts/:param/next-action/complete,/crm/businesses/:param/contacts/:param/next-action/complete,FALSE,TRUE,TRUE,CrmController,,,OK
apps/web/src/lib/client.ts,/crm/businesses/:param/contacts/:param/next-action/snooze,/crm/businesses/:param/contacts/:param/next-action/snooze,FALSE,TRUE,TRUE,CrmController,,,OK
apps/web/src/lib/client.ts,/crm/businesses/:param/tasks/due,/crm/businesses/:param/tasks/due,FALSE,TRUE,TRUE,CrmController,,,OK
apps/web/src/lib/client.ts,/crm/businesses/:param/contacts/bulk,/crm/businesses/:param/contacts/bulk,FALSE,TRUE,TRUE,CrmController,,,OK
apps/web/src/lib/client.ts,/crm/businesses/:param/contacts/bulk/reassign,/crm/businesses/:param/contacts/bulk/reassign,FALSE,TRUE,TRUE,CrmController,,,OK
apps/web/src/lib/client.ts,/identity/businesses/:param/team,/identity/businesses/:param/team,FALSE,TRUE,TRUE,IdentityController,,,OK
apps/web/src/lib/client.ts,/crm/businesses/:param/imports,/crm/businesses/:param/imports,FALSE,TRUE,TRUE,CrmController,,,OK
apps/web/src/lib/client.ts,/crm/businesses/:param/import/link,/crm/businesses/:param/import/link,FALSE,TRUE,TRUE,CrmController,,,OK
apps/web/src/lib/client.ts,/crm/businesses/:param/google/auth-url,/crm/businesses/:param/google/auth-url,FALSE,TRUE,TRUE,CrmGoogleController,,,OK
apps/web/src/lib/client.ts,/crm/businesses/:param/import/image/ocr,/crm/businesses/:param/import/image/ocr,FALSE,TRUE,TRUE,CrmController,,,OK
apps/web/src/lib/client.ts,/crm/businesses/:param/tasks/:param/complete,/crm/businesses/:param/tasks/:param/complete,FALSE,TRUE,TRUE,CrmController,,,OK
apps/web/src/lib/client.ts,/crm/businesses/:param/tasks/:param/reopen,/crm/businesses/:param/tasks/:param/reopen,FALSE,TRUE,TRUE,CrmController,,,OK
apps/web/src/lib/client.ts,/crm/businesses/:param/contacts/:param/merge/:param,/crm/businesses/:param/contacts/:param/merge/:param,FALSE,TRUE,TRUE,CrmController,,,OK
apps/web/src/lib/client.ts,/crm/businesses/:param/custom-field-definitions,/crm/businesses/:param/custom-field-definitions,FALSE,TRUE,TRUE,CrmCustomFieldsController,,,OK
apps/web/src/lib/client.ts,/crm/businesses/:param/custom-field-definitions/:param,/crm/businesses/:param/custom-field-definitions/:param,FALSE,TRUE,TRUE,CrmCustomFieldsController,,,OK
apps/web/src/lib/client.ts,/crm/businesses/:param/custom-field-definitions/:param/archive,/crm/businesses/:param/custom-field-definitions/:param/archive,FALSE,TRUE,TRUE,CrmCustomFieldsController,,,OK
apps/web/src/lib/client.ts,/crm/businesses/:param/custom-field-definitions/:param/restore,/crm/businesses/:param/custom-field-definitions/:param/restore,FALSE,TRUE,TRUE,CrmCustomFieldsController,,,OK
apps/web/src/lib/client.ts,/crm/businesses/:param/contacts/:param/custom-field-values,/crm/businesses/:param/contacts/:param/custom-field-values,FALSE,TRUE,TRUE,CrmCustomFieldsController,,,OK
apps/web/src/lib/client.ts,/commerce/businesses/:param/products/:param,/commerce/businesses/:param/products/:param,FALSE,TRUE,TRUE,CommerceController,,,OK
apps/web/src/lib/client.ts,/commerce/businesses/:param/products/bulk,/commerce/businesses/:param/products/bulk,FALSE,TRUE,TRUE,CommerceController,,,OK
apps/web/src/lib/client.ts,/bookings/businesses/:param/waitlist,/bookings/businesses/:param/waitlist,FALSE,TRUE,TRUE,BookingsController,,,OK
apps/web/src/lib/client.ts,/bookings/businesses/:param/waitlist/:param/offer,/bookings/businesses/:param/waitlist/:param/offer,FALSE,TRUE,TRUE,BookingsController,,,OK
apps/web/src/lib/client.ts,/bookings/businesses/:param/waitlist/:param/convert,/bookings/businesses/:param/waitlist/:param/convert,FALSE,TRUE,TRUE,BookingsController,,,OK
apps/web/src/lib/client.ts,/bookings/businesses/:param/waitlist/:param/cancel,/bookings/businesses/:param/waitlist/:param/cancel,FALSE,TRUE,TRUE,BookingsController,,,OK
apps/web/src/lib/client.ts,/bookings/businesses/:param/bookings/:param/reschedule,/bookings/businesses/:param/bookings/:param/reschedule,FALSE,TRUE,TRUE,BookingsController,,,OK
apps/web/src/lib/client.ts,/bookings/businesses/:param/bookings/:param/notes,/bookings/businesses/:param/bookings/:param/notes,FALSE,TRUE,TRUE,BookingsController,,,OK
apps/web/src/lib/client.ts,/bookings/businesses/:param/bookings/:param,/bookings/businesses/:param/bookings/:param,FALSE,TRUE,TRUE,BookingsController,,,OK
apps/web/src/lib/client.ts,/bookings/businesses/:param/reminder-settings,/bookings/businesses/:param/reminder-settings,FALSE,TRUE,TRUE,BookingsController,,,OK
apps/web/src/lib/client.ts,/bookings/businesses/:param/staff/:param/availability,/bookings/businesses/:param/staff/:param/availability,FALSE,TRUE,TRUE,BookingsController,,,OK
apps/web/src/lib/client.ts,/commerce/invoices/:param/paid,/commerce/invoices/:param/paid,FALSE,TRUE,TRUE,CommerceController,,,OK
apps/web/src/lib/client.ts,/commerce/businesses/:param/invoices/:param/payments,/commerce/businesses/:param/invoices/:param/payments,FALSE,TRUE,TRUE,CommerceController,,,OK
apps/web/src/lib/client.ts,/commerce/businesses/:param/invoices/:param/payments/from-evidence,/commerce/businesses/:param/invoices/:param/payments/from-evidence,FALSE,TRUE,TRUE,CommerceController,,,OK
apps/web/src/lib/client.ts,/commerce/businesses/:param/payments/extract-evidence,/commerce/businesses/:param/payments/extract-evidence,FALSE,TRUE,TRUE,CommerceController,,,OK
apps/web/src/lib/client.ts,/commerce/businesses/:param/invoices/:param/timeline,/commerce/businesses/:param/invoices/:param/timeline,FALSE,TRUE,TRUE,CommerceController,,,OK
apps/web/src/lib/client.ts,/commerce/businesses/:param/invoices/:param/payment-link,/commerce/businesses/:param/invoices/:param/payment-link,FALSE,TRUE,TRUE,CommerceController,,,OK
apps/web/src/lib/client.ts,/commerce/businesses/:param/invoices/:param/send-email,/commerce/businesses/:param/invoices/:param/send-email,FALSE,TRUE,TRUE,CommerceController,,,OK
apps/web/src/lib/client.ts,/commerce/businesses/:param/invoices/:param/send-reminder,/commerce/businesses/:param/invoices/:param/send-reminder,FALSE,TRUE,TRUE,CommerceController,,,OK
apps/web/src/lib/client.ts,/commerce/businesses/:param/invoices/:param/resend-receipt,/commerce/businesses/:param/invoices/:param/resend-receipt,FALSE,TRUE,TRUE,CommerceController,,,OK
apps/web/src/lib/client.ts,/commerce/public/invoice-link/:param,/commerce/public/invoice-link/:param,FALSE,TRUE,TRUE,CommerceController,,,OK
apps/web/src/lib/client.ts,/commerce/invoices/:param/status/:param,/commerce/invoices/:param/status/:param,FALSE,TRUE,TRUE,CommerceController,,,OK
apps/web/src/lib/client.ts,/commerce/businesses/:param/invoices/:param,/commerce/businesses/:param/invoices/:param,FALSE,TRUE,TRUE,CommerceController,,,OK
apps/web/src/lib/client.ts,/commerce/businesses/:param/quotes,/commerce/businesses/:param/quotes,FALSE,TRUE,TRUE,CommerceController,,,OK
apps/web/src/lib/client.ts,/commerce/quotes/:param,/commerce/quotes/:param,FALSE,TRUE,TRUE,CommerceController,,,OK
apps/web/src/lib/client.ts,/commerce/businesses/:param/quotes/:param,/commerce/businesses/:param/quotes/:param,FALSE,TRUE,TRUE,CommerceController,,,OK
apps/web/src/lib/client.ts,/commerce/quotes/:param/status/:param,/commerce/quotes/:param/status/:param,FALSE,TRUE,TRUE,CommerceController,,,OK
apps/web/src/lib/client.ts,/commerce/businesses/:param/invoices/bulk,/commerce/businesses/:param/invoices/bulk,FALSE,TRUE,TRUE,CommerceController,,,OK
apps/web/src/lib/client.ts,/commerce/businesses/:param/quotes/bulk,/commerce/businesses/:param/quotes/bulk,FALSE,TRUE,TRUE,CommerceController,,,OK
apps/web/src/lib/client.ts,/commerce/businesses/:param/quotes/:param/convert,/commerce/businesses/:param/quotes/:param/convert,FALSE,TRUE,TRUE,CommerceController,,,OK
apps/web/src/lib/client.ts,/commerce/businesses/:param/gmail/auth-url,/commerce/businesses/:param/gmail/auth-url,FALSE,TRUE,TRUE,CommerceController,,,OK
apps/web/src/lib/client.ts,/commerce/businesses/:param/gmail/status,/commerce/businesses/:param/gmail/status,FALSE,TRUE,TRUE,CommerceController,,,OK
apps/web/src/lib/client.ts,/commerce/businesses/:param/gmail,/commerce/businesses/:param/gmail,FALSE,TRUE,TRUE,CommerceController,,,OK
apps/web/src/lib/client.ts,/commerce/businesses/:param/quotes/:param/send-email,/commerce/businesses/:param/quotes/:param/send-email,FALSE,TRUE,TRUE,CommerceController,,,OK
apps/web/src/lib/client.ts,/commerce/businesses/:param/quotes/stale,/commerce/businesses/:param/quotes/stale,FALSE,TRUE,TRUE,CommerceController,,,OK
apps/web/src/lib/client.ts,/commerce/businesses/:param/quotes/:param/follow-up,/commerce/businesses/:param/quotes/:param/follow-up,FALSE,TRUE,TRUE,CommerceController,,,OK
apps/web/src/lib/client.ts,/commerce/public/quotes/:param,/commerce/public/quotes/:param,FALSE,TRUE,TRUE,CommerceController,,,OK
apps/web/src/lib/client.ts,/commerce/public/quotes/:param/accept,/commerce/public/quotes/:param/accept,FALSE,TRUE,TRUE,CommerceController,,,OK
apps/web/src/lib/client.ts,/commerce/public/quotes/:param/reject,/commerce/public/quotes/:param/reject,FALSE,TRUE,TRUE,CommerceController,,,OK
apps/web/src/lib/client.ts,/identity/signup,/identity/signup,FALSE,TRUE,TRUE,IdentityController,,,OK
apps/web/src/lib/client.ts,/identity/resend-verification,/identity/resend-verification,FALSE,TRUE,TRUE,IdentityController,,,OK
apps/web/src/lib/client.ts,/identity/me,/identity/me,FALSE,TRUE,TRUE,IdentityController,,,OK
apps/web/src/lib/client.ts,/identity/businesses/:param,/identity/businesses/:param,FALSE,TRUE,TRUE,IdentityController,,,OK
apps/web/src/lib/client.ts,/bookings/businesses/:param/services,/bookings/businesses/:param/services,FALSE,TRUE,TRUE,BookingsController,,,OK
apps/web/src/lib/client.ts,/bookings/businesses/:param/services/:param,/bookings/businesses/:param/services/:param,FALSE,TRUE,TRUE,BookingsController,,,OK
apps/web/src/lib/client.ts,/bookings/businesses/:param/staff,/bookings/businesses/:param/staff,FALSE,TRUE,TRUE,BookingsController,,,OK
apps/web/src/lib/client.ts,/social/businesses/:param/posts,/social/businesses/:param/posts,FALSE,TRUE,TRUE,SocialController,,,OK
apps/web/src/lib/client.ts,/social/businesses/:param/posts/schedule,/social/businesses/:param/posts/schedule,FALSE,TRUE,TRUE,SocialController,,,OK
apps/web/src/lib/client.ts,/social/businesses/:param/recent-posts,/social/businesses/:param/recent-posts,FALSE,TRUE,TRUE,SocialController,,,OK
apps/web/src/lib/client.ts,/social/businesses/:param/posts/:param,/social/businesses/:param/posts/:param,FALSE,TRUE,TRUE,SocialController,,,OK
apps/web/src/lib/client.ts,/social/businesses/:param/posts/:param/publish,/social/businesses/:param/posts/:param/publish,FALSE,TRUE,TRUE,SocialController,,,OK
apps/web/src/lib/client.ts,/social/businesses/:param/connections,/social/businesses/:param/connections,FALSE,TRUE,TRUE,SocialController,,,OK
apps/web/src/lib/client.ts,/social/businesses/:param/connections/:param/oauth/start,/social/businesses/:param/connections/:param/oauth/start,FALSE,TRUE,TRUE,SocialController,,,OK
apps/web/src/lib/client.ts,/social/businesses/:param/connections/:param/oauth/callback,/social/businesses/:param/connections/:param/oauth/callback,FALSE,TRUE,TRUE,SocialController,,,OK
apps/web/src/lib/client.ts,/social/businesses/:param/connections/:param/manual,/social/businesses/:param/connections/:param/manual,FALSE,TRUE,TRUE,SocialController,,,OK
apps/web/src/lib/client.ts,/social/businesses/:param/connections/:param,/social/businesses/:param/connections/:param,FALSE,TRUE,TRUE,SocialController,,,OK
apps/web/src/lib/client.ts,/social/businesses/:param/connections/:param/test,/social/businesses/:param/connections/:param/test,FALSE,TRUE,TRUE,SocialController,,,OK
apps/web/src/lib/client.ts,/social/businesses/:param/analytics,/social/businesses/:param/analytics,FALSE,TRUE,TRUE,SocialController,,,OK
apps/web/src/lib/client.ts,/social/businesses/:param/account-metrics,/social/businesses/:param/account-metrics,FALSE,TRUE,TRUE,SocialController,,,OK
apps/web/src/lib/client.ts,/automation/businesses/:param/playbooks,/automation/businesses/:param/playbooks,FALSE,TRUE,TRUE,AutomationController,,,OK
apps/web/src/lib/client.ts,/automation/businesses/:param/playbooks/:param/test-run,/automation/businesses/:param/playbooks/:param/test-run,FALSE,TRUE,TRUE,AutomationController,,,OK
apps/web/src/lib/client.ts,/automation/businesses/:param/key/interpret,/automation/businesses/:param/key/interpret,FALSE,TRUE,TRUE,AutomationController,,,OK
apps/web/src/lib/client.ts,/automation/businesses/:param/key/build,/automation/businesses/:param/key/build,FALSE,TRUE,TRUE,AutomationController,,,OK
apps/web/src/lib/client.ts,/automation/businesses/:param/key/execute,/automation/businesses/:param/key/execute,FALSE,TRUE,TRUE,AutomationController,,,OK
apps/web/src/lib/client.ts,/automation/businesses/:param/key/talk,/automation/businesses/:param/key/talk,FALSE,TRUE,TRUE,AutomationController,,,OK
apps/web/src/lib/client.ts,/autopilot/businesses/:param/key/interpret,/autopilot/businesses/:param/key/interpret,FALSE,TRUE,TRUE,AutopilotController,,,OK
apps/web/src/lib/client.ts,/autopilot/businesses/:param/key/build,/autopilot/businesses/:param/key/build,FALSE,TRUE,TRUE,AutopilotController,,,OK
apps/web/src/lib/client.ts,/autopilot/businesses/:param/key/execute,/autopilot/businesses/:param/key/execute,FALSE,TRUE,TRUE,AutopilotController,,,OK
apps/web/src/lib/client.ts,/autopilot/businesses/:param/key/talk,/autopilot/businesses/:param/key/talk,FALSE,TRUE,TRUE,AutopilotController,,,OK
apps/web/src/lib/client.ts,/calendar/businesses/:param/key/interpret,/calendar/businesses/:param/key/interpret,FALSE,TRUE,TRUE,CalendarController,,,OK
apps/web/src/lib/client.ts,/calendar/businesses/:param/key/build,/calendar/businesses/:param/key/build,FALSE,TRUE,TRUE,CalendarController,,,OK
apps/web/src/lib/client.ts,/calendar/businesses/:param/key/execute,/calendar/businesses/:param/key/execute,FALSE,TRUE,TRUE,CalendarController,,,OK
apps/web/src/lib/client.ts,/calendar/businesses/:param/key/talk,/calendar/businesses/:param/key/talk,FALSE,TRUE,TRUE,CalendarController,,,OK
apps/web/src/lib/client.ts,/bookings/businesses/:param/calendar/auth-url,/bookings/businesses/:param/calendar/auth-url,FALSE,TRUE,TRUE,BookingsController,,,OK
apps/web/src/lib/client.ts,/bookings/businesses/:param/calendar/status,/bookings/businesses/:param/calendar/status,FALSE,TRUE,TRUE,BookingsController,,,OK
apps/web/src/lib/client.ts,/bookings/businesses/:param/calendar/disconnect,/bookings/businesses/:param/calendar/disconnect,FALSE,TRUE,TRUE,BookingsController,,,OK
apps/web/src/lib/client.ts,/bookings/businesses/:param/bookings/:param/sync-calendar,/bookings/businesses/:param/bookings/:param/sync-calendar,FALSE,TRUE,TRUE,BookingsController,,,OK
apps/web/src/lib/client.ts,/bookings/businesses/:param/calendar/events,/bookings/businesses/:param/calendar/events,FALSE,TRUE,TRUE,BookingsController,,,OK
apps/web/src/lib/client.ts,/bookings/businesses/:param/bookings/:param/status,/bookings/businesses/:param/bookings/:param/status,FALSE,TRUE,TRUE,BookingsController,,,OK
apps/web/src/lib/client.ts,/bookings/businesses/:param/bookings/:param/create-invoice,/bookings/businesses/:param/bookings/:param/create-invoice,FALSE,TRUE,TRUE,BookingsController,,,OK
apps/web/src/lib/client.ts,/crm/businesses/:param/contacts/:param/revenue-summary,/crm/businesses/:param/contacts/:param/revenue-summary,FALSE,TRUE,TRUE,CrmController,,,OK
apps/web/src/lib/client.ts,/bookings/businesses/:param/stats,/bookings/businesses/:param/stats,FALSE,TRUE,TRUE,BookingsController,,,OK
apps/web/src/lib/client.ts,/bookings/businesses/:param/optimizer/schedule-health,/bookings/businesses/:param/optimizer/schedule-health,FALSE,TRUE,TRUE,BookingsController,,,OK
apps/web/src/lib/client.ts,/api/flows/businesses/:param/cockpit,/api/flows/businesses/:param/cockpit,FALSE,TRUE,TRUE,FlowController,,,OK
apps/web/src/lib/client.ts,/autopilot/businesses/:param/tasks/today,/autopilot/businesses/:param/tasks/today,FALSE,TRUE,TRUE,AutopilotController,,,OK
apps/web/src/lib/client.ts,/autopilot/businesses/:param/tasks,/autopilot/businesses/:param/tasks,FALSE,TRUE,TRUE,AutopilotController,,,OK
apps/web/src/lib/client.ts,/autopilot/businesses/:param/tasks/:param/status,/autopilot/businesses/:param/tasks/:param/status,FALSE,TRUE,TRUE,AutopilotController,,,OK
apps/web/src/lib/client.ts,/autopilot/businesses/:param/tasks/:param/approve,/autopilot/businesses/:param/tasks/:param/approve,FALSE,TRUE,TRUE,AutopilotController,,,OK
apps/web/src/lib/client.ts,/autopilot/businesses/:param/tasks/:param/deny,/autopilot/businesses/:param/tasks/:param/deny,FALSE,TRUE,TRUE,AutopilotController,,,OK
apps/web/src/lib/client.ts,/autopilot/businesses/:param/tasks/generate-setup,/autopilot/businesses/:param/tasks/generate-setup,FALSE,TRUE,TRUE,AutopilotController,,,OK
apps/web/src/lib/client.ts,/autopilot/businesses/:param/stats,/autopilot/businesses/:param/stats,FALSE,TRUE,TRUE,AutopilotController,,,OK
apps/web/src/lib/client.ts,/autopilot/businesses/:param/alerts,/autopilot/businesses/:param/alerts,FALSE,TRUE,TRUE,AutopilotController,,,OK
apps/web/src/lib/client.ts,/autopilot/businesses/:param/actions/:param/draft,/autopilot/businesses/:param/actions/:param/draft,FALSE,TRUE,TRUE,AutopilotController,,,OK
apps/web/src/lib/client.ts,/autopilot/businesses/:param/actions/:param/execute,/autopilot/businesses/:param/actions/:param/execute,FALSE,TRUE,TRUE,AutopilotController,,,OK
apps/web/src/lib/client.ts,/autopilot/businesses/:param/settings,/autopilot/businesses/:param/settings,FALSE,TRUE,TRUE,AutopilotController,,,OK
apps/web/src/lib/client.ts,/momentum/businesses/:param/recommendations,/momentum/businesses/:param/recommendations,FALSE,TRUE,TRUE,MomentumController,,,OK
apps/web/src/lib/client.ts,/momentum/businesses/:param/recommendations/:param/action,/momentum/businesses/:param/recommendations/:param/action,FALSE,TRUE,TRUE,MomentumController,,,OK
apps/web/src/lib/client.ts,/momentum/businesses/:param/recommendations/:param/snooze,/momentum/businesses/:param/recommendations/:param/snooze,FALSE,TRUE,TRUE,MomentumController,,,OK
apps/web/src/lib/client.ts,/momentum/businesses/:param/recommendations/:param/dismiss,/momentum/businesses/:param/recommendations/:param/dismiss,FALSE,TRUE,TRUE,MomentumController,,,OK
apps/web/src/lib/client.ts,/momentum/businesses/:param/recommendations/:param/draft,/momentum/businesses/:param/recommendations/:param/draft,FALSE,TRUE,TRUE,MomentumController,,,OK
apps/web/src/lib/client.ts,/momentum/businesses/:param/contacts/:param,/momentum/businesses/:param/contacts/:param,FALSE,TRUE,TRUE,MomentumController,,,OK
apps/web/src/lib/client.ts,/momentum/businesses/:param/contacts/:param/history,/momentum/businesses/:param/contacts/:param/history,FALSE,TRUE,TRUE,MomentumController,,,OK
apps/web/src/lib/client.ts,/momentum/businesses/:param/summary,/momentum/businesses/:param/summary,FALSE,TRUE,TRUE,MomentumController,,,OK
apps/web/src/lib/client.ts,/momentum/businesses/:param/sweep,/momentum/businesses/:param/sweep,FALSE,TRUE,TRUE,MomentumController,,,OK
apps/web/src/lib/client.ts,/crm/businesses/:param/flow-intelligence,/crm/businesses/:param/flow-intelligence,FALSE,TRUE,TRUE,CrmController,,,OK
apps/web/src/lib/client.ts,/crm/businesses/:param/ai-next-actions,/crm/businesses/:param/ai-next-actions,FALSE,TRUE,TRUE,CrmController,,,OK
apps/web/src/lib/client.ts,/crm/businesses/:param/next-actions,/crm/businesses/:param/next-actions,FALSE,TRUE,TRUE,CrmController,,,OK
apps/web/src/lib/client.ts,/crm/businesses/:param/next-actions/:param/complete,/crm/businesses/:param/next-actions/:param/complete,FALSE,TRUE,TRUE,CrmController,,,OK
apps/web/src/lib/client.ts,/crm/businesses/:param/autopilot-actions,/crm/businesses/:param/autopilot-actions,FALSE,TRUE,TRUE,CrmController,,,OK
apps/web/src/lib/client.ts,/crm/businesses/:param/contacts/:param/health-metrics,/crm/businesses/:param/contacts/:param/health-metrics,FALSE,TRUE,TRUE,CrmController,,,OK
apps/web/src/lib/client.ts,/crm/businesses/:param/contacts/:param/dossier,/crm/businesses/:param/contacts/:param/dossier,FALSE,TRUE,TRUE,CrmController,,,OK
apps/web/src/lib/client.ts,/crm/businesses/:param/contacts/:param/journey,/crm/businesses/:param/contacts/:param/journey,FALSE,TRUE,TRUE,CrmController,,,OK
apps/web/src/lib/client.ts,/crm/businesses/:param/contacts/:param/cross-journey,/crm/businesses/:param/contacts/:param/cross-journey,FALSE,TRUE,TRUE,CrmController,,,OK
apps/web/src/lib/client.ts,/crm/businesses/:param/predictive-revenue,/crm/businesses/:param/predictive-revenue,FALSE,TRUE,TRUE,CrmController,,,OK
apps/web/src/lib/client.ts,/crm/businesses/:param/financial-growth,/crm/businesses/:param/financial-growth,FALSE,TRUE,TRUE,CrmController,,,OK
apps/web/src/lib/client.ts,/crm/businesses/:param/contacts/:param/conversation-context,/crm/businesses/:param/contacts/:param/conversation-context,FALSE,TRUE,TRUE,CrmController,,,OK
apps/web/src/lib/client.ts,/crm/businesses/:param/contacts/:param/ai-insight,/crm/businesses/:param/contacts/:param/ai-insight,FALSE,TRUE,TRUE,CrmAiController,,,OK
apps/web/src/lib/client.ts,/crm/businesses/:param/contacts/:param/insight-card,/crm/businesses/:param/contacts/:param/insight-card,FALSE,TRUE,TRUE,CrmAiController,,,OK
apps/web/src/lib/client.ts,/crm/businesses/:param/contacts/:param/insight-card/recompute,/crm/businesses/:param/contacts/:param/insight-card/recompute,FALSE,TRUE,TRUE,CrmAiController,,,OK
apps/web/src/lib/client.ts,/api/flows/businesses/:param/search,/api/flows/businesses/:param/search,FALSE,TRUE,TRUE,FlowController,,,OK
apps/web/src/lib/client.ts,/projects/businesses/:param,/projects/businesses/:param,FALSE,TRUE,TRUE,ProjectsController,,,OK
apps/web/src/lib/client.ts,/projects/businesses/:param/projects/:param,/projects/businesses/:param/projects/:param,FALSE,TRUE,TRUE,ProjectsController,,,OK
apps/web/src/lib/client.ts,/projects/businesses/:param/projects/:param/tasks,/projects/businesses/:param/projects/:param/tasks,FALSE,TRUE,TRUE,ProjectsController,,,OK
apps/web/src/lib/client.ts,/projects/businesses/:param/tasks/:param,/projects/businesses/:param/tasks/:param,FALSE,TRUE,TRUE,ProjectsController,,,OK
apps/web/src/lib/client.ts,/projects/businesses/:param/templates,/projects/businesses/:param/templates,FALSE,TRUE,TRUE,ProjectsController,,,OK
apps/web/src/lib/client.ts,/projects/businesses/:param/templates/:param,/projects/businesses/:param/templates/:param,FALSE,TRUE,TRUE,ProjectsController,,,OK
apps/web/src/lib/client.ts,/projects/businesses/:param/from-template/:param,/projects/businesses/:param/from-template/:param,FALSE,TRUE,TRUE,ProjectsController,,,OK
apps/web/src/lib/client.ts,/helpdesk/businesses/:param/tickets,/helpdesk/businesses/:param/tickets,FALSE,TRUE,TRUE,HelpdeskController,,,OK
apps/web/src/lib/client.ts,/helpdesk/businesses/:param/tickets/:param,/helpdesk/businesses/:param/tickets/:param,FALSE,TRUE,TRUE,HelpdeskController,,,OK
apps/web/src/lib/client.ts,/site/businesses/:param/storefront,/site/businesses/:param/storefront,FALSE,TRUE,TRUE,SiteController,,,OK
apps/web/src/lib/client.ts,/site/businesses/:param/analytics,/site/businesses/:param/analytics,FALSE,TRUE,TRUE,SiteController,,,OK
apps/web/src/lib/client.ts,/commerce/businesses/:param/store/graph,/commerce/businesses/:param/store/graph,FALSE,TRUE,TRUE,CommerceController,,,OK
apps/web/src/lib/client.ts,/commerce/businesses/:param/store/readiness,/commerce/businesses/:param/store/readiness,FALSE,TRUE,TRUE,CommerceController,,,OK
apps/web/src/lib/client.ts,/site/businesses/:param/conversion-funnel,/site/businesses/:param/conversion-funnel,FALSE,TRUE,TRUE,SiteController,,,OK
apps/web/src/lib/client.ts,/site/businesses/:param/product-health,/site/businesses/:param/product-health,FALSE,TRUE,TRUE,SiteController,,,OK
apps/web/src/lib/client.ts,/site/businesses/:param/seo-health,/site/businesses/:param/seo-health,FALSE,TRUE,TRUE,SiteController,,,OK
apps/web/src/lib/client.ts,/site/businesses/:param/conversion-suggestions,/site/businesses/:param/conversion-suggestions,FALSE,TRUE,TRUE,SiteController,,,OK
apps/web/src/lib/client.ts,/expenses/businesses/:param/expenses,/expenses/businesses/:param/expenses,FALSE,TRUE,TRUE,ExpensesController,,,OK
apps/web/src/lib/client.ts,/expenses/businesses/:param/expenses/:param,/expenses/businesses/:param/expenses/:param,FALSE,TRUE,TRUE,ExpensesController,,,OK
apps/web/src/lib/client.ts,/expenses/businesses/:param/expense-categories,/expenses/businesses/:param/expense-categories,FALSE,TRUE,TRUE,ExpensesController,,,OK
apps/web/src/lib/client.ts,/expenses/businesses/:param/expense-categories/:param,/expenses/businesses/:param/expense-categories/:param,FALSE,TRUE,TRUE,ExpensesController,,,OK
apps/web/src/lib/client.ts,/expenses/businesses/:param/expenses/summary,/expenses/businesses/:param/expenses/summary,FALSE,TRUE,TRUE,ExpensesController,,,OK
apps/web/src/lib/client.ts,/expenses/businesses/:param/expenses/margin-analysis,/expenses/businesses/:param/expenses/margin-analysis,FALSE,TRUE,TRUE,ExpensesController,,,OK
apps/web/src/lib/client.ts,/expenses/businesses/:param/expenses/by-project/:param,/expenses/businesses/:param/expenses/by-project/:param,FALSE,TRUE,TRUE,ExpensesController,,,OK
apps/web/src/lib/client.ts,/expenses/businesses/:param/expenses/by-service/:param,/expenses/businesses/:param/expenses/by-service/:param,FALSE,TRUE,TRUE,ExpensesController,,,OK
apps/web/src/lib/client.ts,/expenses/businesses/:param/expenses/recurring-candidates,/expenses/businesses/:param/expenses/recurring-candidates,FALSE,TRUE,TRUE,ExpensesController,,,OK
apps/web/src/lib/client.ts,/expenses/businesses/:param/expenses/vendors,/expenses/businesses/:param/expenses/vendors,FALSE,TRUE,TRUE,ExpensesController,,,OK
apps/web/src/lib/client.ts,/expenses/businesses/:param/expense-budgets,/expenses/businesses/:param/expense-budgets,FALSE,TRUE,TRUE,ExpensesController,,,OK
apps/web/src/lib/client.ts,/expenses/businesses/:param/expense-budgets/:param,/expenses/businesses/:param/expense-budgets/:param,FALSE,TRUE,TRUE,ExpensesController,,,OK
apps/web/src/lib/client.ts,/expenses/businesses/:param/recurring,/expenses/businesses/:param/recurring,FALSE,TRUE,TRUE,RecurringExpensesController,,,OK
apps/web/src/lib/client.ts,/expenses/businesses/:param/recurring/:param,/expenses/businesses/:param/recurring/:param,FALSE,TRUE,TRUE,RecurringExpensesController,,,OK
apps/web/src/lib/client.ts,/expenses/businesses/:param/recurring/:param/run,/expenses/businesses/:param/recurring/:param/run,FALSE,TRUE,TRUE,RecurringExpensesController,,,OK
apps/web/src/lib/client.ts,/commerce/businesses/:param/recurring-invoices,/commerce/businesses/:param/recurring-invoices,FALSE,TRUE,TRUE,RecurringInvoiceController,,,OK
apps/web/src/lib/client.ts,/commerce/businesses/:param/recurring-invoices/:param,/commerce/businesses/:param/recurring-invoices/:param,FALSE,TRUE,TRUE,RecurringInvoiceController,,,OK
apps/web/src/lib/client.ts,/commerce/businesses/:param/recurring-invoices/:param/:param,/commerce/businesses/:param/recurring-invoices/:param/:param,FALSE,FALSE,,,/commerce/businesses/:businessId/recurring-invoices/:id/history /commerce/businesses/:businessId/recurring-invoices/:id/pause /commerce/businesses/:businessId/recurring-invoices/:id/resume,,UNVERIFIED
apps/web/src/lib/client.ts,/commerce/businesses/:param/recurring-invoices/:param/history,/commerce/businesses/:param/recurring-invoices/:param/history,FALSE,TRUE,TRUE,RecurringInvoiceController,,,OK
apps/web/src/lib/client.ts,/commerce/businesses/:param/payments,/commerce/businesses/:param/payments,FALSE,TRUE,TRUE,CommerceController,,,OK
apps/web/src/lib/client.ts,/commerce/businesses/:param/payments/:param/refund,/commerce/businesses/:param/payments/:param/refund,FALSE,TRUE,TRUE,CommerceController,,,OK
apps/web/src/lib/client.ts,/commerce/businesses/:param/payments/:param/retry,/commerce/businesses/:param/payments/:param/retry,FALSE,TRUE,TRUE,CommerceController,,,OK
apps/web/src/lib/client.ts,/commerce/businesses/:param/invoices/:param/receipt/resend,/commerce/businesses/:param/invoices/:param/receipt/resend,FALSE,TRUE,TRUE,CommerceController,,,OK
apps/web/src/lib/client.ts,/ai/businesses/:param/ai/chat,/ai/businesses/:param/ai/chat,FALSE,TRUE,TRUE,AiController,,,OK
apps/web/src/lib/client.ts,/ai/businesses/:param/ai/briefing,/ai/businesses/:param/ai/briefing,FALSE,TRUE,TRUE,AiController,,,OK
apps/web/src/lib/client.ts,/ai/businesses/:param/ai/cash-flow-forecast,/ai/businesses/:param/ai/cash-flow-forecast,FALSE,TRUE,TRUE,AiController,,,OK
apps/web/src/lib/client.ts,/ai/businesses/:param/flow/chat,/ai/businesses/:param/flow/chat,FALSE,TRUE,TRUE,AiFlowController,,,OK
apps/web/src/lib/client.ts,/ai/businesses/:param/flow/confirm,/ai/businesses/:param/flow/confirm,FALSE,TRUE,TRUE,AiFlowController,,,OK
apps/web/src/lib/client.ts,/ai/businesses/:param/flow/sessions,/ai/businesses/:param/flow/sessions,FALSE,TRUE,TRUE,AiFlowController,,,OK
apps/web/src/lib/client.ts,/ai/businesses/:param/flow/sessions/:param/clear,/ai/businesses/:param/flow/sessions/:param/clear,FALSE,TRUE,TRUE,AiFlowController,,,OK
apps/web/src/lib/client.ts,/ai/businesses/:param/flow/sessions/:param,/ai/businesses/:param/flow/sessions/:param,FALSE,TRUE,TRUE,AiFlowController,,,OK
apps/web/src/lib/client.ts,/ai/businesses/:param/ai/graph,/ai/businesses/:param/ai/graph,FALSE,TRUE,TRUE,AiController,,,OK
apps/web/src/lib/client.ts,/ai/businesses/:param/ai/intent,/ai/businesses/:param/ai/intent,FALSE,TRUE,TRUE,AiController,,,OK
apps/web/src/lib/client.ts,/ai/businesses/:param/ai/plan,/ai/businesses/:param/ai/plan,FALSE,TRUE,TRUE,AiController,,,OK
apps/web/src/lib/client.ts,/ai/businesses/:param/ai/plans,/ai/businesses/:param/ai/plans,FALSE,TRUE,TRUE,AiController,,,OK
apps/web/src/lib/client.ts,/ai/businesses/:param/ai/plans/:param,/ai/businesses/:param/ai/plans/:param,FALSE,TRUE,TRUE,AiController,,,OK
apps/web/src/lib/client.ts,/ai/businesses/:param/ai/plans/:param/approve,/ai/businesses/:param/ai/plans/:param/approve,FALSE,TRUE,TRUE,AiController,,,OK
apps/web/src/lib/client.ts,/ai/businesses/:param/flow/execute-plan/:param,/ai/businesses/:param/flow/execute-plan/:param,FALSE,TRUE,TRUE,AiFlowController,,,OK
apps/web/src/lib/client.ts,/graph/business/:param,/graph/business/:param,FALSE,TRUE,TRUE,GraphActionsController,,,OK
apps/web/src/lib/client.ts,/actions/businesses/:param/plan,/actions/businesses/:param/plan,FALSE,TRUE,TRUE,GraphActionsController,,,OK
apps/web/src/lib/client.ts,/actions/businesses/:param/execute,/actions/businesses/:param/execute,FALSE,TRUE,TRUE,GraphActionsController,,,OK
apps/web/src/lib/client.ts,/actions/businesses/:param/queue,/actions/businesses/:param/queue,FALSE,TRUE,TRUE,GraphActionsController,,,OK
apps/web/src/lib/client.ts,/autopilot/businesses/:param/coverage,/autopilot/businesses/:param/coverage,FALSE,TRUE,TRUE,GraphActionsController,,,OK
apps/web/src/lib/client.ts,/ai/businesses/:param/ai/execution-logs,/ai/businesses/:param/ai/execution-logs,FALSE,TRUE,TRUE,AiController,,,OK
apps/web/src/lib/client.ts,/ai/businesses/:param/ai/execution-stats,/ai/businesses/:param/ai/execution-stats,FALSE,TRUE,TRUE,AiController,,,OK
apps/web/src/lib/client.ts,/ai/businesses/:param/ai/approvals,/ai/businesses/:param/ai/approvals,FALSE,TRUE,TRUE,AiController,,,OK
apps/web/src/lib/client.ts,/ai/businesses/:param/ai/approvals/history,/ai/businesses/:param/ai/approvals/history,FALSE,TRUE,TRUE,AiController,,,OK
apps/web/src/lib/client.ts,/ai/businesses/:param/ai/approvals/:param/resolve,/ai/businesses/:param/ai/approvals/:param/resolve,FALSE,TRUE,TRUE,AiController,,,OK
apps/web/src/lib/client.ts,/ai/businesses/:param/ai/approvals/batch-resolve,/ai/businesses/:param/ai/approvals/batch-resolve,FALSE,TRUE,TRUE,AiController,,,OK
apps/web/src/lib/client.ts,/ai/businesses/:param/ai/monitoring/insights,/ai/businesses/:param/ai/monitoring/insights,FALSE,TRUE,TRUE,AiController,,,OK
apps/web/src/lib/client.ts,/ai/businesses/:param/ai/suggestions,/ai/businesses/:param/ai/suggestions,FALSE,TRUE,TRUE,AiController,,,OK
apps/web/src/lib/client.ts,/ai/businesses/:param/ai/suggestions/refresh,/ai/businesses/:param/ai/suggestions/refresh,FALSE,TRUE,TRUE,AiController,,,OK
apps/web/src/lib/client.ts,/ai/businesses/:param/ai/suggestions/:param/dismiss,/ai/businesses/:param/ai/suggestions/:param/dismiss,FALSE,TRUE,TRUE,AiController,,,OK
apps/web/src/lib/client.ts,/ai/businesses/:param/ai/suggestions/:param/block,/ai/businesses/:param/ai/suggestions/:param/block,FALSE,TRUE,TRUE,AiController,,,OK
apps/web/src/lib/client.ts,/ai/businesses/:param/ai/workspace-recommendations,/ai/businesses/:param/ai/workspace-recommendations,FALSE,TRUE,TRUE,AiController,,,OK
apps/web/src/lib/client.ts,/ai/businesses/:param/ai/automation-coverage,/ai/businesses/:param/ai/automation-coverage,FALSE,TRUE,TRUE,AiController,,,OK
apps/web/src/lib/client.ts,/ai/businesses/:param/ai/cross-module-links,/ai/businesses/:param/ai/cross-module-links,FALSE,TRUE,TRUE,AiController,,,OK
apps/web/src/lib/client.ts,/ai/businesses/:param/ai/profile/chat,/ai/businesses/:param/ai/profile/chat,FALSE,TRUE,TRUE,AiController,,,OK
apps/web/src/lib/client.ts,/ai/businesses/:param/ai/profile/confirm,/ai/businesses/:param/ai/profile/confirm,FALSE,TRUE,TRUE,AiController,,,OK
apps/web/src/lib/client.ts,/ai/businesses/:param/ai/profile/status,/ai/businesses/:param/ai/profile/status,FALSE,TRUE,TRUE,AiController,,,OK
apps/web/src/lib/client.ts,/ai/businesses/:param/ai/governance,/ai/businesses/:param/ai/governance,FALSE,TRUE,TRUE,AiController,,,OK
apps/web/src/lib/client.ts,/ai/businesses/:param/ai/memory,/ai/businesses/:param/ai/memory,FALSE,TRUE,TRUE,AiController,,,OK
apps/web/src/lib/client.ts,/ai/businesses/:param/ai/memory/bulk,/ai/businesses/:param/ai/memory/bulk,FALSE,TRUE,TRUE,AiController,,,OK
apps/web/src/lib/client.ts,/ai/businesses/:param/ai/memory/:param/:param,/ai/businesses/:param/ai/memory/:param/:param,FALSE,TRUE,TRUE,AiController,,,OK
apps/web/src/lib/client.ts,/ai/businesses/:param/ai/memory/context,/ai/businesses/:param/ai/memory/context,FALSE,TRUE,TRUE,AiController,,,OK
apps/web/src/lib/client.ts,/ai/businesses/:param/ai/memory/summarize-patterns,/ai/businesses/:param/ai/memory/summarize-patterns,FALSE,TRUE,TRUE,AiController,,,OK
apps/web/src/lib/client.ts,/ai/businesses/:param/ai/strategic/dashboard,/ai/businesses/:param/ai/strategic/dashboard,FALSE,TRUE,TRUE,AiController,,,OK
apps/web/src/lib/client.ts,/ai/businesses/:param/ai/strategic/revenue-forecast,/ai/businesses/:param/ai/strategic/revenue-forecast,FALSE,TRUE,TRUE,AiController,,,OK
apps/web/src/lib/client.ts,/ai/businesses/:param/ai/strategic/profitability,/ai/businesses/:param/ai/strategic/profitability,FALSE,TRUE,TRUE,AiController,,,OK
apps/web/src/lib/client.ts,/ai/businesses/:param/ai/strategic/pricing-advisor,/ai/businesses/:param/ai/strategic/pricing-advisor,FALSE,TRUE,TRUE,AiController,,,OK
apps/web/src/lib/client.ts,/ai/businesses/:param/ai/strategic/seasonal-patterns,/ai/businesses/:param/ai/strategic/seasonal-patterns,FALSE,TRUE,TRUE,AiController,,,OK
apps/web/src/lib/client.ts,/ai/businesses/:param/ai/strategic/opportunities,/ai/businesses/:param/ai/strategic/opportunities,FALSE,TRUE,TRUE,AiController,,,OK
apps/web/src/lib/client.ts,/ai/businesses/:param/ai/strategic/risks,/ai/businesses/:param/ai/strategic/risks,FALSE,TRUE,TRUE,AiController,,,OK
apps/web/src/lib/client.ts,/ai/businesses/:param/ai/strategic/weekly-plan,/ai/businesses/:param/ai/strategic/weekly-plan,FALSE,TRUE,TRUE,AiController,,,OK
apps/web/src/lib/client.ts,/ai/businesses/:param/ai/control-tower,/ai/businesses/:param/ai/control-tower,FALSE,TRUE,TRUE,AiController,,,OK
apps/web/src/lib/client.ts,/ai/businesses/:param/ai/strategic/actions,/ai/businesses/:param/ai/strategic/actions,FALSE,TRUE,TRUE,AiController,,,OK
apps/web/src/lib/client.ts,/ai/businesses/:param/ai/usage,/ai/businesses/:param/ai/usage,FALSE,TRUE,TRUE,AiController,,,OK
apps/web/src/lib/client.ts,/ai/businesses/:param/ai/credits,/ai/businesses/:param/ai/credits,FALSE,TRUE,TRUE,AiController,,,OK
apps/web/src/lib/client.ts,/ai/businesses/:param/ai/billing,/ai/businesses/:param/ai/billing,FALSE,TRUE,TRUE,AiController,,,OK
apps/web/src/lib/client.ts,/ai/businesses/:param/ai/usage/history,/ai/businesses/:param/ai/usage/history,FALSE,TRUE,TRUE,AiController,,,OK
apps/web/src/lib/client.ts,/businesses/:param/reports/generate,/businesses/:param/reports/generate,FALSE,TRUE,TRUE,ReportsController,,,OK
apps/web/src/lib/client.ts,/businesses/:param/reports/pnl,/businesses/:param/reports/pnl,FALSE,TRUE,TRUE,ReportsController,,,OK
apps/web/src/lib/client.ts,/businesses/:param/reports/cashflow,/businesses/:param/reports/cashflow,FALSE,TRUE,TRUE,ReportsController,,,OK
apps/web/src/lib/client.ts,/businesses/:param/reports/balance-sheet,/businesses/:param/reports/balance-sheet,FALSE,TRUE,TRUE,ReportsController,,,OK
apps/web/src/lib/client.ts,/businesses/:param/reports/tax-summary,/businesses/:param/reports/tax-summary,FALSE,TRUE,TRUE,ReportsController,,,OK
apps/web/src/lib/client.ts,/businesses/:param/reports/ar-aging,/businesses/:param/reports/ar-aging,FALSE,TRUE,TRUE,ReportsController,,,OK
apps/web/src/lib/client.ts,/businesses/:param/reports/ap-aging,/businesses/:param/reports/ap-aging,FALSE,TRUE,TRUE,ReportsController,,,OK
apps/web/src/lib/client.ts,/businesses/:param/reports/revenue-by,/businesses/:param/reports/revenue-by,FALSE,TRUE,TRUE,ReportsController,,,OK
apps/web/src/lib/client.ts,/businesses/:param/reports/expense-by,/businesses/:param/reports/expense-by,FALSE,TRUE,TRUE,ReportsController,,,OK
apps/web/src/lib/client.ts,/businesses/:param/campaigns,/businesses/:param/campaigns,FALSE,TRUE,TRUE,EmailMarketingController,,,OK
apps/web/src/lib/client.ts,/businesses/:param/campaigns/:param,/businesses/:param/campaigns/:param,FALSE,TRUE,TRUE,EmailMarketingController,,,OK
apps/web/src/lib/client.ts,/businesses/:param/campaigns/:param/send,/businesses/:param/campaigns/:param/send,FALSE,TRUE,TRUE,EmailMarketingController,,,OK
apps/web/src/lib/client.ts,/businesses/:param/campaigns/:param/schedule,/businesses/:param/campaigns/:param/schedule,FALSE,TRUE,TRUE,EmailMarketingController,,,OK
apps/web/src/lib/client.ts,/businesses/:param/campaigns/:param/cancel-schedule,/businesses/:param/campaigns/:param/cancel-schedule,FALSE,TRUE,TRUE,EmailMarketingController,,,OK
apps/web/src/lib/client.ts,/businesses/:param/suppression-count,/businesses/:param/suppression-count,FALSE,TRUE,TRUE,EmailMarketingController,,,OK
apps/web/src/lib/client.ts,/businesses/:param/campaigns/:param/recipients,/businesses/:param/campaigns/:param/recipients,FALSE,TRUE,TRUE,EmailMarketingController,,,OK
apps/web/src/lib/client.ts,/businesses/:param/marketing/stats,/businesses/:param/marketing/stats,FALSE,TRUE,TRUE,EmailMarketingController,,,OK
apps/web/src/lib/client.ts,/businesses/:param/campaign-intelligence/briefings,/businesses/:param/campaign-intelligence/briefings,FALSE,TRUE,TRUE,EmailMarketingController,,,OK
apps/web/src/lib/client.ts,/businesses/:param/campaign-intelligence/briefing/:param,/businesses/:param/campaign-intelligence/briefing/:param,FALSE,TRUE,TRUE,EmailMarketingController,,,OK
apps/web/src/lib/client.ts,/businesses/:param/campaign-intelligence/pre-send-validation/:param,/businesses/:param/campaign-intelligence/pre-send-validation/:param,FALSE,TRUE,TRUE,EmailMarketingController,,,OK
apps/web/src/lib/client.ts,/businesses/:param/campaign-intelligence/audience-health,/businesses/:param/campaign-intelligence/audience-health,FALSE,TRUE,TRUE,EmailMarketingController,,,OK
apps/web/src/lib/client.ts,/businesses/:param/campaign-intelligence/send-time-recommendations,/businesses/:param/campaign-intelligence/send-time-recommendations,FALSE,TRUE,TRUE,EmailMarketingController,,,OK
apps/web/src/lib/client.ts,/businesses/:param/lead-forms,/businesses/:param/lead-forms,FALSE,TRUE,TRUE,LeadFormsController,,,OK
apps/web/src/lib/client.ts,/businesses/:param/lead-forms/:param,/businesses/:param/lead-forms/:param,FALSE,TRUE,TRUE,LeadFormsController,,,OK
apps/web/src/lib/client.ts,/businesses/:param/lead-forms/:param/submissions,/businesses/:param/lead-forms/:param/submissions,FALSE,TRUE,TRUE,LeadFormsController,,,OK
apps/web/src/lib/client.ts,/marketing/businesses/:param/marketing/ai-search,/marketing/businesses/:param/marketing/ai-search,FALSE,TRUE,TRUE,MarketingAiController,,,OK
apps/web/src/lib/client.ts,/marketing/businesses/:param/marketing/ai-campaign-content,/marketing/businesses/:param/marketing/ai-campaign-content,FALSE,TRUE,TRUE,MarketingAiController,,,OK
apps/web/src/lib/client.ts,/marketing/businesses/:param/marketing/ai-performance,/marketing/businesses/:param/marketing/ai-performance,FALSE,TRUE,TRUE,MarketingAiController,,,OK
apps/web/src/lib/client.ts,/marketing/businesses/:param/marketing/ai-audience,/marketing/businesses/:param/marketing/ai-audience,FALSE,TRUE,TRUE,MarketingAiController,,,OK
apps/web/src/lib/client.ts,/marketing/businesses/:param/marketing/ai-subject-lines,/marketing/businesses/:param/marketing/ai-subject-lines,FALSE,TRUE,TRUE,MarketingAiController,,,OK
apps/web/src/lib/client.ts,/marketing/businesses/:param/marketing/ai-form-optimizer,/marketing/businesses/:param/marketing/ai-form-optimizer,FALSE,TRUE,TRUE,MarketingAiController,,,OK
apps/web/src/lib/client.ts,/templates,/templates,FALSE,TRUE,TRUE,TemplatesController,,,OK
apps/web/src/lib/client.ts,/businesses/:param/templates/:param/apply,/businesses/:param/templates/:param/apply,FALSE,TRUE,TRUE,TemplatesController,,,OK
apps/web/src/lib/client.ts,/education/courses,/education/courses,FALSE,TRUE,TRUE,EducationController,,,OK
apps/web/src/lib/client.ts,/education/courses/:param,/education/courses/:param,FALSE,TRUE,TRUE,EducationController,,,OK
apps/web/src/lib/client.ts,/businesses/:param/education/enroll/:param,/businesses/:param/education/enroll/:param,FALSE,TRUE,TRUE,EducationController,,,OK
apps/web/src/lib/client.ts,/businesses/:param/education/progress/:param,/businesses/:param/education/progress/:param,FALSE,TRUE,TRUE,EducationController,,,OK
apps/web/src/lib/client.ts,/businesses/:param/education/enrollments,/businesses/:param/education/enrollments,FALSE,TRUE,TRUE,EducationController,,,OK
apps/web/src/lib/client.ts,/community/posts,/community/posts,FALSE,TRUE,TRUE,CommunityController,,,OK
apps/web/src/lib/client.ts,/businesses/:param/community/posts,/businesses/:param/community/posts,FALSE,TRUE,TRUE,CommunityController,,,OK
apps/web/src/lib/client.ts,/community/posts/:param/like,/community/posts/:param/like,FALSE,TRUE,TRUE,CommunityController,,,OK
apps/web/src/lib/client.ts,/community/posts/:param,/community/posts/:param,FALSE,TRUE,TRUE,CommunityController,,,OK
apps/web/src/lib/client.ts,/businesses/:param/community/posts/:param/comments,/businesses/:param/community/posts/:param/comments,FALSE,TRUE,TRUE,CommunityController,,,OK
apps/web/src/lib/client.ts,/community/cohorts,/community/cohorts,FALSE,TRUE,TRUE,CommunityController,,,OK
apps/web/src/lib/client.ts,/businesses/:param/community/cohorts/:param/join,/businesses/:param/community/cohorts/:param/join,FALSE,TRUE,TRUE,CommunityController,,,OK
apps/web/src/lib/client.ts,/businesses/:param/community/cohorts/:param/leave,/businesses/:param/community/cohorts/:param/leave,FALSE,TRUE,TRUE,CommunityController,,,OK
apps/web/src/lib/client.ts,/businesses/:param/community/my-cohorts,/businesses/:param/community/my-cohorts,FALSE,TRUE,TRUE,CommunityController,,,OK
apps/web/src/lib/client.ts,/identity/businesses/community-profile/:param,/identity/businesses/community-profile/:param,FALSE,TRUE,TRUE,IdentityController,,,OK
apps/web/src/lib/client.ts,/community/directory,/community/directory,FALSE,TRUE,TRUE,CommunityController,,,OK
apps/web/src/lib/client.ts,/businesses/:param/community/connections,/businesses/:param/community/connections,FALSE,TRUE,TRUE,CommunityController,,,OK
apps/web/src/lib/client.ts,/businesses/:param/community/connection-status/:param,/businesses/:param/community/connection-status/:param,FALSE,TRUE,TRUE,CommunityController,,,OK
apps/web/src/lib/client.ts,/businesses/:param/community/recommendations,/businesses/:param/community/recommendations,FALSE,TRUE,TRUE,CommunityController,,,OK
apps/web/src/lib/client.ts,/businesses/:param/community/intro-draft,/businesses/:param/community/intro-draft,FALSE,TRUE,TRUE,CommunityController,,,OK
apps/web/src/lib/client.ts,/businesses/:param/community/need-matches,/businesses/:param/community/need-matches,FALSE,TRUE,TRUE,CommunityController,,,OK
apps/web/src/lib/client.ts,/businesses/:param/community/relationship-insights,/businesses/:param/community/relationship-insights,FALSE,TRUE,TRUE,CommunityController,,,OK
apps/web/src/lib/client.ts,/businesses/:param/community/relationship-insights/dismiss,/businesses/:param/community/relationship-insights/dismiss,FALSE,TRUE,TRUE,CommunityController,,,OK
apps/web/src/lib/client.ts,/businesses/:param/community/relationship-insights/dismiss/:param,/businesses/:param/community/relationship-insights/dismiss/:param,FALSE,TRUE,TRUE,CommunityController,,,OK
apps/web/src/lib/client.ts,/community/trust-signals/:param,/community/trust-signals/:param,FALSE,TRUE,TRUE,CommunityController,,,OK
apps/web/src/lib/client.ts,/community/endorsements/:param,/community/endorsements/:param,FALSE,TRUE,TRUE,CommunityController,,,OK
apps/web/src/lib/client.ts,/businesses/:param/community/endorsements-given/:param,/businesses/:param/community/endorsements-given/:param,FALSE,TRUE,TRUE,CommunityController,,,OK
apps/web/src/lib/client.ts,/businesses/:param/community/endorsements,/businesses/:param/community/endorsements,FALSE,TRUE,TRUE,CommunityController,,,OK
apps/web/src/lib/client.ts,/businesses/:param/community/messages,/businesses/:param/community/messages,FALSE,TRUE,TRUE,CommunityController,,,OK
apps/web/src/lib/client.ts,/businesses/:param/community/conversations,/businesses/:param/community/conversations,FALSE,TRUE,TRUE,CommunityController,,,OK
apps/web/src/lib/client.ts,/businesses/:param/community/conversations/:param,/businesses/:param/community/conversations/:param,FALSE,TRUE,TRUE,CommunityController,,,OK
apps/web/src/lib/client.ts,/businesses/:param/community/messages/unread-count,/businesses/:param/community/messages/unread-count,FALSE,TRUE,TRUE,CommunityController,,,OK
apps/web/src/lib/client.ts,/businesses/:param/community/collab-requests,/businesses/:param/community/collab-requests,FALSE,TRUE,TRUE,CommunityController,,,OK
apps/web/src/lib/client.ts,/businesses/:param/community/collab-requests/:param,/businesses/:param/community/collab-requests/:param,FALSE,TRUE,TRUE,CommunityController,,,OK
apps/web/src/lib/client.ts,/businesses/:param/community/notifications,/businesses/:param/community/notifications,FALSE,TRUE,TRUE,CommunityController,,,OK
apps/web/src/lib/client.ts,/businesses/:param/community/notifications/:param/read,/businesses/:param/community/notifications/:param/read,FALSE,TRUE,TRUE,CommunityController,,,OK
apps/web/src/lib/client.ts,/businesses/:param/community/notifications/read-all,/businesses/:param/community/notifications/read-all,FALSE,TRUE,TRUE,CommunityController,,,OK
apps/web/src/lib/client.ts,/businesses/:param/community/notifications/unread-count,/businesses/:param/community/notifications/unread-count,FALSE,TRUE,TRUE,CommunityController,,,OK
apps/web/src/lib/client.ts,/businesses/:param/community/match-feedback,/businesses/:param/community/match-feedback,FALSE,TRUE,TRUE,CommunityController,,,OK
apps/web/src/lib/client.ts,/businesses/:param/community/match-analytics,/businesses/:param/community/match-analytics,FALSE,TRUE,TRUE,CommunityController,,,OK
apps/web/src/lib/client.ts,/businesses/:param/community/ai-suggestion-events,/businesses/:param/community/ai-suggestion-events,FALSE,TRUE,TRUE,CommunityController,,,OK
apps/web/src/lib/client.ts,/businesses/:param/community/ai-suggestion-funnel,/businesses/:param/community/ai-suggestion-funnel,FALSE,TRUE,TRUE,CommunityController,,,OK
apps/web/src/lib/client.ts,/identity/businesses/:param/generate-profile,/identity/businesses/:param/generate-profile,FALSE,TRUE,TRUE,IdentityController,,,OK
apps/web/src/lib/client.ts,/identity/businesses/:param/document-guidance,/identity/businesses/:param/document-guidance,FALSE,TRUE,TRUE,IdentityController,,,OK
apps/web/src/lib/client.ts,/businesses/:param/community/quote-requests,/businesses/:param/community/quote-requests,FALSE,TRUE,TRUE,CommunityController,,,OK
apps/web/src/lib/client.ts,/businesses/:param/community/quote-requests/:param/respond,/businesses/:param/community/quote-requests/:param/respond,FALSE,TRUE,TRUE,CommunityController,,,OK
apps/web/src/lib/client.ts,/businesses/:param/community/referrals,/businesses/:param/community/referrals,FALSE,TRUE,TRUE,CommunityController,,,OK
apps/web/src/lib/client.ts,/businesses/:param/community/referrals/:param/status,/businesses/:param/community/referrals/:param/status,FALSE,TRUE,TRUE,CommunityController,,,OK
apps/web/src/lib/client.ts,/businesses/:param/community/collaborations,/businesses/:param/community/collaborations,FALSE,TRUE,TRUE,CommunityController,,,OK
apps/web/src/lib/client.ts,/businesses/:param/community/collaborations/:param/respond,/businesses/:param/community/collaborations/:param/respond,FALSE,TRUE,TRUE,CommunityController,,,OK
apps/web/src/lib/client.ts,/businesses/:param/community/messages/threads,/businesses/:param/community/messages/threads,FALSE,TRUE,TRUE,CommunityController,,,OK
apps/web/src/lib/client.ts,/businesses/:param/community/messages/thread/:param,/businesses/:param/community/messages/thread/:param,FALSE,TRUE,TRUE,CommunityController,,,OK
apps/web/src/lib/client.ts,/businesses/:param/community/saved,/businesses/:param/community/saved,FALSE,TRUE,TRUE,CommunityController,,,OK
apps/web/src/lib/client.ts,/businesses/:param/community/saved/:param,/businesses/:param/community/saved/:param,FALSE,TRUE,TRUE,CommunityController,,,OK
apps/web/src/lib/client.ts,/businesses/:param/community/saved/check/:param,/businesses/:param/community/saved/check/:param,FALSE,TRUE,TRUE,CommunityController,,,OK
apps/web/src/lib/client.ts,/businesses/:param/community/history/:param,/businesses/:param/community/history/:param,FALSE,TRUE,TRUE,CommunityController,,,OK
apps/web/src/lib/client.ts,/community/reputation/:param,/community/reputation/:param,FALSE,TRUE,TRUE,CommunityController,,,OK
apps/web/src/lib/client.ts,/community/reviews/:param,/community/reviews/:param,FALSE,TRUE,TRUE,CommunityController,,,OK
apps/web/src/lib/client.ts,/businesses/:param/community/reviews/given,/businesses/:param/community/reviews/given,FALSE,TRUE,TRUE,CommunityController,,,OK
apps/web/src/lib/client.ts,/businesses/:param/community/reviewable/:param,/businesses/:param/community/reviewable/:param,FALSE,TRUE,TRUE,CommunityController,,,OK
apps/web/src/lib/client.ts,/businesses/:param/community/reviews,/businesses/:param/community/reviews,FALSE,TRUE,TRUE,CommunityController,,,OK
apps/web/src/lib/client.ts,/businesses/:param/community/reviews/:param,/businesses/:param/community/reviews/:param,FALSE,TRUE,TRUE,CommunityController,,,OK
apps/web/src/lib/client.ts,/businesses/:param/community/referrals/:param/outcome,/businesses/:param/community/referrals/:param/outcome,FALSE,TRUE,TRUE,CommunityController,,,OK
apps/web/src/lib/client.ts,/businesses/:param/ai/simulate,/businesses/:param/ai/simulate,FALSE,FALSE,,,,,NO_SERVER_ROUTE
apps/web/src/lib/client.ts,/businesses/:param/ai/seo-score,/businesses/:param/ai/seo-score,FALSE,FALSE,,,,,NO_SERVER_ROUTE
apps/web/src/lib/client.ts,/webhooks/businesses/:param/webhooks,/webhooks/businesses/:param/webhooks,FALSE,TRUE,TRUE,WebhooksController,,,OK
apps/web/src/lib/client.ts,/webhooks/businesses/:param/webhooks/:param,/webhooks/businesses/:param/webhooks/:param,FALSE,TRUE,TRUE,WebhooksController,,,OK
apps/web/src/lib/client.ts,/webhooks/businesses/:param/webhooks/:param/test,/webhooks/businesses/:param/webhooks/:param/test,FALSE,TRUE,TRUE,WebhooksController,,,OK
apps/web/src/lib/client.ts,/webhooks/businesses/:param/webhooks/:param/deliveries,/webhooks/businesses/:param/webhooks/:param/deliveries,FALSE,TRUE,TRUE,WebhooksController,,,OK
apps/web/src/lib/client.ts,/webhooks/businesses/:param/webhooks/:param/toggle,/webhooks/businesses/:param/webhooks/:param/toggle,FALSE,TRUE,TRUE,WebhooksController,,,OK
apps/web/src/lib/client.ts,/crm/businesses/:param/lists,/crm/businesses/:param/lists,FALSE,TRUE,TRUE,CrmController,,,OK
apps/web/src/lib/client.ts,/crm/businesses/:param/lists/:param,/crm/businesses/:param/lists/:param,FALSE,TRUE,TRUE,CrmController,,,OK
apps/web/src/lib/client.ts,/crm/businesses/:param/saved-views,/crm/businesses/:param/saved-views,FALSE,TRUE,TRUE,CrmController,,,OK
apps/web/src/lib/client.ts,/crm/businesses/:param/saved-views/:param,/crm/businesses/:param/saved-views/:param,FALSE,TRUE,TRUE,CrmController,,,OK
apps/web/src/lib/client.ts,/crm/businesses/:param/lists/:param/contacts,/crm/businesses/:param/lists/:param/contacts,FALSE,TRUE,TRUE,CrmController,,,OK
apps/web/src/lib/client.ts,/crm/businesses/:param/lists/:param/contacts/:param,/crm/businesses/:param/lists/:param/contacts/:param,FALSE,TRUE,TRUE,CrmController,,,OK
apps/web/src/lib/client.ts,/crm/businesses/:param/ai-analyze,/crm/businesses/:param/ai-analyze,FALSE,TRUE,TRUE,CrmAiController,,,OK
apps/web/src/lib/client.ts,/crm/businesses/:param/ai-analyze/execute,/crm/businesses/:param/ai-analyze/execute,FALSE,TRUE,TRUE,CrmAiController,,,OK
apps/web/src/lib/client.ts,/crm/businesses/:param/ai-guidelines,/crm/businesses/:param/ai-guidelines,FALSE,TRUE,TRUE,CrmAiController,,,OK
apps/web/src/lib/client.ts,/crm/businesses/:param/sequences/:param/variants/report,/crm/businesses/:param/sequences/:param/variants/report,FALSE,TRUE,TRUE,CrmSequenceController,,,OK
apps/web/src/lib/client.ts,/crm/businesses/:param/sequences/variants/report,/crm/businesses/:param/sequences/variants/report,FALSE,TRUE,TRUE,CrmSequenceController,,,OK
apps/web/src/lib/client.ts,/crm/businesses/:param/sequences/:param/nodes/:param/promote-variant,/crm/businesses/:param/sequences/:param/nodes/:param/promote-variant,FALSE,TRUE,TRUE,CrmSequenceController,,,OK
apps/web/src/lib/client.ts,/crm/businesses/:param/sequences,/crm/businesses/:param/sequences,FALSE,TRUE,TRUE,CrmSequenceController,,,OK
apps/web/src/lib/client.ts,/crm/businesses/:param/sequences/:param,/crm/businesses/:param/sequences/:param,FALSE,TRUE,TRUE,CrmSequenceController,,,OK
apps/web/src/lib/client.ts,/crm/businesses/:param/sequences/:param/duplicate,/crm/businesses/:param/sequences/:param/duplicate,FALSE,TRUE,TRUE,CrmSequenceController,,,OK
apps/web/src/lib/client.ts,/crm/businesses/:param/sequences/:param/enroll,/crm/businesses/:param/sequences/:param/enroll,FALSE,TRUE,TRUE,CrmSequenceController,,,OK
apps/web/src/lib/client.ts,/crm/businesses/:param/sequences/:param/enrollments/:param/advance,/crm/businesses/:param/sequences/:param/enrollments/:param/advance,FALSE,TRUE,TRUE,CrmSequenceController,,,OK
apps/web/src/lib/client.ts,/crm/businesses/:param/sequences/:param/enrollments/:param/unenroll,/crm/businesses/:param/sequences/:param/enrollments/:param/unenroll,FALSE,TRUE,TRUE,CrmSequenceController,,,OK
apps/web/src/lib/client.ts,/crm/businesses/:param/sequences/:param/analytics,/crm/businesses/:param/sequences/:param/analytics,FALSE,TRUE,TRUE,CrmSequenceController,,,OK
apps/web/src/lib/client.ts,/crm/businesses/:param/sequences/analytics/summary,/crm/businesses/:param/sequences/analytics/summary,FALSE,TRUE,TRUE,CrmSequenceController,,,OK
apps/web/src/lib/client.ts,/crm/businesses/:param/sequences/analytics/lifecycle,/crm/businesses/:param/sequences/analytics/lifecycle,FALSE,TRUE,TRUE,CrmSequenceController,,,OK
apps/web/src/lib/client.ts,/crm/businesses/:param/sequences/settings/attribution,/crm/businesses/:param/sequences/settings/attribution,FALSE,TRUE,TRUE,CrmSequenceController,,,OK
apps/web/src/lib/client.ts,/crm/businesses/:param/contacts/:param/ai-summary,/crm/businesses/:param/contacts/:param/ai-summary,FALSE,TRUE,TRUE,CrmAiController,,,OK
apps/web/src/lib/client.ts,/crm/businesses/:param/contacts/:param/ai-score,/crm/businesses/:param/contacts/:param/ai-score,FALSE,TRUE,TRUE,CrmAiController,,,OK
apps/web/src/lib/client.ts,/crm/businesses/:param/contacts/:param/ai-tags,/crm/businesses/:param/contacts/:param/ai-tags,FALSE,TRUE,TRUE,CrmAiController,,,OK
apps/web/src/lib/client.ts,/crm/businesses/:param/contacts/:param/ai-note-analysis,/crm/businesses/:param/contacts/:param/ai-note-analysis,FALSE,TRUE,TRUE,CrmAiController,,,OK
apps/web/src/lib/client.ts,/crm/businesses/:param/ai-churn-risk,/crm/businesses/:param/ai-churn-risk,FALSE,TRUE,TRUE,CrmAiController,,,OK
apps/web/src/lib/client.ts,/crm/businesses/:param/ai-search,/crm/businesses/:param/ai-search,FALSE,TRUE,TRUE,CrmAiController,,,OK
apps/web/src/lib/client.ts,/crm/businesses/:param/contacts/:param/ai-prep-brief,/crm/businesses/:param/contacts/:param/ai-prep-brief,FALSE,TRUE,TRUE,CrmAiController,,,OK
apps/web/src/lib/client.ts,/crm/businesses/:param/ai-command,/crm/businesses/:param/ai-command,FALSE,TRUE,TRUE,CrmAiController,,,OK
apps/web/src/lib/client.ts,/crm/businesses/:param/ai-execute,/crm/businesses/:param/ai-execute,FALSE,TRUE,TRUE,CrmAiController,,,OK
apps/web/src/lib/client.ts,/crm/businesses/:param/ai-data-quality,/crm/businesses/:param/ai-data-quality,FALSE,TRUE,TRUE,CrmAiController,,,OK
apps/web/src/lib/client.ts,/crm/businesses/:param/ai-duplicates,/crm/businesses/:param/ai-duplicates,FALSE,TRUE,TRUE,CrmAiController,,,OK
apps/web/src/lib/client.ts,/crm/businesses/:param/ai-reengagement,/crm/businesses/:param/ai-reengagement,FALSE,TRUE,TRUE,CrmAiController,,,OK
apps/web/src/lib/client.ts,/crm/businesses/:param/ai-revenue-opportunities,/crm/businesses/:param/ai-revenue-opportunities,FALSE,TRUE,TRUE,CrmAiController,,,OK
apps/web/src/lib/client.ts,/crm/businesses/:param/contacts/:param/ai-follow-up-draft,/crm/businesses/:param/contacts/:param/ai-follow-up-draft,FALSE,TRUE,TRUE,CrmAiController,,,OK
apps/web/src/lib/client.ts,/commerce/businesses/:param/stats,/commerce/businesses/:param/stats,FALSE,TRUE,TRUE,CommerceAiController,,,OK
apps/web/src/lib/client.ts,/commerce/health,/commerce/health,FALSE,TRUE,TRUE,CommerceAiController,,,OK
apps/web/src/lib/client.ts,/commerce/businesses/:param/ai-analyze,/commerce/businesses/:param/ai-analyze,FALSE,TRUE,TRUE,CommerceAiController,,,OK
apps/web/src/lib/client.ts,/commerce/businesses/:param/invoices/:param/ai-reminder,/commerce/businesses/:param/invoices/:param/ai-reminder,FALSE,TRUE,TRUE,CommerceAiController,,,OK
apps/web/src/lib/client.ts,/commerce/businesses/:param/products/:param/ai-pricing,/commerce/businesses/:param/products/:param/ai-pricing,FALSE,TRUE,TRUE,CommerceAiController,,,OK
apps/web/src/lib/client.ts,/commerce/businesses/:param/ai-cashflow,/commerce/businesses/:param/ai-cashflow,FALSE,TRUE,TRUE,CommerceAiController,,,OK
apps/web/src/lib/client.ts,/commerce/businesses/:param/ai-command,/commerce/businesses/:param/ai-command,FALSE,TRUE,TRUE,CommerceAiController,,,OK
apps/web/src/lib/client.ts,/commerce/businesses/:param/ai-execute,/commerce/businesses/:param/ai-execute,FALSE,TRUE,TRUE,CommerceAiController,,,OK
apps/web/src/lib/client.ts,/commerce/businesses/:param/products/import/confirm,/commerce/businesses/:param/products/import/confirm,FALSE,TRUE,TRUE,CommerceController,,,OK
apps/web/src/lib/client.ts,/commerce/businesses/:param/ai-search,/commerce/businesses/:param/ai-search,FALSE,TRUE,TRUE,CommerceAiController,,,OK
apps/web/src/lib/client.ts,/commerce/businesses/:param/ai-product-health,/commerce/businesses/:param/ai-product-health,FALSE,TRUE,TRUE,CommerceAiController,,,OK
apps/web/src/lib/client.ts,/commerce/businesses/:param/ai-client-intelligence,/commerce/businesses/:param/ai-client-intelligence,FALSE,TRUE,TRUE,CommerceAiController,,,OK
apps/web/src/lib/client.ts,/commerce/businesses/:param/ai-quote-analysis,/commerce/businesses/:param/ai-quote-analysis,FALSE,TRUE,TRUE,CommerceAiController,,,OK
apps/web/src/lib/client.ts,/commerce/businesses/:param/ai-collections-score,/commerce/businesses/:param/ai-collections-score,FALSE,TRUE,TRUE,CommerceAiController,,,OK
apps/web/src/lib/client.ts,/commerce/businesses/:param/invoices/:param/ai-payment-plan,/commerce/businesses/:param/invoices/:param/ai-payment-plan,FALSE,TRUE,TRUE,CommerceAiController,,,OK
apps/web/src/lib/client.ts,/commerce/businesses/:param/quotes/:param/ai-follow-up,/commerce/businesses/:param/quotes/:param/ai-follow-up,FALSE,TRUE,TRUE,CommerceAiController,,,OK
apps/web/src/lib/client.ts,/commerce/businesses/:param/ai-churn-risk,/commerce/businesses/:param/ai-churn-risk,FALSE,TRUE,TRUE,CommerceAiController,,,OK
apps/web/src/lib/client.ts,/commerce/businesses/:param/ai-revenue-journey,/commerce/businesses/:param/ai-revenue-journey,FALSE,TRUE,TRUE,CommerceAiController,,,OK
apps/web/src/lib/client.ts,/bookings/businesses/:param/ai-search,/bookings/businesses/:param/ai-search,FALSE,TRUE,TRUE,BookingsAiController,,,OK
apps/web/src/lib/client.ts,/bookings/businesses/:param/ai-schedule-optimizer,/bookings/businesses/:param/ai-schedule-optimizer,FALSE,TRUE,TRUE,BookingsAiController,,,OK
apps/web/src/lib/client.ts,/bookings/businesses/:param/ai-no-show-predictor,/bookings/businesses/:param/ai-no-show-predictor,FALSE,TRUE,TRUE,BookingsAiController,,,OK
apps/web/src/lib/client.ts,/bookings/businesses/:param/ai-revenue-insights,/bookings/businesses/:param/ai-revenue-insights,FALSE,TRUE,TRUE,BookingsAiController,,,OK
apps/web/src/lib/client.ts,/api/flows/businesses/:param/cross-module-workflows,/api/flows/businesses/:param/cross-module-workflows,FALSE,TRUE,TRUE,FlowController,,,OK
apps/web/src/lib/client.ts,/onboarding-concierge/businesses/:param/state,/onboarding-concierge/businesses/:param/state,FALSE,TRUE,TRUE,OnboardingConciergeController,,,OK
apps/web/src/lib/client.ts,/onboarding-concierge/businesses/:param/welcome,/onboarding-concierge/businesses/:param/welcome,FALSE,TRUE,TRUE,OnboardingConciergeController,,,OK
apps/web/src/lib/client.ts,/onboarding-concierge/businesses/:param/status,/onboarding-concierge/businesses/:param/status,FALSE,TRUE,TRUE,OnboardingConciergeController,,,OK
apps/web/src/lib/client.ts,/onboarding-concierge/businesses/:param/templates/:param,/onboarding-concierge/businesses/:param/templates/:param,FALSE,TRUE,TRUE,OnboardingConciergeController,,,OK
apps/web/src/lib/client.ts,/onboarding-concierge/businesses/:param/chat,/onboarding-concierge/businesses/:param/chat,FALSE,TRUE,TRUE,OnboardingConciergeController,,,OK
apps/web/src/lib/client.ts,/onboarding-concierge/businesses/:param/auto-configure,/onboarding-concierge/businesses/:param/auto-configure,FALSE,TRUE,TRUE,OnboardingConciergeController,,,OK
apps/web/src/lib/client.ts,/onboarding-concierge/businesses/:param/detect-type,/onboarding-concierge/businesses/:param/detect-type,FALSE,TRUE,TRUE,OnboardingConciergeController,,,OK
apps/web/src/lib/client.ts,/onboarding-concierge/businesses/:param/nudges,/onboarding-concierge/businesses/:param/nudges,FALSE,TRUE,TRUE,OnboardingConciergeController,,,OK
apps/web/src/lib/client.ts,/onboarding-concierge/businesses/:param/nudges/:param/snooze,/onboarding-concierge/businesses/:param/nudges/:param/snooze,FALSE,TRUE,TRUE,OnboardingConciergeController,,,OK
apps/web/src/lib/client.ts,/onboarding-concierge/businesses/:param/dismiss,/onboarding-concierge/businesses/:param/dismiss,FALSE,TRUE,TRUE,OnboardingConciergeController,,,OK
apps/web/src/lib/client.ts,/onboarding-concierge/businesses/:param/resume,/onboarding-concierge/businesses/:param/resume,FALSE,TRUE,TRUE,OnboardingConciergeController,,,OK
apps/web/src/lib/client.ts,/onboarding-concierge/businesses/:param/complete,/onboarding-concierge/businesses/:param/complete,FALSE,TRUE,TRUE,OnboardingConciergeController,,,OK
apps/web/src/lib/client.ts,/commerce/businesses/:param/financial-pulse,/commerce/businesses/:param/financial-pulse,FALSE,TRUE,TRUE,FinancialCopilotController,,,OK
apps/web/src/lib/client.ts,/commerce/businesses/:param/financial-alerts,/commerce/businesses/:param/financial-alerts,FALSE,TRUE,TRUE,FinancialCopilotController,,,OK
apps/web/src/lib/client.ts,/commerce/businesses/:param/cash-flow-forecast,/commerce/businesses/:param/cash-flow-forecast,FALSE,TRUE,TRUE,FinancialCopilotController,,,OK
apps/web/src/lib/client.ts,/commerce/businesses/:param/weekly-briefing,/commerce/businesses/:param/weekly-briefing,FALSE,TRUE,TRUE,FinancialCopilotController,,,OK
apps/web/src/lib/client.ts,/communications/businesses/:param/connections,/communications/businesses/:param/connections,FALSE,TRUE,TRUE,CommunicationsController,,,OK
apps/web/src/lib/client.ts,/communications/businesses/:param/destinations,/communications/businesses/:param/destinations,FALSE,TRUE,TRUE,CommunicationsController,,,OK
apps/web/src/lib/client.ts,/communications/businesses/:param/content,/communications/businesses/:param/content,FALSE,TRUE,TRUE,CommunicationsController,,,OK
apps/web/src/lib/client.ts,/communications/businesses/:param/content/:param,/communications/businesses/:param/content/:param,FALSE,TRUE,TRUE,CommunicationsController,,,OK
apps/web/src/lib/client.ts,/communications/businesses/:param/content/:param/variants,/communications/businesses/:param/content/:param/variants,FALSE,TRUE,TRUE,CommunicationsController,,,OK
apps/web/src/lib/client.ts,/communications/businesses/:param/content/:param/publish,/communications/businesses/:param/content/:param/publish,FALSE,TRUE,TRUE,CommunicationsController,,,OK
apps/web/src/lib/client.ts,/communications/businesses/:param/content/:param/schedule,/communications/businesses/:param/content/:param/schedule,FALSE,TRUE,TRUE,CommunicationsController,,,OK
apps/web/src/lib/client.ts,/communications/businesses/:param/deliveries/:param/reschedule,/communications/businesses/:param/deliveries/:param/reschedule,FALSE,TRUE,TRUE,CommunicationsController,,,OK
apps/web/src/lib/client.ts,/communications/businesses/:param/deliveries/:param/cancel,/communications/businesses/:param/deliveries/:param/cancel,FALSE,TRUE,TRUE,CommunicationsController,,,OK
apps/web/src/lib/client.ts,/communications/businesses/:param/deliveries/:param/retry,/communications/businesses/:param/deliveries/:param/retry,FALSE,TRUE,TRUE,CommunicationsController,,,OK
apps/web/src/lib/client.ts,/communications/businesses/:param/content/:param/delivery-summary,/communications/businesses/:param/content/:param/delivery-summary,FALSE,TRUE,TRUE,CommunicationsController,,,OK
apps/web/src/lib/client.ts,/communications/businesses/:param/connections/health-summary,/communications/businesses/:param/connections/health-summary,FALSE,TRUE,TRUE,CommunicationsController,,,OK
apps/web/src/lib/client.ts,/communications/businesses/:param/connections/:param/health-check,/communications/businesses/:param/connections/:param/health-check,FALSE,TRUE,TRUE,CommunicationsController,,,OK
apps/web/src/lib/client.ts,/communications/businesses/:param/destinations/:param/toggle,/communications/businesses/:param/destinations/:param/toggle,FALSE,TRUE,TRUE,CommunicationsController,,,OK
apps/web/src/lib/client.ts,/communications/businesses/:param/connections/:param,/communications/businesses/:param/connections/:param,FALSE,TRUE,TRUE,CommunicationsController,,,OK
apps/web/src/lib/client.ts,/communications/businesses/:param/connections/sync-from-social,/communications/businesses/:param/connections/sync-from-social,FALSE,TRUE,TRUE,CommunicationsController,,,OK
apps/web/src/lib/client.ts,/communications/businesses/:param/email/validate-send,/communications/businesses/:param/email/validate-send,FALSE,TRUE,TRUE,CommunicationsController,,,OK
apps/web/src/lib/client.ts,/communications/businesses/:param/audience/expand,/communications/businesses/:param/audience/expand,FALSE,TRUE,TRUE,CommunicationsController,,,OK
apps/web/src/lib/client.ts,/communications/businesses/:param/audience/health,/communications/businesses/:param/audience/health,FALSE,TRUE,TRUE,CommunicationsController,,,OK
apps/web/src/lib/client.ts,/communications/businesses/:param/content-ai/generate-draft,/communications/businesses/:param/content-ai/generate-draft,FALSE,TRUE,TRUE,CommunicationsController,,,OK
apps/web/src/lib/client.ts,/communications/businesses/:param/content-ai/rewrite,/communications/businesses/:param/content-ai/rewrite,FALSE,TRUE,TRUE,CommunicationsController,,,OK
apps/web/src/lib/client.ts,/communications/businesses/:param/content-ai/suggest-subjects,/communications/businesses/:param/content-ai/suggest-subjects,FALSE,TRUE,TRUE,CommunicationsController,,,OK
apps/web/src/lib/client.ts,/communications/businesses/:param/content-ai/suggest-cta,/communications/businesses/:param/content-ai/suggest-cta,FALSE,TRUE,TRUE,CommunicationsController,,,OK
apps/web/src/lib/client.ts,/communications/businesses/:param/content-ai/suggest-hashtags,/communications/businesses/:param/content-ai/suggest-hashtags,FALSE,TRUE,TRUE,CommunicationsController,,,OK
apps/web/src/lib/client.ts,/communications/businesses/:param/content-ai/shorten-expand,/communications/businesses/:param/content-ai/shorten-expand,FALSE,TRUE,TRUE,CommunicationsController,,,OK
apps/web/src/lib/client.ts,/communications/businesses/:param/content-ai/suggest-channels,/communications/businesses/:param/content-ai/suggest-channels,FALSE,TRUE,TRUE,CommunicationsController,,,OK
apps/web/src/lib/client.ts,/communications/businesses/:param/content-ai/suggest-time,/communications/businesses/:param/content-ai/suggest-time,FALSE,TRUE,TRUE,CommunicationsController,,,OK
apps/web/src/lib/client.ts,/communications/businesses/:param/content-ai/suggest-preview-text,/communications/businesses/:param/content-ai/suggest-preview-text,FALSE,TRUE,TRUE,CommunicationsController,,,OK
apps/web/src/lib/client.ts,/communications/businesses/:param/content-ai/suggest-audience-segments,/communications/businesses/:param/content-ai/suggest-audience-segments,FALSE,TRUE,TRUE,CommunicationsController,,,OK
apps/web/src/lib/client.ts,/communications/businesses/:param/content-ai/suggest-content-ideas,/communications/businesses/:param/content-ai/suggest-content-ideas,FALSE,TRUE,TRUE,CommunicationsController,,,OK
apps/web/src/lib/client.ts,/communications/businesses/:param/deliveries,/communications/businesses/:param/deliveries,FALSE,TRUE,TRUE,CommunicationsController,,,OK
apps/web/src/lib/client.ts,/communications/businesses/:param/deliveries/:param/events,/communications/businesses/:param/deliveries/:param/events,FALSE,TRUE,TRUE,CommunicationsController,,,OK
apps/web/src/lib/client.ts,/communications/businesses/:param/content/:param/retry-all,/communications/businesses/:param/content/:param/retry-all,FALSE,TRUE,TRUE,CommunicationsController,,,OK
apps/web/src/lib/client.ts,/site/businesses/:param/qualification-config,/site/businesses/:param/qualification-config,FALSE,TRUE,TRUE,SiteController,,,OK
apps/web/src/lib/client.ts,/site/businesses/:param/qualification-analytics,/site/businesses/:param/qualification-analytics,FALSE,TRUE,TRUE,SiteController,,,OK
apps/web/src/lib/client.ts,/commerce/businesses/:param/ai-quote-from-conversation,/commerce/businesses/:param/ai-quote-from-conversation,FALSE,TRUE,TRUE,CommerceAiController,,,OK
apps/web/src/lib/client.ts,/keyflow/businesses/:param/notes,/keyflow/businesses/:param/notes,FALSE,TRUE,TRUE,KeyflowCommandController,,,OK
apps/web/src/lib/client.ts,/keyflow/businesses/:param/notes/:param,/keyflow/businesses/:param/notes/:param,FALSE,TRUE,TRUE,KeyflowCommandController,,,OK
apps/web/src/lib/client.ts,/keyflow/businesses/:param/notes/:param/brief,/keyflow/businesses/:param/notes/:param/brief,FALSE,TRUE,TRUE,KeyflowCommandController,,,OK
apps/web/src/lib/client.ts,/api/device/businesses/:param/voice-sessions,/api/device/businesses/:param/voice-sessions,FALSE,TRUE,TRUE,DeviceController,,,OK
apps/web/src/lib/client.ts,/api/device/businesses/:param/voice-sessions/:param/end,/api/device/businesses/:param/voice-sessions/:param/end,FALSE,TRUE,TRUE,DeviceController,,,OK
apps/web/src/lib/client.ts,/api/device/businesses/:param/voice-preferences,/api/device/businesses/:param/voice-preferences,FALSE,TRUE,TRUE,DeviceController,,,OK
apps/web/src/lib/client.ts,/community/opportunities,/community/opportunities,FALSE,TRUE,TRUE,CommunityController,,,OK
apps/web/src/lib/client.ts,/community/opportunities/:param,/community/opportunities/:param,FALSE,TRUE,TRUE,CommunityController,,,OK
apps/web/src/lib/client.ts,/businesses/:param/community/opportunities,/businesses/:param/community/opportunities,FALSE,TRUE,TRUE,CommunityController,,,OK
apps/web/src/lib/client.ts,/businesses/:param/community/opportunities/mine,/businesses/:param/community/opportunities/mine,FALSE,TRUE,TRUE,CommunityController,,,OK
apps/web/src/lib/client.ts,/businesses/:param/community/opportunities/:param,/businesses/:param/community/opportunities/:param,FALSE,TRUE,TRUE,CommunityController,,,OK
apps/web/src/lib/client.ts,/businesses/:param/community/opportunities/:param/close,/businesses/:param/community/opportunities/:param/close,FALSE,TRUE,TRUE,CommunityController,,,OK
apps/web/src/lib/client.ts,/businesses/:param/community/opportunities/:param/apply,/businesses/:param/community/opportunities/:param/apply,FALSE,TRUE,TRUE,CommunityController,,,OK
apps/web/src/lib/client.ts,/businesses/:param/community/opportunity-applications/mine,/businesses/:param/community/opportunity-applications/mine,FALSE,TRUE,TRUE,CommunityController,,,OK
apps/web/src/lib/client.ts,/businesses/:param/community/opportunity-applications/:param/respond,/businesses/:param/community/opportunity-applications/:param/respond,FALSE,TRUE,TRUE,CommunityController,,,OK
apps/web/src/lib/client.ts,/businesses/:param/community/opportunity-applications/:param/withdraw,/businesses/:param/community/opportunity-applications/:param/withdraw,FALSE,TRUE,TRUE,CommunityController,,,OK
apps/web/src/lib/client.ts,/businesses/:param/community/partner-programs,/businesses/:param/community/partner-programs,FALSE,TRUE,TRUE,CommunityController,,,OK
apps/web/src/lib/client.ts,/community/partner-programs/profile/:param,/community/partner-programs/profile/:param,FALSE,TRUE,TRUE,CommunityController,,,OK
apps/web/src/lib/client.ts,/community/partner-programs/:param,/community/partner-programs/:param,FALSE,TRUE,TRUE,CommunityController,,,OK
apps/web/src/lib/client.ts,/businesses/:param/community/partner-programs/:param/respond,/businesses/:param/community/partner-programs/:param/respond,FALSE,TRUE,TRUE,CommunityController,,,OK
apps/web/src/lib/client.ts,/businesses/:param/community/partner-programs/:param/terminate,/businesses/:param/community/partner-programs/:param/terminate,FALSE,TRUE,TRUE,CommunityController,,,OK
apps/web/src/lib/client.ts,/community/resources,/community/resources,FALSE,TRUE,TRUE,CommunityController,,,OK
apps/web/src/lib/client.ts,/community/resources/:param,/community/resources/:param,FALSE,TRUE,TRUE,CommunityController,,,OK
apps/web/src/lib/client.ts,/businesses/:param/community/resources,/businesses/:param/community/resources,FALSE,TRUE,TRUE,CommunityController,,,OK
apps/web/src/lib/client.ts,/businesses/:param/community/resources/mine,/businesses/:param/community/resources/mine,FALSE,TRUE,TRUE,CommunityController,,,OK
apps/web/src/lib/client.ts,/businesses/:param/community/resources/:param/download,/businesses/:param/community/resources/:param/download,FALSE,TRUE,TRUE,CommunityController,,,OK
apps/web/src/lib/client.ts,/community/activity,/community/activity,FALSE,TRUE,TRUE,CommunityController,,,OK
apps/web/src/lib/client.ts,/businesses/:param/community/activity/following,/businesses/:param/community/activity/following,FALSE,TRUE,TRUE,CommunityController,,,OK
apps/web/src/lib/client.ts,/community/activity/business/:param,/community/activity/business/:param,FALSE,TRUE,TRUE,CommunityController,,,OK
apps/web/src/lib/client.ts,/community/profile-views/:param,/community/profile-views/:param,FALSE,TRUE,TRUE,CommunityController,,,OK
apps/web/src/lib/client.ts,/businesses/:param/community/analytics/dashboard,/businesses/:param/community/analytics/dashboard,FALSE,TRUE,TRUE,CommunityController,,,OK
apps/web/src/lib/client.ts,/accounting/businesses/:param/summary,/accounting/businesses/:param/summary,FALSE,TRUE,TRUE,AccountingController,,,OK
apps/web/src/lib/client.ts,/accounting/businesses/:param/invoices/unsynced,/accounting/businesses/:param/invoices/unsynced,FALSE,TRUE,TRUE,AccountingController,,,OK
apps/web/src/lib/client.ts,/accounting/businesses/:param/invoices/push,/accounting/businesses/:param/invoices/push,FALSE,TRUE,TRUE,AccountingController,,,OK
apps/web/src/lib/client.ts,/accounting/businesses/:param/customers/push,/accounting/businesses/:param/customers/push,FALSE,TRUE,TRUE,AccountingController,,,OK
apps/web/src/lib/client.ts,/accounting/businesses/:param/chart-of-accounts,/accounting/businesses/:param/chart-of-accounts,FALSE,TRUE,TRUE,AccountingController,,,OK
apps/web/src/lib/client.ts,/marketing/businesses/:param/lists,/marketing/businesses/:param/lists,FALSE,TRUE,TRUE,MarketingSyncController,,,OK
apps/web/src/lib/client.ts,/marketing/businesses/:param/lists/push-contacts,/marketing/businesses/:param/lists/push-contacts,FALSE,TRUE,TRUE,MarketingSyncController,,,OK
apps/web/src/lib/client.ts,/marketing/businesses/:param/lists/campaigns/:param,/marketing/businesses/:param/lists/campaigns/:param,FALSE,TRUE,TRUE,MarketingSyncController,,,OK
apps/web/src/lib/client.ts,/marketing/businesses/:param/lists/campaigns/:param/:param/trigger,/marketing/businesses/:param/lists/campaigns/:param/:param/trigger,FALSE,TRUE,TRUE,MarketingSyncController,,,OK
apps/web/src/lib/client.ts,/payments/businesses/:param/gateways,/payments/businesses/:param/gateways,FALSE,TRUE,TRUE,PaymentsOpsController,,,OK
apps/web/src/lib/client.ts,/payments/businesses/:param/transactions,/payments/businesses/:param/transactions,FALSE,TRUE,TRUE,PaymentsOpsController,,,OK
apps/web/src/lib/client.ts,/payments/businesses/:param/links,/payments/businesses/:param/links,FALSE,TRUE,TRUE,PaymentsOpsController,,,OK
apps/web/src/lib/client.ts,/payments/businesses/:param/links/:param/:param,/payments/businesses/:param/links/:param/:param,FALSE,TRUE,TRUE,PaymentsOpsController,,,OK
apps/web/src/lib/client.ts,/payments/businesses/:param/refunds,/payments/businesses/:param/refunds,FALSE,TRUE,TRUE,PaymentsOpsController,,,OK
apps/web/src/lib/client.ts,/payments/businesses/:param/transactions/:param/link,/payments/businesses/:param/transactions/:param/link,FALSE,TRUE,TRUE,PaymentsOpsController,,,OK
apps/web/src/lib/client.ts,/crm/businesses/:param/contacts/:param/conversations,/crm/businesses/:param/contacts/:param/conversations,FALSE,TRUE,TRUE,CrmController,,,OK
apps/web/src/lib/client.ts,/crm/businesses/:param/contacts/:param/conversations/read,/crm/businesses/:param/contacts/:param/conversations/read,FALSE,TRUE,TRUE,CrmController,,,OK
apps/web/src/lib/client.ts,/crm/businesses/:param/data-quality/stats,/crm/businesses/:param/data-quality/stats,FALSE,TRUE,TRUE,CrmController,,,OK
apps/web/src/lib/client.ts,/crm/businesses/:param/data-quality/issues,/crm/businesses/:param/data-quality/issues,FALSE,TRUE,TRUE,CrmController,,,OK
apps/web/src/lib/client.ts,/crm/businesses/:param/data-quality/wizard,/crm/businesses/:param/data-quality/wizard,FALSE,TRUE,TRUE,CrmController,,,OK
apps/web/src/lib/client.ts,/crm/businesses/:param/contacts/:param/data-quality,/crm/businesses/:param/contacts/:param/data-quality,FALSE,TRUE,TRUE,CrmController,,,OK
apps/web/src/lib/client.ts,/crm/businesses/:param/data-quality/scan,/crm/businesses/:param/data-quality/scan,FALSE,TRUE,TRUE,CrmController,,,OK
apps/web/src/lib/client.ts,/crm/businesses/:param/contacts/unread-counts,/crm/businesses/:param/contacts/unread-counts,FALSE,TRUE,TRUE,CrmController,,,OK
apps/web/src/lib/client.ts,/crm/businesses/:param/contacts/:param/conversations/reply,/crm/businesses/:param/contacts/:param/conversations/reply,FALSE,TRUE,TRUE,CrmController,,,OK
apps/web/src/lib/client.ts,/crm/businesses/:param/contacts/:param/conversations/summary,/crm/businesses/:param/contacts/:param/conversations/summary,FALSE,TRUE,TRUE,CrmController,,,OK
apps/web/src/lib/client.ts,/crm/businesses/:param/contacts/:param/conversations/summary/regenerate,/crm/businesses/:param/contacts/:param/conversations/summary/regenerate,FALSE,TRUE,TRUE,CrmController,,,OK
apps/web/src/lib/client.ts,/crm/businesses/:param/contacts/:param/conversations/suggest-replies,/crm/businesses/:param/contacts/:param/conversations/suggest-replies,FALSE,TRUE,TRUE,CrmController,,,OK
apps/web/src/lib/client.ts,/crm/businesses/:param/contacts/:param/conversations/insights,/crm/businesses/:param/contacts/:param/conversations/insights,FALSE,TRUE,TRUE,CrmController,,,OK
apps/web/src/lib/client.ts,/crm/businesses/:param/contacts/:param/relationships,/crm/businesses/:param/contacts/:param/relationships,FALSE,TRUE,TRUE,CrmController,,,OK
apps/web/src/lib/client.ts,/crm/businesses/:param/contacts/:param/network,/crm/businesses/:param/contacts/:param/network,FALSE,TRUE,TRUE,CrmController,,,OK
apps/web/src/lib/client.ts,/crm/businesses/:param/network,/crm/businesses/:param/network,FALSE,TRUE,TRUE,CrmController,,,OK
apps/web/src/lib/client.ts,/crm/businesses/:param/relationships/:param,/crm/businesses/:param/relationships/:param,FALSE,TRUE,TRUE,CrmController,,,OK
apps/web/src/lib/client.ts,/crm/businesses/:param/contacts/:param/refer,/crm/businesses/:param/contacts/:param/refer,FALSE,TRUE,TRUE,CrmController,,,OK
apps/web/src/lib/client.ts,/crm/businesses/:param/data-quality/issues/:param/apply,/crm/businesses/:param/data-quality/issues/:param/apply,FALSE,TRUE,TRUE,CrmController,,,OK
apps/web/src/lib/client.ts,/crm/businesses/:param/data-quality/issues/:param/dismiss,/crm/businesses/:param/data-quality/issues/:param/dismiss,FALSE,TRUE,TRUE,CrmController,,,OK
apps/web/src/lib/client.ts,/crm/businesses/:param/data-quality/settings,/crm/businesses/:param/data-quality/settings,FALSE,TRUE,TRUE,CrmController,,,OK
apps/web/src/lib/client.ts,/calendar/businesses/:param/events,/calendar/businesses/:param/events,FALSE,TRUE,TRUE,CalendarController,,,OK
apps/web/src/lib/client.ts,/calendar/businesses/:param/agenda,/calendar/businesses/:param/agenda,FALSE,TRUE,TRUE,CalendarController,,,OK
apps/web/src/lib/client.ts,/calendar/businesses/:param/conflicts,/calendar/businesses/:param/conflicts,FALSE,TRUE,TRUE,CalendarController,,,OK
apps/web/src/lib/client.ts,/calendar/businesses/:param/insights,/calendar/businesses/:param/insights,FALSE,TRUE,TRUE,CalendarController,,,OK
apps/web/src/lib/client.ts,/calendar/businesses/:param/daily-plan,/calendar/businesses/:param/daily-plan,FALSE,TRUE,TRUE,CalendarController,,,OK
apps/web/src/lib/client.ts,/calendar/businesses/:param/weekly-capacity,/calendar/businesses/:param/weekly-capacity,FALSE,TRUE,TRUE,CalendarController,,,OK
apps/web/src/lib/client.ts,/calendar/businesses/:param/events/:param,/calendar/businesses/:param/events/:param,FALSE,TRUE,TRUE,CalendarController,,,OK
apps/web/src/lib/client.ts,/site/presence/businesses/:param/draft,/site/presence/businesses/:param/draft,FALSE,TRUE,TRUE,PresenceController,,,OK
apps/web/src/lib/client.ts,/site/presence/businesses/:param/diff,/site/presence/businesses/:param/diff,FALSE,TRUE,TRUE,PresenceController,,,OK
apps/web/src/lib/client.ts,/site/presence/businesses/:param/preview,/site/presence/businesses/:param/preview,FALSE,TRUE,TRUE,PresenceController,,,OK
apps/web/src/lib/client.ts,/site/presence/businesses/:param/publish,/site/presence/businesses/:param/publish,FALSE,TRUE,TRUE,PresenceController,,,OK
apps/web/src/lib/client.ts,/site/presence/businesses/:param/completeness,/site/presence/businesses/:param/completeness,FALSE,TRUE,TRUE,PresenceController,,,OK
apps/web/src/lib/client.ts,/site/presence/businesses/:param/today-stats,/site/presence/businesses/:param/today-stats,FALSE,TRUE,TRUE,PresenceController,,,OK
apps/web/src/lib/client.ts,/site/presence/businesses/:param/overview,/site/presence/businesses/:param/overview,FALSE,TRUE,TRUE,PresenceController,,,OK
apps/web/src/lib/client.ts,/site/presence/businesses/:param/action-cards/sync,/site/presence/businesses/:param/action-cards/sync,FALSE,TRUE,TRUE,PresenceController,,,OK
apps/web/src/lib/client.ts,/site/presence/businesses/:param/insights,/site/presence/businesses/:param/insights,FALSE,TRUE,TRUE,PresenceController,,,OK
apps/web/src/lib/client.ts,/site/presence/businesses/:param/insights/regenerate,/site/presence/businesses/:param/insights/regenerate,FALSE,TRUE,TRUE,PresenceController,,,OK
apps/web/src/lib/client.ts,/site/presence/businesses/:param/insights/:param/delegate,/site/presence/businesses/:param/insights/:param/delegate,FALSE,TRUE,TRUE,PresenceController,,,OK
apps/web/src/lib/client.ts,/site/presence/businesses/:param/leads,/site/presence/businesses/:param/leads,FALSE,TRUE,TRUE,PresenceController,,,OK
apps/web/src/lib/client.ts,/site/presence/businesses/:param/orders,/site/presence/businesses/:param/orders,FALSE,TRUE,TRUE,PresenceController,,,OK
apps/web/src/lib/client.ts,/site/presence/businesses/:param/bookings,/site/presence/businesses/:param/bookings,FALSE,TRUE,TRUE,PresenceController,,,OK
apps/web/src/lib/client.ts,/businesses/:param/presence/stats/overview,/businesses/:param/presence/stats/overview,FALSE,TRUE,TRUE,PublicPresenceController,,,OK
apps/web/src/lib/client.ts,/businesses/:param/reports/presence/sources,/businesses/:param/reports/presence/sources,FALSE,TRUE,TRUE,PublicPresenceController,,,OK
apps/web/src/lib/client.ts,/businesses/:param/reports/presence/pages,/businesses/:param/reports/presence/pages,FALSE,TRUE,TRUE,PublicPresenceController,,,OK
apps/web/src/lib/client.ts,/businesses/:param/reports/presence/funnel,/businesses/:param/reports/presence/funnel,FALSE,TRUE,TRUE,PublicPresenceController,,,OK
apps/web/src/lib/client.ts,/commerce/businesses/:param/revenue-actions,/commerce/businesses/:param/revenue-actions,FALSE,TRUE,TRUE,RevenueActionController,,,OK
apps/web/src/lib/client.ts,/commerce/businesses/:param/revenue-actions/overview,/commerce/businesses/:param/revenue-actions/overview,FALSE,TRUE,TRUE,RevenueActionController,,,OK
apps/web/src/lib/client.ts,/commerce/businesses/:param/revenue-actions/reconcile,/commerce/businesses/:param/revenue-actions/reconcile,FALSE,TRUE,TRUE,RevenueActionController,,,OK
apps/web/src/lib/client.ts,/commerce/businesses/:param/revenue-actions/:param/complete,/commerce/businesses/:param/revenue-actions/:param/complete,FALSE,TRUE,TRUE,RevenueActionController,,,OK
apps/web/src/lib/client.ts,/commerce/businesses/:param/revenue-actions/:param/dismiss,/commerce/businesses/:param/revenue-actions/:param/dismiss,FALSE,TRUE,TRUE,RevenueActionController,,,OK
apps/web/src/lib/client.ts,/commerce/businesses/:param/revenue-actions/:param/snooze,/commerce/businesses/:param/revenue-actions/:param/snooze,FALSE,TRUE,TRUE,RevenueActionController,,,OK
apps/web/src/lib/client.ts,/commerce/businesses/:param/revenue-intelligence/forecast,/commerce/businesses/:param/revenue-intelligence/forecast,FALSE,TRUE,TRUE,RevenueIntelligenceController,,,OK
apps/web/src/lib/client.ts,/commerce/businesses/:param/revenue-intelligence/slow-payers,/commerce/businesses/:param/revenue-intelligence/slow-payers,FALSE,TRUE,TRUE,RevenueIntelligenceController,,,OK
apps/web/src/lib/client.ts,/commerce/businesses/:param/revenue-intelligence/pricing-signals,/commerce/businesses/:param/revenue-intelligence/pricing-signals,FALSE,TRUE,TRUE,RevenueIntelligenceController,,,OK
apps/web/src/lib/client.ts,/commerce/businesses/:param/revenue-intelligence/briefing,/commerce/businesses/:param/revenue-intelligence/briefing,FALSE,TRUE,TRUE,RevenueIntelligenceController,,,OK
apps/web/src/lib/client.ts,/commerce/businesses/:param/revenue-intelligence/briefing/regenerate,/commerce/businesses/:param/revenue-intelligence/briefing/regenerate,FALSE,TRUE,TRUE,RevenueIntelligenceController,,,OK
apps/web/src/lib/client.ts,/commerce/businesses/:param/revenue-intelligence/briefing/delegate-chase,/commerce/businesses/:param/revenue-intelligence/briefing/delegate-chase,FALSE,TRUE,TRUE,RevenueIntelligenceController,,,OK
apps/web/src/lib/client.ts,/commerce/businesses/:param/revenue-reports/:param,/commerce/businesses/:param/revenue-reports/:param,FALSE,TRUE,TRUE,RevenueReportingController,,,OK
apps/web/src/lib/client.ts,/finance/businesses/:param/accountant-export/email,/finance/businesses/:param/accountant-export/email,FALSE,TRUE,TRUE,FinanceController,,,OK
apps/web/src/lib/client.ts,/finance/businesses/:param/overview,/finance/businesses/:param/overview,FALSE,TRUE,TRUE,FinanceController,,,OK
apps/web/src/lib/client.ts,/finance/businesses/:param/intelligence/actions,/finance/businesses/:param/intelligence/actions,FALSE,TRUE,TRUE,FinanceController,,,OK
apps/web/src/lib/client.ts,/finance/businesses/:param/intelligence/scan,/finance/businesses/:param/intelligence/scan,FALSE,TRUE,TRUE,FinanceController,,,OK
apps/web/src/lib/client.ts,/finance/businesses/:param/intelligence/actions/:param/resolve,/finance/businesses/:param/intelligence/actions/:param/resolve,FALSE,TRUE,TRUE,FinanceController,,,OK
apps/web/src/lib/client.ts,/finance/businesses/:param/intelligence/actions/:param/dismiss,/finance/businesses/:param/intelligence/actions/:param/dismiss,FALSE,TRUE,TRUE,FinanceController,,,OK
apps/web/src/lib/client.ts,/finance/businesses/:param/intelligence/insight,/finance/businesses/:param/intelligence/insight,FALSE,TRUE,TRUE,FinanceController,,,OK
apps/web/src/lib/client.ts,/finance/businesses/:param/accounts,/finance/businesses/:param/accounts,FALSE,TRUE,TRUE,FinanceController,,,OK
apps/web/src/lib/client.ts,/finance/businesses/:param/accounts/:param,/finance/businesses/:param/accounts/:param,FALSE,TRUE,TRUE,FinanceController,,,OK
apps/web/src/lib/client.ts,/finance/businesses/:param/chart-of-accounts,/finance/businesses/:param/chart-of-accounts,FALSE,TRUE,TRUE,FinanceController,,,OK
apps/web/src/lib/client.ts,/finance/businesses/:param/chart-of-accounts/:param,/finance/businesses/:param/chart-of-accounts/:param,FALSE,TRUE,TRUE,FinanceController,,,OK
apps/web/src/lib/client.ts,/finance/businesses/:param/journal-entries,/finance/businesses/:param/journal-entries,FALSE,TRUE,TRUE,FinanceController,,,OK
apps/web/src/lib/client.ts,/finance/businesses/:param/tax-rates,/finance/businesses/:param/tax-rates,FALSE,TRUE,TRUE,FinanceController,,,OK
apps/web/src/lib/client.ts,/finance/businesses/:param/tax-rates/:param,/finance/businesses/:param/tax-rates/:param,FALSE,TRUE,TRUE,FinanceController,,,OK
apps/web/src/lib/client.ts,/finance/businesses/:param/settings,/finance/businesses/:param/settings,FALSE,TRUE,TRUE,FinanceController,,,OK
apps/web/src/lib/client.ts,/finance/businesses/:param/tax-liabilities,/finance/businesses/:param/tax-liabilities,FALSE,TRUE,TRUE,FinanceController,,,OK
apps/web/src/lib/client.ts,/finance/businesses/:param/tax-liabilities/:param,/finance/businesses/:param/tax-liabilities/:param,FALSE,TRUE,TRUE,FinanceController,,,OK
apps/web/src/lib/client.ts,/finance/businesses/:param/tax-liabilities/:param/contributing-invoices,/finance/businesses/:param/tax-liabilities/:param/contributing-invoices,FALSE,TRUE,TRUE,FinanceController,,,OK
apps/web/src/lib/client.ts,/finance/businesses/:param/tax-liabilities/:param/file,/finance/businesses/:param/tax-liabilities/:param/file,FALSE,TRUE,TRUE,FinanceController,,,OK
apps/web/src/lib/client.ts,/finance/businesses/:param/tax-liabilities/:param/pay,/finance/businesses/:param/tax-liabilities/:param/pay,FALSE,TRUE,TRUE,FinanceController,,,OK
apps/web/src/lib/client.ts,/finance/businesses/:param/accounts/:param/statement-sources,/finance/businesses/:param/accounts/:param/statement-sources,FALSE,TRUE,TRUE,FinanceController,,,OK
apps/web/src/lib/client.ts,/finance/businesses/:param/accounts/:param/statement-sources/:param/sweep,/finance/businesses/:param/accounts/:param/statement-sources/:param/sweep,FALSE,TRUE,TRUE,FinanceController,,,OK
apps/web/src/lib/client.ts,/finance/businesses/:param/accounts/:param/bank-transactions,/finance/businesses/:param/accounts/:param/bank-transactions,FALSE,TRUE,TRUE,FinanceController,,,OK
apps/web/src/lib/client.ts,/finance/businesses/:param/accounts/:param/bank-transactions/auto-match,/finance/businesses/:param/accounts/:param/bank-transactions/auto-match,FALSE,TRUE,TRUE,FinanceController,,,OK
apps/web/src/lib/client.ts,/finance/businesses/:param/bank-transactions/:param/match,/finance/businesses/:param/bank-transactions/:param/match,FALSE,TRUE,TRUE,FinanceController,,,OK
apps/web/src/lib/client.ts,/finance/businesses/:param/bank-transactions/:param/unmatch,/finance/businesses/:param/bank-transactions/:param/unmatch,FALSE,TRUE,TRUE,FinanceController,,,OK
apps/web/src/lib/client.ts,/finance/businesses/:param/bank-transactions/:param/ignore,/finance/businesses/:param/bank-transactions/:param/ignore,FALSE,TRUE,TRUE,FinanceController,,,OK
apps/web/src/lib/client.ts,/finance/businesses/:param/reconciliations,/finance/businesses/:param/reconciliations,FALSE,TRUE,TRUE,FinanceController,,,OK
apps/web/src/lib/client.ts,/finance/businesses/:param/reconciliations/:param/complete,/finance/businesses/:param/reconciliations/:param/complete,FALSE,TRUE,TRUE,FinanceController,,,OK
apps/web/src/lib/client.ts,/ai/businesses/:param/briefing/morning,/ai/businesses/:param/briefing/morning,FALSE,TRUE,TRUE,AiController,,,OK
apps/web/src/lib/client.ts,/ai/businesses/:param/briefing/eod,/ai/businesses/:param/briefing/eod,FALSE,TRUE,TRUE,AiController,,,OK
apps/web/src/lib/client.ts,/ai/businesses/:param/autopilot-rules,/ai/businesses/:param/autopilot-rules,FALSE,TRUE,TRUE,AiController,,,OK
apps/web/src/lib/client.ts,/ai/businesses/:param/autopilot-rules/:param,/ai/businesses/:param/autopilot-rules/:param,FALSE,TRUE,TRUE,AiController,,,OK
apps/web/src/lib/client.ts,/procurement/businesses/:param,/procurement/businesses/:param,FALSE,TRUE,TRUE,ProcurementController,,,OK
apps/web/src/lib/client.ts,/procurement/businesses/:param/:param,/procurement/businesses/:param/:param,FALSE,TRUE,TRUE,ProcurementController,,,OK
apps/web/src/lib/client.ts,/procurement/businesses/:param/:param/submit,/procurement/businesses/:param/:param/submit,FALSE,TRUE,TRUE,ProcurementController,,,OK
apps/web/src/lib/client.ts,/commerce/businesses/:param/document-templates,/commerce/businesses/:param/document-templates,FALSE,TRUE,TRUE,CommerceController,,,OK
apps/web/src/lib/client.ts,/drive/businesses/:param/generated-documents,/drive/businesses/:param/generated-documents,FALSE,TRUE,TRUE,GoogleDriveController,,,OK
apps/web/src/lib/client.ts,/procurement/businesses/:param/:param/approve,/procurement/businesses/:param/:param/approve,FALSE,TRUE,TRUE,ProcurementController,,,OK
apps/web/src/lib/client.ts,/procurement/businesses/:param/:param/reject,/procurement/businesses/:param/:param/reject,FALSE,TRUE,TRUE,ProcurementController,,,OK
apps/web/src/lib/client.ts,/procurement/businesses/:param/:param/vendor,/procurement/businesses/:param/:param/vendor,FALSE,TRUE,TRUE,ProcurementController,,,OK
apps/web/src/lib/client.ts,/procurement/businesses/:param/:param/issue-po,/procurement/businesses/:param/:param/issue-po,FALSE,TRUE,TRUE,ProcurementController,,,OK
apps/web/src/lib/client.ts,/procurement/businesses/:param/:param/acknowledge,/procurement/businesses/:param/:param/acknowledge,FALSE,TRUE,TRUE,ProcurementController,,,OK
apps/web/src/lib/client.ts,/procurement/businesses/:param/:param/fulfill,/procurement/businesses/:param/:param/fulfill,FALSE,TRUE,TRUE,ProcurementController,,,OK
apps/web/src/lib/client.ts,/procurement/businesses/:param/:param/invoice,/procurement/businesses/:param/:param/invoice,FALSE,TRUE,TRUE,ProcurementController,,,OK
apps/web/src/lib/client.ts,/businesses/:param/content-requests,/businesses/:param/content-requests,FALSE,TRUE,TRUE,ContentOpsController,,,OK
apps/web/src/lib/client.ts,/businesses/:param/content-requests/pipeline,/businesses/:param/content-requests/pipeline,FALSE,TRUE,TRUE,ContentOpsController,,,OK
apps/web/src/lib/client.ts,/businesses/:param/content-requests/:param,/businesses/:param/content-requests/:param,FALSE,TRUE,TRUE,ContentOpsController,,,OK
apps/web/src/lib/client.ts,/businesses/:param/content-requests/:param/submit,/businesses/:param/content-requests/:param/submit,FALSE,TRUE,TRUE,ContentOpsController,,,OK
apps/web/src/lib/client.ts,/businesses/:param/content-requests/:param/assign,/businesses/:param/content-requests/:param/assign,FALSE,TRUE,TRUE,ContentOpsController,,,OK
apps/web/src/lib/client.ts,/businesses/:param/content-requests/:param/start-production,/businesses/:param/content-requests/:param/start-production,FALSE,TRUE,TRUE,ContentOpsController,,,OK
apps/web/src/lib/client.ts,/businesses/:param/content-requests/:param/submit-for-review,/businesses/:param/content-requests/:param/submit-for-review,FALSE,TRUE,TRUE,ContentOpsController,,,OK
apps/web/src/lib/client.ts,/businesses/:param/content-requests/:param/review,/businesses/:param/content-requests/:param/review,FALSE,TRUE,TRUE,ContentOpsController,,,OK
apps/web/src/lib/client.ts,/businesses/:param/content-requests/:param/upload-deliverables,/businesses/:param/content-requests/:param/upload-deliverables,FALSE,TRUE,TRUE,ContentOpsController,,,OK
apps/web/src/lib/client.ts,/businesses/:param/content-requests/:param/deliver,/businesses/:param/content-requests/:param/deliver,FALSE,TRUE,TRUE,ContentOpsController,,,OK
apps/web/src/lib/client.ts,/businesses/:param/content-requests/:param/generate-invoice,/businesses/:param/content-requests/:param/generate-invoice,FALSE,TRUE,TRUE,ContentOpsController,,,OK
apps/web/src/lib/client.ts,/businesses/:param/content-requests/:param/drive-folder,/businesses/:param/content-requests/:param/drive-folder,FALSE,TRUE,TRUE,ContentOpsController,,,OK
apps/web/src/lib/client.ts,/businesses/:param/content-requests/:param/drive-doc,/businesses/:param/content-requests/:param/drive-doc,FALSE,TRUE,TRUE,ContentOpsController,,,OK
apps/web/src/lib/client.ts,/businesses/:param/content-requests/:param/delivery-status,/businesses/:param/content-requests/:param/delivery-status,FALSE,TRUE,TRUE,ContentOpsController,,,OK
apps/web/src/lib/client.ts,/businesses/:param/calls,/businesses/:param/calls,FALSE,TRUE,TRUE,CallTaskController,,,OK
apps/web/src/lib/client.ts,/businesses/:param/calls/scheduled/today,/businesses/:param/calls/scheduled/today,FALSE,TRUE,TRUE,CallTaskController,,,OK
apps/web/src/lib/client.ts,/businesses/:param/calls/:param,/businesses/:param/calls/:param,FALSE,TRUE,TRUE,CallTaskController,,,OK
apps/web/src/lib/client.ts,/businesses/:param/calls/:param/complete,/businesses/:param/calls/:param/complete,FALSE,TRUE,TRUE,CallTaskController,,,OK
apps/web/src/lib/client.ts,/businesses/:param/calls/:param/generate-script,/businesses/:param/calls/:param/generate-script,FALSE,TRUE,TRUE,CallTaskController,,,OK
apps/web/src/lib/client.ts,/businesses/:param/calls/:param/follow-up,/businesses/:param/calls/:param/follow-up,FALSE,TRUE,TRUE,CallTaskController,,,OK
apps/web/src/lib/client.ts,/ai/businesses/:param/ai/workload,/ai/businesses/:param/ai/workload,FALSE,TRUE,TRUE,AiController,,,OK
apps/web/src/lib/client.ts,/ai/businesses/:param/ai/priorities,/ai/businesses/:param/ai/priorities,FALSE,TRUE,TRUE,AiController,,,OK
apps/web/src/lib/client.ts,/ai/businesses/:param/ai/capacity-alerts,/ai/businesses/:param/ai/capacity-alerts,FALSE,TRUE,TRUE,AiController,,,OK
apps/web/src/lib/client.ts,/ai/businesses/:param/ai/rebalance,/ai/businesses/:param/ai/rebalance,FALSE,TRUE,TRUE,AiController,,,OK
apps/web/src/lib/client.ts,/ai/businesses/:param/ai/settings/workload-config,/ai/businesses/:param/ai/settings/workload-config,FALSE,TRUE,TRUE,AiSettingsController,,,OK
apps/web/src/lib/client.ts,/ai/businesses/:param/ai/settings/workload-config/:param,/ai/businesses/:param/ai/settings/workload-config/:param,FALSE,TRUE,TRUE,AiSettingsController,,,OK
apps/web/src/lib/client.ts,/ai/businesses/:param/ai/settings/staff-workload-config/:param,/ai/businesses/:param/ai/settings/staff-workload-config/:param,FALSE,TRUE,TRUE,AiSettingsController,,,OK
apps/web/src/lib/client.ts,/api/v1/cortex/autonomy-profile,/api/v1/cortex/autonomy-profile,FALSE,TRUE,TRUE,KeyCortexController,,,OK
apps/web/src/lib/client.ts,/ai/businesses/:param/ai/settings/skills,/ai/businesses/:param/ai/settings/skills,FALSE,TRUE,TRUE,AiSettingsController,,,OK
apps/web/src/lib/client.ts,/ai/businesses/:param/ai/settings/skills/:param,/ai/businesses/:param/ai/settings/skills/:param,FALSE,TRUE,TRUE,AiSettingsController,,,OK
apps/web/src/lib/client.ts,/ai/businesses/:param/ai/settings/memberships/:param/skills/:param,/ai/businesses/:param/ai/settings/memberships/:param/skills/:param,FALSE,TRUE,TRUE,AiSettingsController,,,OK
apps/web/src/lib/client.ts,/ai/businesses/:param/ai/settings/staff/:param/skills/:param,/ai/businesses/:param/ai/settings/staff/:param/skills/:param,FALSE,TRUE,TRUE,AiSettingsController,,,OK
apps/web/src/lib/client.ts,/ai/businesses/:param/ai/settings/authority-grants,/ai/businesses/:param/ai/settings/authority-grants,FALSE,TRUE,TRUE,AiSettingsController,,,OK
apps/web/src/lib/client.ts,/ai/businesses/:param/ai/settings/authority-grants/:param,/ai/businesses/:param/ai/settings/authority-grants/:param,FALSE,TRUE,TRUE,AiSettingsController,,,OK
apps/web/src/lib/client.ts,/ai/businesses/:param/ai/settings/team-capacity,/ai/businesses/:param/ai/settings/team-capacity,FALSE,TRUE,TRUE,AiSettingsController,,,OK
apps/web/src/lib/client.ts,/ai/intelligence/cross-business,/ai/intelligence/cross-business,FALSE,TRUE,TRUE,AiIntelligenceController,,,OK
apps/web/src/lib/client.ts,/api/flows/businesses/:param/flows,/api/flows/businesses/:param/flows,FALSE,TRUE,TRUE,FlowController,,,OK
apps/web/src/lib/client.ts,/api/flows/businesses/system/templates,/api/flows/businesses/system/templates,FALSE,FALSE,,,,,NO_SERVER_ROUTE
apps/web/src/lib/client.ts,/api/flows/businesses/:param/templates/:param/clone,/api/flows/businesses/:param/templates/:param/clone,FALSE,TRUE,TRUE,FlowController,,,OK
apps/web/src/lib/client.ts,/api/flows/businesses/:param/flows/:param/publish,/api/flows/businesses/:param/flows/:param/publish,FALSE,TRUE,TRUE,FlowController,,,OK
apps/web/src/lib/client.ts,/api/flows/businesses/:param/flows/:param,/api/flows/businesses/:param/flows/:param,FALSE,TRUE,TRUE,FlowController,,,OK
apps/web/src/lib/client.ts,/api/flows/businesses/:param/flows/:param/runs,/api/flows/businesses/:param/flows/:param/runs,FALSE,TRUE,TRUE,FlowController,,,OK
apps/web/src/lib/client.ts,/api/businesses/:param/analytics/overview,/api/businesses/:param/analytics/overview,FALSE,TRUE,TRUE,AnalyticsController,,,OK
apps/web/src/lib/client.ts,/api/businesses/:param/analytics/snapshots,/api/businesses/:param/analytics/snapshots,FALSE,TRUE,TRUE,AnalyticsController,,,OK
apps/web/src/lib/client.ts,/api/businesses/:param/analytics/trends,/api/businesses/:param/analytics/trends,FALSE,TRUE,TRUE,AnalyticsController,,,OK
apps/web/src/lib/client.ts,/api/businesses/:param/analytics/metrics,/api/businesses/:param/analytics/metrics,FALSE,TRUE,TRUE,AnalyticsController,,,OK
apps/web/src/lib/client.ts,/api/businesses/:param/analytics/projections,/api/businesses/:param/analytics/projections,FALSE,TRUE,TRUE,AnalyticsController,,,OK
apps/web/src/lib/client.ts,/api/businesses/:param/analytics/insights/generate,/api/businesses/:param/analytics/insights/generate,FALSE,TRUE,TRUE,AnalyticsController,,,OK
apps/web/src/lib/client.ts,/api/businesses/:param/analytics/insights,/api/businesses/:param/analytics/insights,FALSE,TRUE,TRUE,AnalyticsController,,,OK
apps/web/src/lib/client.ts,/api/businesses/:param/analytics/maturity/latest,/api/businesses/:param/analytics/maturity/latest,FALSE,TRUE,TRUE,AnalyticsController,,,OK
apps/web/src/lib/client.ts,/api/businesses/:param/analytics/maturity/history,/api/businesses/:param/analytics/maturity/history,FALSE,TRUE,TRUE,AnalyticsController,,,OK
apps/web/src/lib/client.ts,/api/businesses/:param/trash,/api/businesses/:param/trash,FALSE,TRUE,TRUE,TrashController,,,OK
apps/web/src/lib/client.ts,/api/businesses/:param/trash/:param/:param/restore,/api/businesses/:param/trash/:param/:param/restore,FALSE,TRUE,TRUE,TrashController,,,OK
apps/web/src/lib/client.ts,/api/businesses/:param/trash/:param/:param,/api/businesses/:param/trash/:param/:param,FALSE,TRUE,TRUE,TrashController,,,OK
apps/web/src/lib/client.ts,/identity/login,/identity/login,FALSE,TRUE,TRUE,IdentityController,,,OK
apps/web/src/lib/client.ts,/commerce/businesses/:param/store/backfill-links,/commerce/businesses/:param/store/backfill-links,FALSE,TRUE,TRUE,CommerceController,,,OK
apps/web/src/lib/client.ts,/site/businesses/:param/analytics/event,/site/businesses/:param/analytics/event,FALSE,TRUE,TRUE,SiteController,,,OK
apps/web/src/lib/client.ts,/public-events/businesses/:param/track,/public-events/businesses/:param/track,FALSE,TRUE,TRUE,PublicEventsController,,,OK
apps/web/src/lib/client.ts,/site/storefront/public/:param/intake,/site/storefront/public/:param/intake,FALSE,TRUE,TRUE,SiteController,,,OK
apps/web/src/lib/plans.ts,/ai/businesses/:param/ai/plans/:param,/ai/businesses/:param/ai/plans/:param,FALSE,TRUE,TRUE,AiController,,,OK
apps/web/src/lib/plans.ts,/ai/businesses/:param/ai/plans,/ai/businesses/:param/ai/plans,FALSE,TRUE,TRUE,AiController,,,OK
apps/web/src/lib/plans.ts,/ai/businesses/:param/ai/plans/:param/approve,/ai/businesses/:param/ai/plans/:param/approve,FALSE,TRUE,TRUE,AiController,,,OK
apps/web/src/lib/plans.ts,/ai/businesses/:param/ai/plans/:param/steps/:param/undo,/ai/businesses/:param/ai/plans/:param/steps/:param/undo,FALSE,TRUE,TRUE,AiController,,,OK
apps/web/src/lib/portal.ts,/portal/businesses/:param/access,/portal/businesses/:param/access,FALSE,TRUE,TRUE,PortalController,,,OK
apps/web/src/lib/portal.ts,/portal/businesses/:param/access/:param,/portal/businesses/:param/access/:param,FALSE,TRUE,TRUE,PortalController,,,OK
apps/web/src/lib/project-plans-api.ts,/projects/businesses/:param/plans,/projects/businesses/:param/plans,FALSE,TRUE,TRUE,ProjectsController,,,OK
apps/web/src/lib/project-plans-api.ts,/projects/businesses/:param/plans/:param,/projects/businesses/:param/plans/:param,FALSE,TRUE,TRUE,ProjectsController,,,OK
apps/web/src/lib/project-plans-api.ts,/projects/businesses/:param/plans/:param/approve,/projects/businesses/:param/plans/:param/approve,FALSE,TRUE,TRUE,ProjectsController,,,OK
apps/web/src/lib/project-plans-api.ts,/projects/businesses/:param/plans/:param/reject,/projects/businesses/:param/plans/:param/reject,FALSE,TRUE,TRUE,ProjectsController,,,OK
apps/web/src/lib/project-plans-api.ts,/projects/businesses/:param/plans/:param/events/reorder,/projects/businesses/:param/plans/:param/events/reorder,FALSE,TRUE,TRUE,ProjectsController,,,OK
apps/web/src/lib/project-plans-api.ts,/projects/businesses/:param/plans/:param/events/:param/execute,/projects/businesses/:param/plans/:param/events/:param/execute,FALSE,TRUE,TRUE,ProjectsController,,,OK
apps/web/src/lib/project-plans-api.ts,/projects/businesses/:param/plans/:param/events/:param/complete,/projects/businesses/:param/plans/:param/events/:param/complete,FALSE,TRUE,TRUE,ProjectsController,,,OK
apps/web/src/lib/retainers.ts,/retainers/businesses/:param,/retainers/businesses/:param,FALSE,TRUE,TRUE,RetainerController,,,OK
apps/web/src/lib/retainers.ts,/retainers/businesses/:param/summary,/retainers/businesses/:param/summary,FALSE,TRUE,TRUE,RetainerController,,,OK
apps/web/src/lib/retainers.ts,/retainers/businesses/:param/:param,/retainers/businesses/:param/:param,FALSE,TRUE,TRUE,RetainerController,,,OK
apps/web/src/lib/suggestions.ts,/ai/businesses/:param/ai/suggestions,/ai/businesses/:param/ai/suggestions,FALSE,TRUE,TRUE,AiController,,,OK
apps/web/src/lib/suggestions.ts,/ai/businesses/:param/ai/suggestions/refresh,/ai/businesses/:param/ai/suggestions/refresh,FALSE,TRUE,TRUE,AiController,,,OK
apps/web/src/lib/suggestions.ts,/ai/businesses/:param/ai/suggestions/:param/dismiss,/ai/businesses/:param/ai/suggestions/:param/dismiss,FALSE,TRUE,TRUE,AiController,,,OK
apps/web/src/lib/suggestions.ts,/ai/businesses/:param/ai/suggestions/:param/block,/ai/businesses/:param/ai/suggestions/:param/block,FALSE,TRUE,TRUE,AiController,,,OK
apps/web/src/lib/time-tracking.ts,/time-entries/businesses/:param/start,/time-entries/businesses/:param/start,FALSE,TRUE,TRUE,TimeEntryController,,,OK
apps/web/src/lib/time-tracking.ts,/time-entries/businesses/:param/stop/:param,/time-entries/businesses/:param/stop/:param,FALSE,TRUE,TRUE,TimeEntryController,,,OK
apps/web/src/lib/time-tracking.ts,/time-entries/businesses/:param/running,/time-entries/businesses/:param/running,FALSE,TRUE,TRUE,TimeEntryController,,,OK
apps/web/src/lib/time-tracking.ts,/time-entries/businesses/:param,/time-entries/businesses/:param,FALSE,TRUE,TRUE,TimeEntryController,,,OK
apps/web/src/lib/time-tracking.ts,/time-entries/businesses/:param/summary,/time-entries/businesses/:param/summary,FALSE,TRUE,TRUE,TimeEntryController,,,OK
apps/web/src/lib/time-tracking.ts,/time-entries/businesses/:param/:param,/time-entries/businesses/:param/:param,FALSE,TRUE,TRUE,TimeEntryController,,,OK
apps/web/src/lib/time-tracking.ts,/time-entries/businesses/:param/bill,/time-entries/businesses/:param/bill,FALSE,TRUE,TRUE,TimeEntryController,,,OK
apps/web/src/lib/username-availability.ts,/identity/check-username,/identity/check-username,FALSE,TRUE,TRUE,IdentityController,,,OK
apps/web/src/lib/workflows.ts,/ai/businesses/:param/ai/workflows,/ai/businesses/:param/ai/workflows,FALSE,TRUE,TRUE,AiController,,,OK
apps/web/src/lib/workflows.ts,/ai/businesses/:param/ai/workflows/:param/instantiate,/ai/businesses/:param/ai/workflows/:param/instantiate,FALSE,TRUE,TRUE,AiController,,,OK
apps/web/src/lib/workspace.ts,/auth/v1/token,/auth/v1/token,TRUE,FALSE,,,,,EXTERNAL
